race_id,meeting_id,meeting_date,racecourse,race_no,season_race_no,race_class,class_line,distance_m,rating_band,going,course,race_name,prize_hkd,sectionals,source_url,abandoned
2024-01-01_ST_01,2024-01-01_ST,2024-01-01,ST,1,297,Class 4,Class 4 - 1200M - (60-40),1200,60-40,GOOD,"TURF - ""A"" Course",FLAME TREE HANDICAP,1170000,23.45 | 22.50 11.07 11.43 | 23.85 11.45 12.40,https://racing.hkjc.com/en-us/local/information/archive/localresults?racedate=2024/01/01&racecourse=ST&RaceNo=1,false
2024-01-01_ST_02,2024-01-01_ST,2024-01-01,ST,2,298,Class 4,Class 4 - 1200M - (60-40),1200,60-40,GOOD,"TURF - ""A"" Course",FLAME TREE HANDICAP,1170000,23.90 | 22.63 11.21 11.42 | 23.22 11.42 11.80,https://racing.hkjc.com/en-us/local/information/archive/localresults?racedate=2024/01/01&racecourse=ST&RaceNo=2,false
2024-01-01_ST_03,2024-01-01_ST,2024-01-01,ST,3,299,Class 3,Class 3 - 1800M - (80-60),1800,80-60,GOOD,"TURF - ""A"" Course",COTTON TREE HANDICAP,2050000,13.86 | 22.92 | 24.18 | 23.71 11.92 11.79 | 23.88 11.81 12.07,https://racing.hkjc.com/en-us/local/information/archive/localresults?racedate=2024/01/01&racecourse=ST&RaceNo=3,false
2024-01-01_ST_04,2024-01-01_ST,2024-01-01,ST,4,300,Class 5,Class 5 - 1400M - (40-0),1400,40-0,GOOD,"TURF - ""A"" Course",WILLOW HANDICAP,875000,13.43 | 22.16 | 23.65 11.83 11.82 | 24.20 11.85 12.35,https://racing.hkjc.com/en-us/local/information/archive/localresults?racedate=2024/01/01&racecourse=ST&RaceNo=4,false
2024-01-01_ST_05,2024-01-01_ST,2024-01-01,ST,5,301,Class 4,Class 4 - 1400M - (60-40),1400,60-40,GOOD,"TURF - ""A"" Course",POPLAR HANDICAP,1170000,13.61 | 23.61 | 23.43 11.88 11.55 | 23.10 11.21 11.89,https://racing.hkjc.com/en-us/local/information/archive/localresults?racedate=2024/01/01&racecourse=ST&RaceNo=5,false
2024-01-01_ST_06,2024-01-01_ST,2024-01-01,ST,6,302,Class 4,Class 4 - 1400M - (60-40),1400,60-40,GOOD,"TURF - ""A"" Course",POPLAR HANDICAP,1170000,13.60 | 21.32 | 23.35 11.50 11.85 | 24.13 11.83 12.30,https://racing.hkjc.com/en-us/local/information/archive/localresults?racedate=2024/01/01&racecourse=ST&RaceNo=6,false
2024-01-01_ST_07,2024-01-01_ST,2024-01-01,ST,7,303,Group Three,Group Three - 1400M,1400,,GOOD,"TURF - ""A"" Course",THE CHINESE CLUB CHALLENGE CUP (HANDICAP),4200000,13.83 | 22.29 | 22.95 11.57 11.38 | 22.91 11.21 11.70,https://racing.hkjc.com/en-us/local/information/archive/localresults?racedate=2024/01/01&racecourse=ST&RaceNo=7,false
2024-01-01_ST_08,2024-01-01_ST,2024-01-01,ST,8,304,Class 3,Class 3 - 1400M - (80-60),1400,80-60,GOOD,"TURF - ""A"" Course",CHINESE BANYAN HANDICAP,1860000,13.31 | 21.72 | 24.30 11.96 12.34 | 23.21 11.46 11.75,https://racing.hkjc.com/en-us/local/information/archive/localresults?racedate=2024/01/01&racecourse=ST&RaceNo=8,false
2024-01-01_ST_09,2024-01-01_ST,2024-01-01,ST,9,305,Class 3,Class 3 - 1200M - (80-60),1200,80-60,GOOD,"TURF - ""A"" Course",CHERRY HANDICAP,1860000,23.89 | 22.55 11.30 11.25 | 22.68 11.15 11.53,https://racing.hkjc.com/en-us/local/information/archive/localresults?racedate=2024/01/01&racecourse=ST&RaceNo=9,false
2024-01-01_ST_10,2024-01-01_ST,2024-01-01,ST,10,306,Class 3,Class 3 - 1400M - (80-60),1400,80-60,GOOD,"TURF - ""A"" Course",CHINESE BANYAN HANDICAP,1860000,13.32 | 22.67 | 23.65 12.00 11.65 | 23.36 11.14 12.22,https://racing.hkjc.com/en-us/local/information/archive/localresults?racedate=2024/01/01&racecourse=ST&RaceNo=10,false
2024-01-04_HV_01,2024-01-04_HV,2024-01-04,HV,1,307,Class 4,Class 4 - 1200M - (60-35),1200,60-35,GOOD,"TURF - ""A"" Course",LARK HANDICAP,1170000,23.30 | 22.84 11.06 11.78 | 23.73 12.10 11.63,https://racing.hkjc.com/en-us/local/information/archive/localresults?racedate=2024/01/04&racecourse=HV&RaceNo=1,false
2024-01-04_HV_02,2024-01-04_HV,2024-01-04,HV,2,308,Class 4,Class 4 - 1200M - (60-35),1200,60-35,GOOD,"TURF - ""A"" Course",LARK HANDICAP,1170000,23.91 | 22.76 11.14 11.62 | 23.49 11.78 11.71,https://racing.hkjc.com/en-us/local/information/archive/localresults?racedate=2024/01/04&racecourse=HV&RaceNo=2,false
2024-01-04_HV_03,2024-01-04_HV,2024-01-04,HV,3,309,Class 5,Class 5 - 1650M - (40-0),1650,40-0,GOOD,"TURF - ""A"" Course",MESIA HANDICAP,875000,28.17 | 23.79 | 24.70 12.18 12.52 | 24.88 12.59 12.29,https://racing.hkjc.com/en-us/local/information/archive/localresults?racedate=2024/01/04&racecourse=HV&RaceNo=3,false
2024-01-04_HV_04,2024-01-04_HV,2024-01-04,HV,4,310,Class 4,Class 4 - 1650M - (60-40),1650,60-40,GOOD,"TURF - ""A"" Course",THE HONG KONG GOLF CLUB CENTENARY CUP (HANDICAP),1170000,28.73 | 23.39 | 24.83 12.32 12.51 | 24.55 12.42 12.13,https://racing.hkjc.com/en-us/local/information/archive/localresults?racedate=2024/01/04&racecourse=HV&RaceNo=4,false
2024-01-04_HV_05,2024-01-04_HV,2024-01-04,HV,5,311,Class 4,Class 4 - 1000M - (60-40),1000,60-40,GOOD,"TURF - ""A"" Course",ROBIN HANDICAP,1170000,12.73 | 21.46 10.44 11.02 | 23.02 11.47 11.55,https://racing.hkjc.com/en-us/local/information/archive/localresults?racedate=2024/01/04&racecourse=HV&RaceNo=5,false
2024-01-04_HV_06,2024-01-04_HV,2024-01-04,HV,6,312,Class 3,Class 3 - 1650M - (80-60),1650,80-60,GOOD,"TURF - ""A"" Course",NIGHTJAR HANDICAP,2050000,27.66 | 24.30 | 24.54 12.16 12.38 | 23.86 12.00 11.86,https://racing.hkjc.com/en-us/local/information/archive/localresults?racedate=2024/01/04&racecourse=HV&RaceNo=6,false
2024-01-04_HV_07,2024-01-04_HV,2024-01-04,HV,7,313,Class 3,Class 3 - 1200M - (80-60),1200,80-60,GOOD,"TURF - ""A"" Course",SEA EAGLE HANDICAP,1860000,23.56 | 22.30 10.95 11.35 | 23.94 11.83 12.11,https://racing.hkjc.com/en-us/local/information/archive/localresults?racedate=2024/01/04&racecourse=HV&RaceNo=7,false
2024-01-04_HV_08,2024-01-04_HV,2024-01-04,HV,8,314,Class 2,Class 2 - 1200M - (100-80),1200,100-80,GOOD,"TURF - ""A"" Course",ALBATROSS HANDICAP,2840000,23.55 | 22.54 10.78 11.76 | 23.74 11.84 11.90,https://racing.hkjc.com/en-us/local/information/archive/localresults?racedate=2024/01/04&racecourse=HV&RaceNo=8,false
2024-01-07_ST_01,2024-01-07_ST,2024-01-07,ST,1,315,Class 5,Class 5 - 1200M - (40-0),1200,40-0,GOOD,ALL WEATHER TRACK,WAN TSUI HANDICAP,875000,23.31 | 22.21 10.85 11.36 | 23.71 11.52 12.19,https://racing.hkjc.com/en-us/local/information/archive/localresults?racedate=2024/01/07&racecourse=ST&RaceNo=1,false
2024-01-07_ST_02,2024-01-07_ST,2024-01-07,ST,2,316,Class 4,Class 4 - 1200M - (60-40),1200,60-40,GOOD,"TURF - ""B+2"" Course",LEI MUK SHUE HANDICAP,1170000,23.90 | 22.21 10.98 11.23 | 23.84 11.55 12.29,https://racing.hkjc.com/en-us/local/information/archive/localresults?racedate=2024/01/07&racecourse=ST&RaceNo=2,false
2024-01-07_ST_03,2024-01-07_ST,2024-01-07,ST,3,317,Class 4,Class 4 - 1400M - (60-40),1400,60-40,GOOD,"TURF - ""B+2"" Course",SHEK YAM HANDICAP,1170000,13.81 | 22.12 | 23.14 11.62 11.52 | 22.92 11.36 11.56,https://racing.hkjc.com/en-us/local/information/archive/localresults?racedate=2024/01/07&racecourse=ST&RaceNo=3,false
2024-01-07_ST_04,2024-01-07_ST,2024-01-07,ST,4,318,Class 4,Class 4 - 1800M - (60-40),1800,60-40,GOOD,"TURF - ""B+2"" Course",TSUI LOK HANDICAP,1170000,14.16 | 22.29 | 23.88 | 23.75 11.99 11.76 | 24.05 11.84 12.21,https://racing.hkjc.com/en-us/local/information/archive/localresults?racedate=2024/01/07&racecourse=ST&RaceNo=4,false
2024-01-07_ST_05,2024-01-07_ST,2024-01-07,ST,5,319,Class 3,Class 3 - 1000M - (80-60),1000,80-60,GOOD,"TURF - ""B+2"" Course",CHOI YUEN HANDICAP,1860000,13.02 | 20.69 10.03 10.66 | 23.84 11.52 12.32,https://racing.hkjc.com/en-us/local/information/archive/localresults?racedate=2024/01/07&racecourse=ST&RaceNo=5,false
2024-01-07_ST_06,2024-01-07_ST,2024-01-07,ST,6,320,Class 4,Class 4 - 1200M - (60-40),1200,60-40,GOOD,ALL WEATHER TRACK,SHEK LEI HANDICAP,1170000,23.02 | 21.80 10.48 11.32 | 24.00 11.71 12.29,https://racing.hkjc.com/en-us/local/information/archive/localresults?racedate=2024/01/07&racecourse=ST&RaceNo=6,false
2024-01-07_ST_07,2024-01-07_ST,2024-01-07,ST,7,321,Group Three,Group Three - 1000M,1000,,GOOD,"TURF - ""B+2"" Course",THE BAUHINIA SPRINT TROPHY (HANDICAP),4200000,13.15 | 20.86 10.38 10.48 | 22.85 10.97 11.88,https://racing.hkjc.com/en-us/local/information/archive/localresults?racedate=2024/01/07&racecourse=ST&RaceNo=7,false
2024-01-07_ST_08,2024-01-07_ST,2024-01-07,ST,8,322,Class 3,Class 3 - 1200M - (80-60),1200,80-60,GOOD,ALL WEATHER TRACK,KWAI SHING HANDICAP,1860000,23.31 | 21.98 10.66 11.32 | 23.26 11.24 12.02,https://racing.hkjc.com/en-us/local/information/archive/localresults?racedate=2024/01/07&racecourse=ST&RaceNo=8,false
2024-01-07_ST_09,2024-01-07_ST,2024-01-07,ST,9,323,Class 3,Class 3 - 1400M - (80-60),1400,80-60,GOOD,"TURF - ""B+2"" Course",LAI KING HANDICAP,1860000,13.59 | 21.58 | 22.82 11.34 11.48 | 23.91 11.57 12.34,https://racing.hkjc.com/en-us/local/information/archive/localresults?racedate=2024/01/07&racecourse=ST&RaceNo=9,false
2024-01-07_ST_10,2024-01-07_ST,2024-01-07,ST,10,324,Class 2,Class 2 - 1600M - (100-80),1600,100-80,GOOD,"TURF - ""B+2"" Course",BUTTERFLY HANDICAP,3120000,24.20 | 23.44 | 23.42 11.87 11.55 | 23.42 11.55 11.87,https://racing.hkjc.com/en-us/local/information/archive/localresults?racedate=2024/01/07&racecourse=ST&RaceNo=10,false
2024-01-10_HV_01,2024-01-10_HV,2024-01-10,HV,1,325,Class 5,Class 5 - 1000M - (40-0),1000,40-0,GOOD,"TURF - ""B"" Course",PATERSON HANDICAP,875000,12.84 | 21.57 10.53 11.04 | 23.60 11.71 11.89,https://racing.hkjc.com/en-us/local/information/archive/localresults?racedate=2024/01/10&racecourse=HV&RaceNo=1,false
2024-01-10_HV_02,2024-01-10_HV,2024-01-10,HV,2,326,Class 4,Class 4 - 1650M - (60-40),1650,60-40,GOOD,"TURF - ""B"" Course",KINGSTON HANDICAP,1170000,28.49 | 24.18 | 24.46 12.30 12.16 | 23.36 11.53 11.83,https://racing.hkjc.com/en-us/local/information/archive/localresults?racedate=2024/01/10&racecourse=HV&RaceNo=2,false
2024-01-10_HV_03,2024-01-10_HV,2024-01-10,HV,3,327,Class 4,Class 4 - 1650M - (60-40),1650,60-40,GOOD,"TURF - ""B"" Course",KINGSTON HANDICAP,1170000,28.50 | 23.87 | 24.22 12.07 12.15 | 24.01 12.13 11.88,https://racing.hkjc.com/en-us/local/information/archive/localresults?racedate=2024/01/10&racecourse=HV&RaceNo=3,false
2024-01-10_HV_04,2024-01-10_HV,2024-01-10,HV,4,328,Class 4,Class 4 - 1200M - (60-40),1200,60-40,GOOD,"TURF - ""B"" Course",GREAT GEORGE HANDICAP,1170000,23.80 | 22.64 11.11 11.53 | 24.20 11.77 12.43,https://racing.hkjc.com/en-us/local/information/archive/localresults?racedate=2024/01/10&racecourse=HV&RaceNo=4,false
2024-01-10_HV_05,2024-01-10_HV,2024-01-10,HV,5,329,Class 4,Class 4 - 1200M - (60-40),1200,60-40,GOOD,"TURF - ""B"" Course",GREAT GEORGE HANDICAP,1170000,23.66 | 23.25 11.40 11.85 | 23.55 11.74 11.81,https://racing.hkjc.com/en-us/local/information/archive/localresults?racedate=2024/01/10&racecourse=HV&RaceNo=5,false
2024-01-10_HV_06,2024-01-10_HV,2024-01-10,HV,6,330,Group Three,Group Three - 1800M,1800,,GOOD,"TURF - ""B"" Course",THE JANUARY CUP (HANDICAP),4200000,13.46 | 22.39 | 24.14 | 24.09 12.15 11.94 | 24.21 12.02 12.19,https://racing.hkjc.com/en-us/local/information/archive/localresults?racedate=2024/01/10&racecourse=HV&RaceNo=6,false
2024-01-10_HV_07,2024-01-10_HV,2024-01-10,HV,7,331,Class 3,Class 3 - 1800M - (80-60),1800,80-60,GOOD,"TURF - ""B"" Course",CLEVELAND HANDICAP,2050000,13.77 | 23.49 | 24.44 | 24.64 12.43 12.21 | 24.10 11.91 12.19,https://racing.hkjc.com/en-us/local/information/archive/localresults?racedate=2024/01/10&racecourse=HV&RaceNo=7,false
2024-01-10_HV_08,2024-01-10_HV,2024-01-10,HV,8,332,Class 3,Class 3 - 1200M - (80-60),1200,80-60,GOOD,"TURF - ""B"" Course",CAUSEWAY HANDICAP,1860000,23.66 | 23.09 11.21 11.88 | 23.14 11.55 11.59,https://racing.hkjc.com/en-us/local/information/archive/localresults?racedate=2024/01/10&racecourse=HV&RaceNo=8,false
2024-01-13_ST_01,2024-01-13_ST,2024-01-13,ST,1,333,Class 5,Class 5 - 1400M - (40-0),1400,40-0,GOOD,"TURF - ""C+3"" Course",HUNG SHUI KIU HANDICAP,875000,13.56 | 21.75 | 23.75 11.80 11.95 | 24.03 11.87 12.16,https://racing.hkjc.com/en-us/local/information/archive/localresults?racedate=2024/01/13&racecourse=ST&RaceNo=1,false
2024-01-13_ST_02,2024-01-13_ST,2024-01-13,ST,2,334,Class 4,Class 4 - 1200M - (60-40),1200,60-40,GOOD,"TURF - ""C+3"" Course",LAM TEI HANDICAP,1170000,23.67 | 22.65 11.38 11.27 | 23.81 11.60 12.21,https://racing.hkjc.com/en-us/local/information/archive/localresults?racedate=2024/01/13&racecourse=ST&RaceNo=2,false
2024-01-13_ST_03,2024-01-13_ST,2024-01-13,ST,3,335,Class 4,Class 4 - 1200M - (60-40),1200,60-40,GOOD,"TURF - ""C+3"" Course",LAM TEI HANDICAP,1170000,23.60 | 22.96 11.48 11.48 | 23.57 11.39 12.18,https://racing.hkjc.com/en-us/local/information/archive/localresults?racedate=2024/01/13&racecourse=ST&RaceNo=3,false
2024-01-13_ST_04,2024-01-13_ST,2024-01-13,ST,4,336,Class 4,Class 4 - 1000M - (60-40),1000,60-40,GOOD,"TURF - ""C+3"" Course",LAU FAU SHAN HANDICAP,1170000,13.00 | 20.81 10.24 10.57 | 23.24 11.35 11.89,https://racing.hkjc.com/en-us/local/information/archive/localresults?racedate=2024/01/13&racecourse=ST&RaceNo=4,false
2024-01-13_ST_05,2024-01-13_ST,2024-01-13,ST,5,337,Class 4,Class 4 - 1400M - (60-40),1400,60-40,GOOD,"TURF - ""C+3"" Course",NAM SANG WAI HANDICAP,1170000,13.36 | 22.77 | 23.49 11.92 11.57 | 23.25 11.41 11.84,https://racing.hkjc.com/en-us/local/information/archive/localresults?racedate=2024/01/13&racecourse=ST&RaceNo=5,false
2024-01-13_ST_06,2024-01-13_ST,2024-01-13,ST,6,338,Class 4,Class 4 - 1600M - (60-40),1600,60-40,GOOD,"TURF - ""C+3"" Course",PING SHAN HANDICAP,1170000,24.52 | 24.14 | 23.29 11.88 11.41 | 24.07 11.75 12.32,https://racing.hkjc.com/en-us/local/information/archive/localresults?racedate=2024/01/13&racecourse=ST&RaceNo=6,false
2024-01-13_ST_07,2024-01-13_ST,2024-01-13,ST,7,339,Class 2,Class 2 - 1200M - (100-80),1200,100-80,GOOD,"TURF - ""C+3"" Course",THE POK OI CUP (HANDICAP),2840000,23.95 | 22.03 10.82 11.21 | 22.70 11.11 11.59,https://racing.hkjc.com/en-us/local/information/archive/localresults?racedate=2024/01/13&racecourse=ST&RaceNo=7,false
2024-01-13_ST_08,2024-01-13_ST,2024-01-13,ST,8,340,Class 3,Class 3 - 1200M - (80-60),1200,80-60,GOOD,"TURF - ""C+3"" Course",TAI TONG HANDICAP,1860000,23.85 | 22.04 10.96 11.08 | 23.18 11.18 12.00,https://racing.hkjc.com/en-us/local/information/archive/localresults?racedate=2024/01/13&racecourse=ST&RaceNo=8,false
2024-01-13_ST_09,2024-01-13_ST,2024-01-13,ST,9,341,Class 3 (Restricted),Class 3 (Restricted) - 1600M - (85-60),1600,85-60,GOOD,"TURF - ""C+3"" Course",TIN SHUI WAI HANDICAP,2050000,24.38 | 23.23 | 23.83 12.15 11.68 | 23.46 11.62 11.84,https://racing.hkjc.com/en-us/local/information/archive/localresults?racedate=2024/01/13&racecourse=ST&RaceNo=9,false
2024-01-13_ST_10,2024-01-13_ST,2024-01-13,ST,10,342,Class 3,Class 3 - 1400M - (80-60),1400,80-60,GOOD,"TURF - ""C+3"" Course",YUEN LONG HANDICAP,1860000,13.45 | 21.97 | 23.66 11.80 11.86 | 23.38 11.46 11.92,https://racing.hkjc.com/en-us/local/information/archive/localresults?racedate=2024/01/13&racecourse=ST&RaceNo=10,false
2024-01-17_HV_01,2024-01-17_HV,2024-01-17,HV,1,343,Class 5,Class 5 - 1800M - (40-0),1800,40-0,GOOD,"TURF - ""C"" Course",MURRAY HANDICAP,875000,13.74 | 23.05 | 24.30 | 24.87 12.49 12.38 | 25.23 12.51 12.72,https://racing.hkjc.com/en-us/local/information/archive/localresults?racedate=2024/01/17&racecourse=HV&RaceNo=1,false
2024-01-17_HV_02,2024-01-17_HV,2024-01-17,HV,2,344,Class 4,Class 4 - 1800M - (60-40),1800,60-40,GOOD,"TURF - ""C"" Course",JACKSON HANDICAP,1170000,13.90 | 23.57 | 24.82 | 24.92 12.75 12.17 | 23.94 11.71 12.23,https://racing.hkjc.com/en-us/local/information/archive/localresults?racedate=2024/01/17&racecourse=HV&RaceNo=2,false
2024-01-17_HV_03,2024-01-17_HV,2024-01-17,HV,3,345,Class 4,Class 4 - 1200M - (60-40),1200,60-40,GOOD,"TURF - ""C"" Course",CLUB HANDICAP,1170000,23.81 | 23.41 11.56 11.85 | 23.62 11.77 11.85,https://racing.hkjc.com/en-us/local/information/archive/localresults?racedate=2024/01/17&racecourse=HV&RaceNo=3,false
2024-01-17_HV_04,2024-01-17_HV,2024-01-17,HV,4,346,Class 3,Class 3 - 1000M - (80-60),1000,80-60,GOOD,"TURF - ""C"" Course",THE HONG KONG CLUB CHALLENGE CUP (HANDICAP),1860000,12.66 | 21.73 10.46 11.27 | 23.04 11.31 11.73,https://racing.hkjc.com/en-us/local/information/archive/localresults?racedate=2024/01/17&racecourse=HV&RaceNo=4,false
2024-01-17_HV_05,2024-01-17_HV,2024-01-17,HV,5,347,Class 4,Class 4 - 1650M - (60-40),1650,60-40,GOOD,"TURF - ""C"" Course",ICE HOUSE HANDICAP,1170000,28.38 | 23.59 | 24.19 12.02 12.17 | 24.43 12.00 12.43,https://racing.hkjc.com/en-us/local/information/archive/localresults?racedate=2024/01/17&racecourse=HV&RaceNo=5,false
2024-01-17_HV_06,2024-01-17_HV,2024-01-17,HV,6,348,Class 4,Class 4 - 1200M - (60-40),1200,60-40,GOOD,"TURF - ""C"" Course",CLUB HANDICAP,1170000,23.64 | 22.90 11.17 11.73 | 23.90 11.82 12.08,https://racing.hkjc.com/en-us/local/information/archive/localresults?racedate=2024/01/17&racecourse=HV&RaceNo=6,false
2024-01-17_HV_07,2024-01-17_HV,2024-01-17,HV,7,349,Class 3,Class 3 - 1650M - (80-60),1650,80-60,GOOD,"TURF - ""C"" Course",CONNAUGHT HANDICAP,2050000,28.08 | 23.35 | 24.98 12.28 12.70 | 24.36 12.12 12.24,https://racing.hkjc.com/en-us/local/information/archive/localresults?racedate=2024/01/17&racecourse=HV&RaceNo=7,false
2024-01-17_HV_08,2024-01-17_HV,2024-01-17,HV,8,350,Class 3,Class 3 - 1200M - (80-60),1200,80-60,GOOD,"TURF - ""C"" Course",CHATER HANDICAP,1860000,23.58 | 23.28 11.24 12.04 | 23.35 11.64 11.71,https://racing.hkjc.com/en-us/local/information/archive/localresults?racedate=2024/01/17&racecourse=HV&RaceNo=8,false
2024-01-21_ST_01,2024-01-21_ST,2024-01-21,ST,1,351,Class 5,Class 5 - 1200M - (40-0),1200,40-0,GOOD,"TURF - ""A"" Course",BEACON HILL HANDICAP,875000,23.98 | 22.58 11.09 11.49 | 23.69 11.34 12.35,https://racing.hkjc.com/en-us/local/information/archive/localresults?racedate=2024/01/21&racecourse=ST&RaceNo=1,false
2024-01-21_ST_02,2024-01-21_ST,2024-01-21,ST,2,352,Class 4,Class 4 - 1400M - (60-40),1400,60-40,GOOD,"TURF - ""A"" Course",CAROLINE HILL HANDICAP,1170000,13.57 | 22.41 | 23.53 11.85 11.68 | 23.27 11.56 11.71,https://racing.hkjc.com/en-us/local/information/archive/localresults?racedate=2024/01/21&racecourse=ST&RaceNo=2,false
2024-01-21_ST_03,2024-01-21_ST,2024-01-21,ST,3,353,Class 3,Class 3 - 1200M - (80-60),1200,80-60,GOOD,"TURF - ""A"" Course",BENNET'S HILL HANDICAP,1860000,23.38 | 22.29 10.94 11.35 | 23.26 10.98 12.28,https://racing.hkjc.com/en-us/local/information/archive/localresults?racedate=2024/01/21&racecourse=ST&RaceNo=3,false
2024-01-21_ST_04,2024-01-21_ST,2024-01-21,ST,4,354,Class 4,Class 4 - 1000M - (60-40),1000,60-40,GOOD,"TURF - ""A"" Course",CHEUNG SHAN HANDICAP,1170000,13.06 | 21.07 10.24 10.83 | 23.77 11.70 12.07,https://racing.hkjc.com/en-us/local/information/archive/localresults?racedate=2024/01/21&racecourse=ST&RaceNo=4,false
2024-01-21_ST_05,2024-01-21_ST,2024-01-21,ST,5,355,Class 4,Class 4 - 1400M - (60-40),1400,60-40,GOOD,"TURF - ""A"" Course",THE PO LEUNG KUK CUP (HANDICAP),1170000,13.59 | 21.77 | 23.29 11.52 11.77 | 23.70 11.61 12.09,https://racing.hkjc.com/en-us/local/information/archive/localresults?racedate=2024/01/21&racecourse=ST&RaceNo=5,false
2024-01-21_ST_06,2024-01-21_ST,2024-01-21,ST,6,356,Class 4,Class 4 - 1200M - (60-40),1200,60-40,GOOD,"TURF - ""A"" Course",DIAMOND HILL HANDICAP,1170000,23.62 | 23.31 11.29 12.02 | 23.43 11.69 11.74,https://racing.hkjc.com/en-us/local/information/archive/localresults?racedate=2024/01/21&racecourse=ST&RaceNo=6,false
2024-01-21_ST_07,2024-01-21_ST,2024-01-21,ST,7,357,Group One,Group One - 1600M,1600,,GOOD,"TURF - ""A"" Course",THE STEWARDS' CUP,13000000,24.88 | 23.07 | 23.43 11.97 11.46 | 22.59 10.91 11.68,https://racing.hkjc.com/en-us/local/information/archive/localresults?racedate=2024/01/21&racecourse=ST&RaceNo=7,false
2024-01-21_ST_08,2024-01-21_ST,2024-01-21,ST,8,358,Class 2,Class 2 - 2000M - (90-65),2000,90-65,GOOD,"TURF - ""A"" Course",KEUNG SHAN HANDICAP,3120000,25.98 | 24.49 | 25.11 | 23.61 11.91 11.70 | 23.35 11.46 11.89,https://racing.hkjc.com/en-us/local/information/archive/localresults?racedate=2024/01/21&racecourse=ST&RaceNo=8,false
2024-01-21_ST_09,2024-01-21_ST,2024-01-21,ST,9,359,Class 2,Class 2 - 1400M - (105-80),1400,105-80,GOOD,"TURF - ""A"" Course",TIN WAN SHAN HANDICAP,2840000,13.19 | 21.19 | 23.66 11.86 11.80 | 23.23 11.41 11.82,https://racing.hkjc.com/en-us/local/information/archive/localresults?racedate=2024/01/21&racecourse=ST&RaceNo=9,false
2024-01-21_ST_10,2024-01-21_ST,2024-01-21,ST,10,360,Class 3,Class 3 - 1400M - (80-60),1400,80-60,GOOD,"TURF - ""A"" Course",TSZ WAN SHAN HANDICAP,1860000,13.37 | 21.62 | 23.60 11.69 11.91 | 23.48 11.57 11.91,https://racing.hkjc.com/en-us/local/information/archive/localresults?racedate=2024/01/21&racecourse=ST&RaceNo=10,false
2024-01-24_ST_01,2024-01-24_ST,2024-01-24,ST,1,361,Class 4,Class 4 - 1800M - (60-40),1800,60-40,GOOD,ALL WEATHER TRACK,SPOONBILL HANDICAP,1170000,13.77 | 22.94 | 24.21 | 24.45 12.26 12.19 | 24.52 12.25 12.27,https://racing.hkjc.com/en-us/local/information/archive/localresults?racedate=2024/01/24&racecourse=ST&RaceNo=1,false
2024-01-24_ST_02,2024-01-24_ST,2024-01-24,ST,2,362,Class 2,Class 2 - 1650M - (100-80),1650,100-80,GOOD,ALL WEATHER TRACK,EGRET HANDICAP,3120000,29.66 | 24.36 | 23.34 11.67 11.67 | 22.74 11.17 11.57,https://racing.hkjc.com/en-us/local/information/archive/localresults?racedate=2024/01/24&racecourse=ST&RaceNo=2,false
2024-01-24_ST_03,2024-01-24_ST,2024-01-24,ST,3,363,Class 4,Class 4 - 1650M - (60-40),1650,60-40,GOOD,ALL WEATHER TRACK,PEACOCK HANDICAP,1170000,27.92 | 23.47 | 24.05 11.83 12.22 | 24.16 11.87 12.29,https://racing.hkjc.com/en-us/local/information/archive/localresults?racedate=2024/01/24&racecourse=ST&RaceNo=3,false
2024-01-24_ST_04,2024-01-24_ST,2024-01-24,ST,4,364,Class 5,Class 5 - 1650M - (40-0),1650,40-0,GOOD,ALL WEATHER TRACK,SWAN HANDICAP,875000,27.43 | 23.43 | 24.39 12.11 12.28 | 24.30 11.97 12.33,https://racing.hkjc.com/en-us/local/information/archive/localresults?racedate=2024/01/24&racecourse=ST&RaceNo=4,false
2024-01-24_ST_05,2024-01-24_ST,2024-01-24,ST,5,365,Class 4,Class 4 - 1200M - (60-40),1200,60-40,GOOD,ALL WEATHER TRACK,KESTREL HANDICAP,1170000,23.32 | 22.73 10.99 11.74 | 22.96 11.47 11.49,https://racing.hkjc.com/en-us/local/information/archive/localresults?racedate=2024/01/24&racecourse=ST&RaceNo=5,false
2024-01-24_ST_06,2024-01-24_ST,2024-01-24,ST,6,366,Class 4,Class 4 - 1200M - (60-40),1200,60-40,GOOD,ALL WEATHER TRACK,KESTREL HANDICAP,1170000,23.06 | 21.97 10.63 11.34 | 23.81 11.65 12.16,https://racing.hkjc.com/en-us/local/information/archive/localresults?racedate=2024/01/24&racecourse=ST&RaceNo=6,false
2024-01-24_ST_07,2024-01-24_ST,2024-01-24,ST,7,367,Class 3,Class 3 - 1200M - (80-60),1200,80-60,GOOD,ALL WEATHER TRACK,FLAMINGO HANDICAP,1860000,23.39 | 22.07 10.66 11.41 | 23.14 11.54 11.60,https://racing.hkjc.com/en-us/local/information/archive/localresults?racedate=2024/01/24&racecourse=ST&RaceNo=7,false
2024-01-24_ST_08,2024-01-24_ST,2024-01-24,ST,8,368,Class 3,Class 3 - 1650M - (80-60),1650,80-60,GOOD,ALL WEATHER TRACK,HERON HANDICAP,2050000,27.59 | 22.78 | 23.73 11.83 11.90 | 23.99 11.80 12.19,https://racing.hkjc.com/en-us/local/information/archive/localresults?racedate=2024/01/24&racecourse=ST&RaceNo=8,false
2024-01-28_ST_01,2024-01-28_ST,2024-01-28,ST,1,369,Class 4,Class 4 - 2000M - (60-40),2000,60-40,GOOD,"TURF - ""A+3"" Course",FU TAI HANDICAP,1170000,25.60 | 23.19 | 23.85 | 24.08 11.87 12.21 | 24.86 12.35 12.51,https://racing.hkjc.com/en-us/local/information/archive/localresults?racedate=2024/01/28&racecourse=ST&RaceNo=1,false
2024-01-28_ST_02,2024-01-28_ST,2024-01-28,ST,2,370,Class 5,Class 5 - 1600M - (40-0),1600,40-0,GOOD,"TURF - ""A+3"" Course",LUNG YAT HANDICAP,875000,24.44 | 22.69 | 24.77 12.35 12.42 | 24.53 12.11 12.42,https://racing.hkjc.com/en-us/local/information/archive/localresults?racedate=2024/01/28&racecourse=ST&RaceNo=2,false
2024-01-28_ST_03,2024-01-28_ST,2024-01-28,ST,3,371,Class 4,Class 4 - 1200M - (60-40),1200,60-40,GOOD,"TURF - ""A+3"" Course",ON TING HANDICAP,1170000,23.93 | 23.07 11.39 11.68 | 22.88 10.93 11.95,https://racing.hkjc.com/en-us/local/information/archive/localresults?racedate=2024/01/28&racecourse=ST&RaceNo=3,false
2024-01-28_ST_04,2024-01-28_ST,2024-01-28,ST,4,372,Class 4,Class 4 - 1400M - (60-40),1400,60-40,GOOD,"TURF - ""A+3"" Course",PO TIN HANDICAP,1170000,13.55 | 21.72 | 23.57 11.66 11.91 | 23.91 11.66 12.25,https://racing.hkjc.com/en-us/local/information/archive/localresults?racedate=2024/01/28&racecourse=ST&RaceNo=4,false
2024-01-28_ST_05,2024-01-28_ST,2024-01-28,ST,5,373,Class 4,Class 4 - 1600M - (60-40),1600,60-40,GOOD,"TURF - ""A+3"" Course",THE YAN OI TONG CUP (HANDICAP),1170000,24.70 | 22.58 | 24.14 12.08 12.06 | 23.63 11.65 11.98,https://racing.hkjc.com/en-us/local/information/archive/localresults?racedate=2024/01/28&racecourse=ST&RaceNo=5,false
2024-01-28_ST_06,2024-01-28_ST,2024-01-28,ST,6,374,Class 4,Class 4 - 1200M - (60-40),1200,60-40,GOOD,"TURF - ""A+3"" Course",ON TING HANDICAP,1170000,24.05 | 22.89 11.48 11.41 | 22.59 11.07 11.52,https://racing.hkjc.com/en-us/local/information/archive/localresults?racedate=2024/01/28&racecourse=ST&RaceNo=6,false
2024-01-28_ST_07,2024-01-28_ST,2024-01-28,ST,7,375,Class 3,Class 3 - 1200M - (80-60),1200,80-60,GOOD,"TURF - ""A+3"" Course",TAI HING HANDICAP,1860000,23.77 | 22.85 11.47 11.38 | 22.64 11.09 11.55,https://racing.hkjc.com/en-us/local/information/archive/localresults?racedate=2024/01/28&racecourse=ST&RaceNo=7,false
2024-01-28_ST_08,2024-01-28_ST,2024-01-28,ST,8,376,Group One,Group One - 1200M,1200,,GOOD,"TURF - ""A+3"" Course",THE CENTENARY SPRINT CUP,13000000,24.30 | 22.95 11.69 11.26 | 22.18 10.75 11.43,https://racing.hkjc.com/en-us/local/information/archive/localresults?racedate=2024/01/28&racecourse=ST&RaceNo=8,false
2024-01-28_ST_09,2024-01-28_ST,2024-01-28,ST,9,377,Class 3,Class 3 - 1600M - (80-60),1600,80-60,GOOD,"TURF - ""A+3"" Course",YAN TIN HANDICAP,2050000,24.69 | 22.22 | 23.98 11.94 12.04 | 24.18 11.91 12.27,https://racing.hkjc.com/en-us/local/information/archive/localresults?racedate=2024/01/28&racecourse=ST&RaceNo=9,false
2024-01-28_ST_10,2024-01-28_ST,2024-01-28,ST,10,378,Class 3,Class 3 - 1400M - (80-60),1400,80-60,GOOD,"TURF - ""A+3"" Course",YAU OI HANDICAP,1860000,13.31 | 21.74 | 23.81 11.91 11.90 | 23.62 11.58 12.04,https://racing.hkjc.com/en-us/local/information/archive/localresults?racedate=2024/01/28&racecourse=ST&RaceNo=10,false
2024-01-31_HV_01,2024-01-31_HV,2024-01-31,HV,1,379,Class 5,Class 5 - 2200M - (40-0),2200,40-0,GOOD,"TURF - ""A"" Course",FENWICK HANDICAP,875000,14.13 | 23.32 | 24.71 | 25.72 | 25.15 12.52 12.63 | 25.76 12.74 13.02,https://racing.hkjc.com/en-us/local/information/archive/localresults?racedate=2024/01/31&racecourse=HV&RaceNo=1,false
2024-01-31_HV_02,2024-01-31_HV,2024-01-31,HV,2,380,Class 5,Class 5 - 1200M - (40-0),1200,40-0,GOOD,"TURF - ""A"" Course",FLEMING HANDICAP,875000,23.78 | 23.00 10.97 12.03 | 24.07 12.09 11.98,https://racing.hkjc.com/en-us/local/information/archive/localresults?racedate=2024/01/31&racecourse=HV&RaceNo=2,false
2024-01-31_HV_03,2024-01-31_HV,2024-01-31,HV,3,381,Class 4,Class 4 - 1200M - (60-40),1200,60-40,GOOD,"TURF - ""A"" Course",JAFFE HANDICAP,1170000,23.54 | 22.63 11.00 11.63 | 23.95 12.12 11.83,https://racing.hkjc.com/en-us/local/information/archive/localresults?racedate=2024/01/31&racecourse=HV&RaceNo=3,false
2024-01-31_HV_04,2024-01-31_HV,2024-01-31,HV,4,382,Class 4,Class 4 - 1000M - (60-40),1000,60-40,GOOD,"TURF - ""A"" Course",THE HONG KONG FOOTBALL CLUB CENTENARY CUP (HANDICAP),1170000,12.70 | 21.68 10.40 11.28 | 23.37 11.53 11.84,https://racing.hkjc.com/en-us/local/information/archive/localresults?racedate=2024/01/31&racecourse=HV&RaceNo=4,false
2024-01-31_HV_05,2024-01-31_HV,2024-01-31,HV,5,383,Class 4,Class 4 - 1650M - (60-40),1650,60-40,GOOD,"TURF - ""A"" Course",LUARD HANDICAP,1170000,28.07 | 24.52 | 24.41 12.25 12.16 | 24.32 12.21 12.11,https://racing.hkjc.com/en-us/local/information/archive/localresults?racedate=2024/01/31&racecourse=HV&RaceNo=5,false
2024-01-31_HV_06,2024-01-31_HV,2024-01-31,HV,6,384,Class 4,Class 4 - 1200M - (60-40),1200,60-40,GOOD,"TURF - ""A"" Course",JAFFE HANDICAP,1170000,24.28 | 23.17 11.40 11.77 | 23.79 11.61 12.18,https://racing.hkjc.com/en-us/local/information/archive/localresults?racedate=2024/01/31&racecourse=HV&RaceNo=6,false
2024-01-31_HV_07,2024-01-31_HV,2024-01-31,HV,7,385,Class 3,Class 3 - 1200M - (80-60),1200,80-60,GOOD,"TURF - ""A"" Course",LOCKHART HANDICAP,1860000,23.39 | 22.32 10.88 11.44 | 24.56 12.26 12.30,https://racing.hkjc.com/en-us/local/information/archive/localresults?racedate=2024/01/31&racecourse=HV&RaceNo=7,false
2024-01-31_HV_08,2024-01-31_HV,2024-01-31,HV,8,386,Class 3,Class 3 - 1200M - (80-60),1200,80-60,GOOD,"TURF - ""A"" Course",LOCKHART HANDICAP,1860000,23.25 | 22.88 11.12 11.76 | 23.59 11.76 11.83,https://racing.hkjc.com/en-us/local/information/archive/localresults?racedate=2024/01/31&racecourse=HV&RaceNo=8,false
2024-01-31_HV_09,2024-01-31_HV,2024-01-31,HV,9,387,Class 3,Class 3 - 1650M - (80-60),1650,80-60,GOOD,"TURF - ""A"" Course",O'BRIEN HANDICAP,2050000,27.48 | 24.40 | 23.96 11.92 12.04 | 24.21 12.12 12.09,https://racing.hkjc.com/en-us/local/information/archive/localresults?racedate=2024/01/31&racecourse=HV&RaceNo=9,false
2024-02-04_ST_01,2024-02-04_ST,2024-02-04,ST,1,388,Class 5,Class 5 - 1200M - (40-0),1200,40-0,GOOD,ALL WEATHER TRACK,PRIMULA HANDICAP,875000,23.25 | 22.65 10.93 11.72 | 24.10 11.61 12.49,https://racing.hkjc.com/en-us/local/information/archive/localresults?racedate=2024/02/04&racecourse=ST&RaceNo=1,false
2024-02-04_ST_02,2024-02-04_ST,2024-02-04,ST,2,389,Class 4,Class 4 - 1000M - (60-40),1000,60-40,GOOD,"TURF - ""B+2"" Course",PEONY HANDICAP,1170000,13.27 | 21.01 10.29 10.72 | 23.30 11.38 11.92,https://racing.hkjc.com/en-us/local/information/archive/localresults?racedate=2024/02/04&racecourse=ST&RaceNo=2,false
2024-02-04_ST_03,2024-02-04_ST,2024-02-04,ST,3,390,Class 3,Class 3 - 1200M - (80-60),1200,80-60,GOOD,"TURF - ""B+2"" Course",PEACH BLOSSOM HANDICAP,1860000,23.83 | 22.12 11.04 11.08 | 23.21 11.30 11.91,https://racing.hkjc.com/en-us/local/information/archive/localresults?racedate=2024/02/04&racecourse=ST&RaceNo=3,false
2024-02-04_ST_04,2024-02-04_ST,2024-02-04,ST,4,391,Class 4,Class 4 - 1400M - (60-40),1400,60-40,GOOD,"TURF - ""B+2"" Course",GLADIOLUS HANDICAP,1170000,13.44 | 22.46 | 23.59 12.19 11.40 | 23.40 11.24 12.16,https://racing.hkjc.com/en-us/local/information/archive/localresults?racedate=2024/02/04&racecourse=ST&RaceNo=4,false
2024-02-04_ST_05,2024-02-04_ST,2024-02-04,ST,5,392,Class 3,Class 3 - 2000M - (80-60),2000,80-60,GOOD,"TURF - ""B+2"" Course",DAFFODIL HANDICAP,2050000,26.40 | 23.61 | 23.70 | 23.85 11.83 12.02 | 24.42 12.08 12.34,https://racing.hkjc.com/en-us/local/information/archive/localresults?racedate=2024/02/04&racecourse=ST&RaceNo=5,false
2024-02-04_ST_06,2024-02-04_ST,2024-02-04,ST,6,393,Class 3,Class 3 - 1000M - (80-60),1000,80-60,GOOD,"TURF - ""B+2"" Course",CINERARIA HANDICAP,1860000,12.95 | 20.78 10.15 10.63 | 23.09 11.33 11.76,https://racing.hkjc.com/en-us/local/information/archive/localresults?racedate=2024/02/04&racecourse=ST&RaceNo=6,false
2024-02-04_ST_07,2024-02-04_ST,2024-02-04,ST,7,394,4 Year Olds,4 Year Olds - 1600M,1600,,GOOD,"TURF - ""B+2"" Course",THE HONG KONG CLASSIC MILE,13000000,24.35 | 23.66 | 22.75 11.47 11.28 | 23.68 11.49 12.19,https://racing.hkjc.com/en-us/local/information/archive/localresults?racedate=2024/02/04&racecourse=ST&RaceNo=7,false
2024-02-04_ST_08,2024-02-04_ST,2024-02-04,ST,8,395,Group Three,Group Three - 1800M,1800,,GOOD,"TURF - ""B+2"" Course",THE CENTENARY VASE (HANDICAP),4200000,13.98 | 22.27 | 23.73 | 23.54 11.91 11.63 | 23.88 11.74 12.14,https://racing.hkjc.com/en-us/local/information/archive/localresults?racedate=2024/02/04&racecourse=ST&RaceNo=8,false
2024-02-04_ST_09,2024-02-04_ST,2024-02-04,ST,9,396,Class 4,Class 4 - 1400M - (60-40),1400,60-40,GOOD,"TURF - ""B+2"" Course",GLADIOLUS HANDICAP,1170000,13.59 | 22.40 | 23.33 11.69 11.64 | 23.35 11.42 11.93,https://racing.hkjc.com/en-us/local/information/archive/localresults?racedate=2024/02/04&racecourse=ST&RaceNo=9,false
2024-02-04_ST_10,2024-02-04_ST,2024-02-04,ST,10,397,Class 2,Class 2 - 1200M - (105-80),1200,105-80,GOOD,ALL WEATHER TRACK,AZALEA HANDICAP,2840000,23.02 | 21.83 10.65 11.18 | 23.18 11.54 11.64,https://racing.hkjc.com/en-us/local/information/archive/localresults?racedate=2024/02/04&racecourse=ST&RaceNo=10,false
2024-02-07_HV_01,2024-02-07_HV,2024-02-07,HV,1,398,Class 5,Class 5 - 1650M - (40-0),1650,40-0,GOOD,"TURF - ""B"" Course",SHAN KWONG ROAD PARK HANDICAP,875000,27.41 | 23.74 | 24.43 12.12 12.31 | 25.26 12.63 12.63,https://racing.hkjc.com/en-us/local/information/archive/localresults?racedate=2024/02/07&racecourse=HV&RaceNo=1,false
2024-02-07_HV_02,2024-02-07_HV,2024-02-07,HV,2,399,Class 4,Class 4 - 2200M - (60-35),2200,60-35,GOOD,"TURF - ""B"" Course",FA HUI PARK HANDICAP,1170000,14.43 | 24.22 | 25.19 | 24.93 | 24.94 12.55 12.39 | 24.93 12.28 12.65,https://racing.hkjc.com/en-us/local/information/archive/localresults?racedate=2024/02/07&racecourse=HV&RaceNo=2,false
2024-02-07_HV_03,2024-02-07_HV,2024-02-07,HV,3,400,Class 5,Class 5 - 1650M - (40-0),1650,40-0,GOOD,"TURF - ""B"" Course",SHAN KWONG ROAD PARK HANDICAP,875000,28.34 | 24.18 | 24.53 12.28 12.25 | 24.71 12.28 12.43,https://racing.hkjc.com/en-us/local/information/archive/localresults?racedate=2024/02/07&racecourse=HV&RaceNo=3,false
2024-02-07_HV_04,2024-02-07_HV,2024-02-07,HV,4,401,Class 4,Class 4 - 1200M - (60-40),1200,60-40,GOOD,"TURF - ""B"" Course",KOWLOON PARK HANDICAP,1170000,23.97 | 23.24 11.54 11.70 | 23.40 11.74 11.66,https://racing.hkjc.com/en-us/local/information/archive/localresults?racedate=2024/02/07&racecourse=HV&RaceNo=4,false
2024-02-07_HV_05,2024-02-07_HV,2024-02-07,HV,5,402,Class 4,Class 4 - 1650M - (60-40),1650,60-40,GOOD,"TURF - ""B"" Course",MORSE PARK HANDICAP,1170000,28.30 | 24.31 | 24.48 12.35 12.13 | 24.29 12.27 12.02,https://racing.hkjc.com/en-us/local/information/archive/localresults?racedate=2024/02/07&racecourse=HV&RaceNo=5,false
2024-02-07_HV_06,2024-02-07_HV,2024-02-07,HV,6,403,Class 4,Class 4 - 1200M - (60-40),1200,60-40,GOOD,"TURF - ""B"" Course",KOWLOON PARK HANDICAP,1170000,23.40 | 23.21 11.48 11.73 | 24.28 11.98 12.30,https://racing.hkjc.com/en-us/local/information/archive/localresults?racedate=2024/02/07&racecourse=HV&RaceNo=6,false
2024-02-07_HV_07,2024-02-07_HV,2024-02-07,HV,7,404,Class 3,Class 3 - 1650M - (85-60),1650,85-60,GOOD,"TURF - ""B"" Course",HONG KONG PARK HANDICAP,2050000,28.64 | 24.10 | 23.62 11.86 11.76 | 24.49 12.12 12.37,https://racing.hkjc.com/en-us/local/information/archive/localresults?racedate=2024/02/07&racecourse=HV&RaceNo=7,false
2024-02-07_HV_08,2024-02-07_HV,2024-02-07,HV,8,405,Class 3,Class 3 - 1200M - (80-60),1200,80-60,GOOD,"TURF - ""B"" Course",VICTORIA PARK HANDICAP,1860000,24.07 | 22.85 11.25 11.60 | 23.59 11.66 11.93,https://racing.hkjc.com/en-us/local/information/archive/localresults?racedate=2024/02/07&racecourse=HV&RaceNo=8,false
2024-02-07_HV_09,2024-02-07_HV,2024-02-07,HV,9,406,Class 3,Class 3 - 1200M - (80-60),1200,80-60,GOOD,"TURF - ""B"" Course",VICTORIA PARK HANDICAP,1860000,23.64 | 22.83 11.28 11.55 | 23.82 11.75 12.07,https://racing.hkjc.com/en-us/local/information/archive/localresults?racedate=2024/02/07&racecourse=HV&RaceNo=9,false
2024-02-12_ST_01,2024-02-12_ST,2024-02-12,ST,1,407,Class 5,Class 5 - 1200M - (40-0),1200,40-0,GOOD,"TURF - ""A"" Course",KUNG HEI HANDICAP,875000,23.79 | 22.67 11.19 11.48 | 23.60 11.35 12.25,https://racing.hkjc.com/en-us/local/information/archive/localresults?racedate=2024/02/12&racecourse=ST&RaceNo=1,false
2024-02-12_ST_02,2024-02-12_ST,2024-02-12,ST,2,408,Class 5,Class 5 - 1400M - (40-0),1400,40-0,GOOD,"TURF - ""A"" Course",FAT CHOI HANDICAP,875000,13.37 | 21.36 | 23.67 11.92 11.75 | 24.11 11.64 12.47,https://racing.hkjc.com/en-us/local/information/archive/localresults?racedate=2024/02/12&racecourse=ST&RaceNo=2,false
2024-02-12_ST_03,2024-02-12_ST,2024-02-12,ST,3,409,Class 4,Class 4 - 1200M - (60-40),1200,60-40,GOOD,"TURF - ""A"" Course",GOOD FORTUNE HANDICAP,1170000,23.89 | 22.66 11.28 11.38 | 23.34 10.95 12.39,https://racing.hkjc.com/en-us/local/information/archive/localresults?racedate=2024/02/12&racecourse=ST&RaceNo=3,false
2024-02-12_ST_04,2024-02-12_ST,2024-02-12,ST,4,410,Class 4,Class 4 - 1200M - (60-40),1200,60-40,GOOD,"TURF - ""A"" Course",GOOD FORTUNE HANDICAP,1170000,23.67 | 22.82 11.24 11.58 | 23.22 11.35 11.87,https://racing.hkjc.com/en-us/local/information/archive/localresults?racedate=2024/02/12&racecourse=ST&RaceNo=4,false
2024-02-12_ST_05,2024-02-12_ST,2024-02-12,ST,5,411,Class 4,Class 4 - 1600M - (60-40),1600,60-40,GOOD,"TURF - ""A"" Course",GREAT PROFITS HANDICAP,1170000,24.04 | 23.38 | 24.13 12.04 12.09 | 23.89 11.47 12.42,https://racing.hkjc.com/en-us/local/information/archive/localresults?racedate=2024/02/12&racecourse=ST&RaceNo=5,false
2024-02-12_ST_06,2024-02-12_ST,2024-02-12,ST,6,412,Class 4,Class 4 - 1400M - (60-40),1400,60-40,GOOD,"TURF - ""A"" Course",LUCKY STAR HANDICAP,1170000,13.60 | 21.63 | 23.98 11.93 12.05 | 23.64 11.37 12.27,https://racing.hkjc.com/en-us/local/information/archive/localresults?racedate=2024/02/12&racecourse=ST&RaceNo=6,false
2024-02-12_ST_07,2024-02-12_ST,2024-02-12,ST,7,413,Class 3,Class 3 - 1200M - (80-60),1200,80-60,GOOD,"TURF - ""A"" Course",PROSPERITY HANDICAP,1860000,23.46 | 22.60 11.30 11.30 | 22.89 11.11 11.78,https://racing.hkjc.com/en-us/local/information/archive/localresults?racedate=2024/02/12&racecourse=ST&RaceNo=7,false
2024-02-12_ST_08,2024-02-12_ST,2024-02-12,ST,8,414,Class 1,Class 1 - 1400M - (85+),1400,85+,GOOD,"TURF - ""A"" Course",THE CHINESE NEW YEAR CUP (HANDICAP),3720000,13.65 | 21.36 | 23.27 11.37 11.90 | 23.14 11.32 11.82,https://racing.hkjc.com/en-us/local/information/archive/localresults?racedate=2024/02/12&racecourse=ST&RaceNo=8,false
2024-02-12_ST_09,2024-02-12_ST,2024-02-12,ST,9,415,Class 3,Class 3 - 1600M - (85-60),1600,85-60,GOOD,"TURF - ""A"" Course",RED PACKET HANDICAP,2050000,24.32 | 22.36 | 24.12 12.04 12.08 | 23.79 11.63 12.16,https://racing.hkjc.com/en-us/local/information/archive/localresults?racedate=2024/02/12&racecourse=ST&RaceNo=9,false
2024-02-12_ST_10,2024-02-12_ST,2024-02-12,ST,10,416,Class 2,Class 2 - 1200M - (100-80),1200,100-80,GOOD,"TURF - ""A"" Course",YUE YEE HANDICAP,2840000,23.93 | 22.51 11.18 11.33 | 22.53 10.83 11.70,https://racing.hkjc.com/en-us/local/information/archive/localresults?racedate=2024/02/12&racecourse=ST&RaceNo=10,false
2024-02-12_ST_11,2024-02-12_ST,2024-02-12,ST,11,417,Class 3,Class 3 - 1400M - (80-60),1400,80-60,GOOD,"TURF - ""A"" Course",KUT CHEONG HANDICAP,1860000,13.36 | 21.84 | 23.55 11.77 11.78 | 23.36 11.38 11.98,https://racing.hkjc.com/en-us/local/information/archive/localresults?racedate=2024/02/12&racecourse=ST&RaceNo=11,false
2024-02-15_HV_01,2024-02-15_HV,2024-02-15,HV,1,418,Class 5,Class 5 - 1200M - (40-0),1200,40-0,GOOD,"TURF - ""C"" Course",HUNG TO HANDICAP,875000,23.58 | 23.24 11.36 11.88 | 24.16 11.92 12.24,https://racing.hkjc.com/en-us/local/information/archive/localresults?racedate=2024/02/15&racecourse=HV&RaceNo=1,false
2024-02-15_HV_02,2024-02-15_HV,2024-02-15,HV,2,419,Class 4,Class 4 - 1650M - (60-40),1650,60-40,GOOD,"TURF - ""C"" Course",WAI YIP HANDICAP,1170000,27.79 | 24.27 | 24.99 12.58 12.41 | 24.02 11.96 12.06,https://racing.hkjc.com/en-us/local/information/archive/localresults?racedate=2024/02/15&racecourse=HV&RaceNo=2,false
2024-02-15_HV_03,2024-02-15_HV,2024-02-15,HV,3,420,Class 4,Class 4 - 1650M - (60-40),1650,60-40,GOOD,"TURF - ""C"" Course",WAI YIP HANDICAP,1170000,29.20 | 24.22 | 24.02 11.99 12.03 | 23.64 11.60 12.04,https://racing.hkjc.com/en-us/local/information/archive/localresults?racedate=2024/02/15&racecourse=HV&RaceNo=3,false
2024-02-15_HV_04,2024-02-15_HV,2024-02-15,HV,4,421,Class 4,Class 4 - 1200M - (60-40),1200,60-40,GOOD,"TURF - ""C"" Course",TSUN YIP HANDICAP,1170000,24.13 | 23.48 11.59 11.89 | 23.26 11.49 11.77,https://racing.hkjc.com/en-us/local/information/archive/localresults?racedate=2024/02/15&racecourse=HV&RaceNo=4,false
2024-02-15_HV_05,2024-02-15_HV,2024-02-15,HV,5,422,Class 3,Class 3 - 1200M - (80-60),1200,80-60,GOOD,"TURF - ""C"" Course",THE VOLUNTEERS' CHALLENGE CUP (HANDICAP),1860000,23.99 | 22.84 11.31 11.53 | 23.68 11.65 12.03,https://racing.hkjc.com/en-us/local/information/archive/localresults?racedate=2024/02/15&racecourse=HV&RaceNo=5,false
2024-02-15_HV_06,2024-02-15_HV,2024-02-15,HV,6,423,Class 4,Class 4 - 1000M - (60-40),1000,60-40,GOOD,"TURF - ""C"" Course",HOI YUEN HANDICAP,1170000,12.71 | 21.60 10.34 11.26 | 22.96 11.13 11.83,https://racing.hkjc.com/en-us/local/information/archive/localresults?racedate=2024/02/15&racecourse=HV&RaceNo=6,false
2024-02-15_HV_07,2024-02-15_HV,2024-02-15,HV,7,424,Class 4,Class 4 - 1200M - (60-40),1200,60-40,GOOD,"TURF - ""C"" Course",TSUN YIP HANDICAP,1170000,23.62 | 23.10 11.16 11.94 | 24.09 11.88 12.21,https://racing.hkjc.com/en-us/local/information/archive/localresults?racedate=2024/02/15&racecourse=HV&RaceNo=7,false
2024-02-15_HV_08,2024-02-15_HV,2024-02-15,HV,8,425,Class 3,Class 3 - 1200M - (80-60),1200,80-60,GOOD,"TURF - ""C"" Course",MUT WAH HANDICAP,1860000,24.21 | 22.59 10.85 11.74 | 23.47 11.63 11.84,https://racing.hkjc.com/en-us/local/information/archive/localresults?racedate=2024/02/15&racecourse=HV&RaceNo=8,false
2024-02-15_HV_09,2024-02-15_HV,2024-02-15,HV,9,426,Class 3,Class 3 - 1800M - (80-60),1800,80-60,GOOD,"TURF - ""C"" Course",YUE MAN HANDICAP,2050000,13.89 | 22.97 | 25.08 | 25.18 12.82 12.36 | 23.66 11.79 11.87,https://racing.hkjc.com/en-us/local/information/archive/localresults?racedate=2024/02/15&racecourse=HV&RaceNo=9,false
2024-02-18_ST_01,2024-02-18_ST,2024-02-18,ST,1,427,Class 5,Class 5 - 1800M - (40-0),1800,40-0,GOOD,"TURF - ""C+3"" Course",TVB CHARITY FUND HANDICAP,875000,13.98 | 22.80 | 24.26 | 24.36 12.36 12.00 | 24.34 12.18 12.16,https://racing.hkjc.com/en-us/local/information/archive/localresults?racedate=2024/02/18&racecourse=ST&RaceNo=1,false
2024-02-18_ST_02,2024-02-18_ST,2024-02-18,ST,2,428,Class 4,Class 4 - 1200M - (60-40),1200,60-40,GOOD,"TURF - ""C+3"" Course",TVB TUNG WAH CELEBRITY SHOW HANDICAP,1170000,23.70 | 22.43 11.10 11.33 | 23.45 11.41 12.04,https://racing.hkjc.com/en-us/local/information/archive/localresults?racedate=2024/02/18&racecourse=ST&RaceNo=2,false
2024-02-18_ST_03,2024-02-18_ST,2024-02-18,ST,3,429,Class 4,Class 4 - 1400M - (60-40),1400,60-40,GOOD,"TURF - ""C+3"" Course",TVB YAN OI TONG CHARITY SHOW HANDICAP,1170000,13.53 | 21.59 | 23.35 11.77 11.58 | 23.94 11.76 12.18,https://racing.hkjc.com/en-us/local/information/archive/localresults?racedate=2024/02/18&racecourse=ST&RaceNo=3,false
2024-02-18_ST_04,2024-02-18_ST,2024-02-18,ST,4,430,Class 4,Class 4 - 1200M - (60-40),1200,60-40,GOOD,"TURF - ""C+3"" Course",TVB YAN CHAI CHARITY SHOW HANDICAP,1170000,24.02 | 22.93 11.41 11.52 | 23.09 11.39 11.70,https://racing.hkjc.com/en-us/local/information/archive/localresults?racedate=2024/02/18&racecourse=ST&RaceNo=4,false
2024-02-18_ST_05,2024-02-18_ST,2024-02-18,ST,5,431,Class 4,Class 4 - 1650M - (60-40),1650,60-40,GOOD,ALL WEATHER TRACK,TVB PO LEUNG KUK GALA SPECTACULAR HANDICAP,1170000,28.17 | 22.89 | 24.15 11.80 12.35 | 23.82 11.86 11.96,https://racing.hkjc.com/en-us/local/information/archive/localresults?racedate=2024/02/18&racecourse=ST&RaceNo=5,false
2024-02-18_ST_06,2024-02-18_ST,2024-02-18,ST,6,432,Class 4,Class 4 - 1200M - (60-40),1200,60-40,GOOD,ALL WEATHER TRACK,TVB TUNG WAH CHARITY SHOW HANDICAP,1170000,22.99 | 22.28 10.74 11.54 | 23.56 11.76 11.80,https://racing.hkjc.com/en-us/local/information/archive/localresults?racedate=2024/02/18&racecourse=ST&RaceNo=6,false
2024-02-18_ST_07,2024-02-18_ST,2024-02-18,ST,7,433,Class 3,Class 3 - 1200M - (80-60),1200,80-60,GOOD,ALL WEATHER TRACK,TVB POK OI CHARITY SHOW HANDICAP,1860000,23.40 | 22.42 10.89 11.53 | 23.04 11.25 11.79,https://racing.hkjc.com/en-us/local/information/archive/localresults?racedate=2024/02/18&racecourse=ST&RaceNo=7,false
2024-02-18_ST_08,2024-02-18_ST,2024-02-18,ST,8,434,Class 2,Class 2 - 1400M - (95-75),1400,95-75,GOOD,"TURF - ""C+3"" Course",THE TVB CUP (HANDICAP),2840000,13.80 | 22.22 | 22.91 11.53 11.38 | 23.14 11.30 11.84,https://racing.hkjc.com/en-us/local/information/archive/localresults?racedate=2024/02/18&racecourse=ST&RaceNo=8,false
2024-02-18_ST_09,2024-02-18_ST,2024-02-18,ST,9,435,Class 3,Class 3 - 1800M - (85-60),1800,85-60,GOOD,"TURF - ""C+3"" Course",TVB MISS HONG KONG PAGEANT HANDICAP,2050000,14.18 | 22.63 | 23.62 | 24.27 12.53 11.74 | 23.52 11.49 12.03,https://racing.hkjc.com/en-us/local/information/archive/localresults?racedate=2024/02/18&racecourse=ST&RaceNo=9,false
2024-02-18_ST_10,2024-02-18_ST,2024-02-18,ST,10,436,Class 3,Class 3 - 1650M - (80-60),1650,80-60,GOOD,ALL WEATHER TRACK,"TVB MIDLIFE, SING & SHINE HANDICAP",2050000,28.51 | 23.31 | 23.40 11.47 11.93 | 23.45 11.53 11.92,https://racing.hkjc.com/en-us/local/information/archive/localresults?racedate=2024/02/18&racecourse=ST&RaceNo=10,false
2024-02-21_HV_01,2024-02-21_HV,2024-02-21,HV,1,437,Class 4,Class 4 - 1200M - (60-40),1200,60-40,GOOD,"TURF - ""C+3"" Course",WANG TAK HANDICAP,1170000,23.70 | 22.76 11.24 11.52 | 23.34 11.49 11.85,https://racing.hkjc.com/en-us/local/information/archive/localresults?racedate=2024/02/21&racecourse=HV&RaceNo=1,false
2024-02-21_HV_02,2024-02-21_HV,2024-02-21,HV,2,438,Class 1,Class 1 - 1650M - (110-85),1650,110-85,GOOD,"TURF - ""C+3"" Course",SHAN KWONG HANDICAP,4075000,29.66 | 24.29 | 23.69 11.94 11.75 | 22.49 11.18 11.31,https://racing.hkjc.com/en-us/local/information/archive/localresults?racedate=2024/02/21&racecourse=HV&RaceNo=2,false
2024-02-21_HV_03,2024-02-21_HV,2024-02-21,HV,3,439,Class 4,Class 4 - 1200M - (60-40),1200,60-40,GOOD,"TURF - ""C+3"" Course",WANG TAK HANDICAP,1170000,23.67 | 22.83 11.19 11.64 | 23.50 11.63 11.87,https://racing.hkjc.com/en-us/local/information/archive/localresults?racedate=2024/02/21&racecourse=HV&RaceNo=3,false
2024-02-21_HV_04,2024-02-21_HV,2024-02-21,HV,4,440,Class 1,Class 1 - 1200M - (110-85),1200,110-85,GOOD,"TURF - ""C+3"" Course",SINGAPORE POOLS HANDICAP,3720000,23.23 | 22.37 10.94 11.43 | 23.84 11.71 12.13,https://racing.hkjc.com/en-us/local/information/archive/localresults?racedate=2024/02/21&racecourse=HV&RaceNo=4,false
2024-02-21_HV_05,2024-02-21_HV,2024-02-21,HV,5,441,Class 4,Class 4 - 1800M - (60-40),1800,60-40,GOOD,"TURF - ""C+3"" Course",YUK SAU HANDICAP,1170000,13.91 | 23.14 | 24.03 | 24.31 12.25 12.06 | 24.43 12.00 12.43,https://racing.hkjc.com/en-us/local/information/archive/localresults?racedate=2024/02/21&racecourse=HV&RaceNo=5,false
2024-02-21_HV_06,2024-02-21_HV,2024-02-21,HV,6,442,Class 4,Class 4 - 1650M - (60-40),1650,60-40,GOOD,"TURF - ""C+3"" Course",YIK YAM HANDICAP,1170000,28.05 | 23.37 | 24.03 11.98 12.05 | 24.60 12.31 12.29,https://racing.hkjc.com/en-us/local/information/archive/localresults?racedate=2024/02/21&racecourse=HV&RaceNo=6,false
2024-02-21_HV_07,2024-02-21_HV,2024-02-21,HV,7,443,Class 3,Class 3 - 1650M - (85-60),1650,85-60,GOOD,"TURF - ""C+3"" Course",VILLAGE HANDICAP,2050000,27.63 | 23.96 | 24.22 12.11 12.11 | 23.58 11.93 11.65,https://racing.hkjc.com/en-us/local/information/archive/localresults?racedate=2024/02/21&racecourse=HV&RaceNo=7,false
2024-02-21_HV_08,2024-02-21_HV,2024-02-21,HV,8,444,Class 3,Class 3 - 1200M - (85-60),1200,85-60,GOOD,"TURF - ""C+3"" Course",SING WOO HANDICAP,1860000,23.45 | 22.51 10.99 11.52 | 23.48 11.72 11.76,https://racing.hkjc.com/en-us/local/information/archive/localresults?racedate=2024/02/21&racecourse=HV&RaceNo=8,false
2024-02-21_HV_09,2024-02-21_HV,2024-02-21,HV,9,445,Class 3,Class 3 - 1000M - (85-60),1000,85-60,GOOD,"TURF - ""C+3"" Course",KING KWONG HANDICAP,1860000,12.62 | 21.46 10.29 11.17 | 22.87 11.33 11.54,https://racing.hkjc.com/en-us/local/information/archive/localresults?racedate=2024/02/21&racecourse=HV&RaceNo=9,false
2024-02-25_ST_01,2024-02-25_ST,2024-02-25,ST,1,446,Class 4,Class 4 - 2000M - (60-35),2000,60-35,GOOD,"TURF - ""A+3"" Course",CITI GLOBAL WEALTH HANDICAP,1170000,26.36 | 24.14 | 24.07 | 24.39 12.39 12.00 | 23.83 11.68 12.15,https://racing.hkjc.com/en-us/local/information/archive/localresults?racedate=2024/02/25&racecourse=ST&RaceNo=1,false
2024-02-25_ST_02,2024-02-25_ST,2024-02-25,ST,2,447,Class 2,Class 2 - 1600M - (105-80),1600,105-80,GOOD,"TURF - ""A+3"" Course",CITI PRIVATE BANK HANDICAP,3120000,25.10 | 23.43 | 23.62 12.16 11.46 | 23.06 11.22 11.84,https://racing.hkjc.com/en-us/local/information/archive/localresults?racedate=2024/02/25&racecourse=ST&RaceNo=2,false
2024-02-25_ST_03,2024-02-25_ST,2024-02-25,ST,3,448,Class 5,Class 5 - 1600M - (40-0),1600,40-0,GOOD,"TURF - ""A+3"" Course",CITIGOLD PRIVATE CLIENT HANDICAP,875000,24.14 | 23.58 | 24.46 12.43 12.03 | 23.86 11.70 12.16,https://racing.hkjc.com/en-us/local/information/archive/localresults?racedate=2024/02/25&racecourse=ST&RaceNo=3,false
2024-02-25_ST_04,2024-02-25_ST,2024-02-25,ST,4,449,Class 4,Class 4 - 1200M - (60-40),1200,60-40,GOOD,"TURF - ""A+3"" Course",CITIGOLD HANDICAP,1170000,24.02 | 22.83 11.35 11.48 | 23.06 11.20 11.86,https://racing.hkjc.com/en-us/local/information/archive/localresults?racedate=2024/02/25&racecourse=ST&RaceNo=4,false
2024-02-25_ST_05,2024-02-25_ST,2024-02-25,ST,5,450,Class 4,Class 4 - 1200M - (60-40),1200,60-40,GOOD,"TURF - ""A+3"" Course",CITI ULTIMA HANDICAP,1170000,23.33 | 23.01 11.47 11.54 | 23.25 11.28 11.97,https://racing.hkjc.com/en-us/local/information/archive/localresults?racedate=2024/02/25&racecourse=ST&RaceNo=5,false
2024-02-25_ST_06,2024-02-25_ST,2024-02-25,ST,6,451,Class 4,Class 4 - 1400M - (60-40),1400,60-40,GOOD,"TURF - ""A+3"" Course",CITI WEALTH ADVISORY SERVICES HANDICAP,1170000,13.24 | 21.27 | 23.83 12.01 11.82 | 23.44 11.28 12.16,https://racing.hkjc.com/en-us/local/information/archive/localresults?racedate=2024/02/25&racecourse=ST&RaceNo=6,false
2024-02-25_ST_07,2024-02-25_ST,2024-02-25,ST,7,452,Group One,Group One - 2000M,2000,,GOOD,"TURF - ""A+3"" Course",THE CITI HONG KONG GOLD CUP,13000000,25.39 | 23.89 | 24.16 | 23.51 11.74 11.77 | 23.36 11.49 11.87,https://racing.hkjc.com/en-us/local/information/archive/localresults?racedate=2024/02/25&racecourse=ST&RaceNo=7,false
2024-02-25_ST_08,2024-02-25_ST,2024-02-25,ST,8,453,Class 3,Class 3 - 1600M - (80-60),1600,80-60,GOOD,"TURF - ""A+3"" Course",CITI INSURANCE SERVICES HANDICAP,2050000,24.37 | 22.85 | 23.40 11.63 11.77 | 24.09 11.73 12.36,https://racing.hkjc.com/en-us/local/information/archive/localresults?racedate=2024/02/25&racecourse=ST&RaceNo=8,false
2024-02-25_ST_09,2024-02-25_ST,2024-02-25,ST,9,454,Class 3,Class 3 - 1200M - (80-60),1200,80-60,GOOD,"TURF - ""A+3"" Course",CITI MORTGAGE SERVICES HANDICAP,1860000,23.48 | 22.99 11.56 11.43 | 23.10 11.07 12.03,https://racing.hkjc.com/en-us/local/information/archive/localresults?racedate=2024/02/25&racecourse=ST&RaceNo=9,false
2024-02-25_ST_10,2024-02-25_ST,2024-02-25,ST,10,455,Class 3,Class 3 - 1400M - (80-60),1400,80-60,GOOD,"TURF - ""A+3"" Course",CITI INVESTMENT SERVICES HANDICAP,1860000,13.84 | 21.92 | 23.73 11.79 11.94 | 22.92 11.28 11.64,https://racing.hkjc.com/en-us/local/information/archive/localresults?racedate=2024/02/25&racecourse=ST&RaceNo=10,false
2024-02-28_HV_01,2024-02-28_HV,2024-02-28,HV,1,456,Class 5,Class 5 - 1800M - (40-0),1800,40-0,GOOD,"TURF - ""A"" Course",SAI KUNG HANDICAP,875000,13.98 | 23.07 | 25.31 | 23.84 12.24 11.60 | 25.07 12.21 12.86,https://racing.hkjc.com/en-us/local/information/archive/localresults?racedate=2024/02/28&racecourse=HV&RaceNo=1,false
2024-02-28_HV_02,2024-02-28_HV,2024-02-28,HV,2,457,Class 5,Class 5 - 1200M - (40-0),1200,40-0,GOOD,"TURF - ""A"" Course",TAI PO HANDICAP,875000,24.18 | 23.16 11.22 11.94 | 24.06 11.96 12.10,https://racing.hkjc.com/en-us/local/information/archive/localresults?racedate=2024/02/28&racecourse=HV&RaceNo=2,false
2024-02-28_HV_03,2024-02-28_HV,2024-02-28,HV,3,458,Class 4,Class 4 - 1000M - (60-40),1000,60-40,GOOD,"TURF - ""A"" Course",FANLING HANDICAP,1170000,12.50 | 21.04 10.10 10.94 | 24.28 11.90 12.38,https://racing.hkjc.com/en-us/local/information/archive/localresults?racedate=2024/02/28&racecourse=HV&RaceNo=3,false
2024-02-28_HV_04,2024-02-28_HV,2024-02-28,HV,4,459,Class 4,Class 4 - 1650M - (60-40),1650,60-40,GOOD,"TURF - ""A"" Course",SHEUNG SHUI HANDICAP,1170000,29.27 | 24.50 | 23.92 11.99 11.93 | 24.28 12.03 12.25,https://racing.hkjc.com/en-us/local/information/archive/localresults?racedate=2024/02/28&racecourse=HV&RaceNo=4,false
2024-02-28_HV_05,2024-02-28_HV,2024-02-28,HV,5,460,Class 3,Class 3 - 1200M - (80-60),1200,80-60,GOOD,"TURF - ""A"" Course",THE ROTARY CENTENARY CHALLENGE CUP (HANDICAP),1860000,24.07 | 23.31 11.68 11.63 | 22.98 11.57 11.41,https://racing.hkjc.com/en-us/local/information/archive/localresults?racedate=2024/02/28&racecourse=HV&RaceNo=5,false
2024-02-28_HV_06,2024-02-28_HV,2024-02-28,HV,6,461,Class 4,Class 4 - 1200M - (60-40),1200,60-40,GOOD,"TURF - ""A"" Course",TSUEN WAN HANDICAP,1170000,24.26 | 23.53 11.47 12.06 | 23.61 11.94 11.67,https://racing.hkjc.com/en-us/local/information/archive/localresults?racedate=2024/02/28&racecourse=HV&RaceNo=6,false
2024-02-28_HV_07,2024-02-28_HV,2024-02-28,HV,7,462,Class 3,Class 3 - 1650M - (80-60),1650,80-60,GOOD,"TURF - ""A"" Course",TSING YI HANDICAP,2050000,28.50 | 24.03 | 23.67 11.84 11.83 | 24.81 12.24 12.57,https://racing.hkjc.com/en-us/local/information/archive/localresults?racedate=2024/02/28&racecourse=HV&RaceNo=7,false
2024-02-28_HV_08,2024-02-28_HV,2024-02-28,HV,8,463,Class 3,Class 3 - 1200M - (80-60),1200,80-60,GOOD,"TURF - ""A"" Course",KWAI CHUNG HANDICAP,1860000,23.79 | 22.94 11.20 11.74 | 23.94 11.98 11.96,https://racing.hkjc.com/en-us/local/information/archive/localresults?racedate=2024/02/28&racecourse=HV&RaceNo=8,false
2024-02-28_HV_09,2024-02-28_HV,2024-02-28,HV,9,464,Class 4,Class 4 - 1200M - (60-40),1200,60-40,GOOD,"TURF - ""A"" Course",TSUEN WAN HANDICAP,1170000,24.14 | 22.81 11.07 11.74 | 23.94 12.05 11.89,https://racing.hkjc.com/en-us/local/information/archive/localresults?racedate=2024/02/28&racecourse=HV&RaceNo=9,false
2024-03-03_ST_01,2024-03-03_ST,2024-03-03,ST,1,465,Class 5,Class 5 - 1650M - (40-0),1650,40-0,GOOD,ALL WEATHER TRACK,CUMBERLAND HANDICAP,875000,27.76 | 23.20 | 24.67 12.16 12.51 | 24.48 12.05 12.43,https://racing.hkjc.com/en-us/local/information/archive/localresults?racedate=2024/03/03&racecourse=ST&RaceNo=1,false
2024-03-03_ST_02,2024-03-03_ST,2024-03-03,ST,2,466,Class 4,Class 4 - 1200M - (60-40),1200,60-40,GOOD,"TURF - ""B+2"" Course",ESSEX HANDICAP,1170000,24.14 | 22.50 11.04 11.46 | 23.10 11.12 11.98,https://racing.hkjc.com/en-us/local/information/archive/localresults?racedate=2024/03/03&racecourse=ST&RaceNo=2,false
2024-03-03_ST_03,2024-03-03_ST,2024-03-03,ST,3,467,Class 2,Class 2 - 1650M - (100-80),1650,100-80,GOOD,ALL WEATHER TRACK,KENT HANDICAP,3120000,29.15 | 23.91 | 23.47 11.96 11.51 | 23.10 11.37 11.73,https://racing.hkjc.com/en-us/local/information/archive/localresults?racedate=2024/03/03&racecourse=ST&RaceNo=3,false
2024-03-03_ST_04,2024-03-03_ST,2024-03-03,ST,4,468,Class 4,Class 4 - 1600M - (60-40),1600,60-40,GOOD,"TURF - ""B+2"" Course",NORFOLK HANDICAP,1170000,24.52 | 22.58 | 23.98 12.07 11.91 | 23.73 11.85 11.88,https://racing.hkjc.com/en-us/local/information/archive/localresults?racedate=2024/03/03&racecourse=ST&RaceNo=4,false
2024-03-03_ST_05,2024-03-03_ST,2024-03-03,ST,5,469,Class 3,Class 3 - 1200M - (80-60),1200,80-60,GOOD,"TURF - ""B+2"" Course",THE KOWLOON TONG CLUB TROPHY (HANDICAP),1860000,23.75 | 22.43 10.97 11.46 | 23.31 11.40 11.91,https://racing.hkjc.com/en-us/local/information/archive/localresults?racedate=2024/03/03&racecourse=ST&RaceNo=5,false
2024-03-03_ST_06,2024-03-03_ST,2024-03-03,ST,6,470,Class 4,Class 4 - 1200M - (60-40),1200,60-40,GOOD,"TURF - ""B+2"" Course",ESSEX HANDICAP,1170000,24.15 | 22.65 11.18 11.47 | 23.37 11.41 11.96,https://racing.hkjc.com/en-us/local/information/archive/localresults?racedate=2024/03/03&racecourse=ST&RaceNo=6,false
2024-03-03_ST_07,2024-03-03_ST,2024-03-03,ST,7,471,4 Year Olds,4 Year Olds - 1800M,1800,,GOOD,"TURF - ""B+2"" Course",THE HONG KONG CLASSIC CUP,13000000,14.24 | 22.09 | 23.79 | 24.40 12.42 11.98 | 23.21 11.43 11.78,https://racing.hkjc.com/en-us/local/information/archive/localresults?racedate=2024/03/03&racecourse=ST&RaceNo=7,false
2024-03-03_ST_08,2024-03-03_ST,2024-03-03,ST,8,472,Class 2,Class 2 - 1000M - (105-80),1000,105-80,GOOD,"TURF - ""B+2"" Course",RUTLAND HANDICAP,2840000,13.23 | 21.04 10.38 10.66 | 22.39 10.85 11.54,https://racing.hkjc.com/en-us/local/information/archive/localresults?racedate=2024/03/03&racecourse=ST&RaceNo=8,false
2024-03-03_ST_09,2024-03-03_ST,2024-03-03,ST,9,473,Class 3,Class 3 - 2000M - (80-60),2000,80-60,GOOD,"TURF - ""B+2"" Course",SOMERSET HANDICAP,2050000,25.83 | 24.36 | 24.23 | 24.15 11.91 12.24 | 23.80 11.78 12.02,https://racing.hkjc.com/en-us/local/information/archive/localresults?racedate=2024/03/03&racecourse=ST&RaceNo=9,false
2024-03-03_ST_10,2024-03-03_ST,2024-03-03,ST,10,474,Class 3,Class 3 - 1400M - (80-60),1400,80-60,GOOD,"TURF - ""B+2"" Course",SUFFOLK HANDICAP,1860000,13.40 | 21.46 | 24.09 12.11 11.98 | 23.24 11.33 11.91,https://racing.hkjc.com/en-us/local/information/archive/localresults?racedate=2024/03/03&racecourse=ST&RaceNo=10,false
2024-03-06_HV_01,2024-03-06_HV,2024-03-06,HV,1,475,Class 5,Class 5 - 1200M - (40-0),1200,40-0,GOOD,"TURF - ""B"" Course",KWOON CHUNG MOTORS HANDICAP,875000,24.00 | 23.29 11.75 11.54 | 23.39 11.38 12.01,https://racing.hkjc.com/en-us/local/information/archive/localresults?racedate=2024/03/06&racecourse=HV&RaceNo=1,false
2024-03-06_HV_02,2024-03-06_HV,2024-03-06,HV,2,476,Class 5,Class 5 - 1650M - (40-0),1650,40-0,GOOD,"TURF - ""B"" Course",KWOON CHUNG CROSS BOUNDARY SERVICE HANDICAP,875000,28.01 | 22.92 | 24.59 12.21 12.38 | 25.39 12.70 12.69,https://racing.hkjc.com/en-us/local/information/archive/localresults?racedate=2024/03/06&racecourse=HV&RaceNo=2,false
2024-03-06_HV_03,2024-03-06_HV,2024-03-06,HV,3,477,Class 4,Class 4 - 1800M - (60-40),1800,60-40,GOOD,"TURF - ""B"" Course",TRANS-ISLAND CHINALINK HANDICAP,1170000,13.86 | 23.53 | 24.47 | 24.00 11.86 12.14 | 25.16 12.24 12.92,https://racing.hkjc.com/en-us/local/information/archive/localresults?racedate=2024/03/06&racecourse=HV&RaceNo=3,false
2024-03-06_HV_04,2024-03-06_HV,2024-03-06,HV,4,478,Class 3,Class 3 - 1200M - (80-60),1200,80-60,GOOD,"TURF - ""B"" Course",KWOON CHUNG INTERCONTINENTAL LIMOUSINE HANDICAP,1860000,23.53 | 22.83 11.06 11.77 | 23.76 11.99 11.77,https://racing.hkjc.com/en-us/local/information/archive/localresults?racedate=2024/03/06&racecourse=HV&RaceNo=4,false
2024-03-06_HV_05,2024-03-06_HV,2024-03-06,HV,5,479,Class 3,Class 3 - 1650M - (80-60),1650,80-60,GOOD,"TURF - ""B"" Course",NEW LANTAO BUS HANDICAP,2050000,28.19 | 24.38 | 24.46 12.28 12.18 | 24.10 11.99 12.11,https://racing.hkjc.com/en-us/local/information/archive/localresults?racedate=2024/03/06&racecourse=HV&RaceNo=5,false
2024-03-06_HV_06,2024-03-06_HV,2024-03-06,HV,6,480,Class 4,Class 4 - 1200M - (60-40),1200,60-40,GOOD,"TURF - ""B"" Course",KWOON CHUNG INCLUSIVE & ACCESSIBLE SERVICE HANDICAP,1170000,23.37 | 22.79 11.24 11.55 | 24.32 12.12 12.20,https://racing.hkjc.com/en-us/local/information/archive/localresults?racedate=2024/03/06&racecourse=HV&RaceNo=6,false
2024-03-06_HV_07,2024-03-06_HV,2024-03-06,HV,7,481,Class 3,Class 3 - 1200M - (80-60),1200,80-60,GOOD,"TURF - ""B"" Course",THE KWOON CHUNG BUS CUP (HANDICAP),1860000,23.81 | 22.29 11.03 11.26 | 23.79 11.60 12.19,https://racing.hkjc.com/en-us/local/information/archive/localresults?racedate=2024/03/06&racecourse=HV&RaceNo=7,false
2024-03-06_HV_08,2024-03-06_HV,2024-03-06,HV,8,482,Class 4,Class 4 - 1650M - (60-40),1650,60-40,GOOD,"TURF - ""B"" Course",KC SMART MOBILITY HANDICAP,1170000,29.07 | 24.27 | 24.69 12.47 12.22 | 23.84 11.85 11.99,https://racing.hkjc.com/en-us/local/information/archive/localresults?racedate=2024/03/06&racecourse=HV&RaceNo=8,false
2024-03-06_HV_09,2024-03-06_HV,2024-03-06,HV,9,483,Class 4,Class 4 - 1200M - (60-40),1200,60-40,GOOD,"TURF - ""B"" Course",TAI FUNG COACH HANDICAP,1170000,23.82 | 23.00 11.32 11.68 | 23.95 11.86 12.09,https://racing.hkjc.com/en-us/local/information/archive/localresults?racedate=2024/03/06&racecourse=HV&RaceNo=9,false
2024-03-10_ST_01,2024-03-10_ST,2024-03-10,ST,1,484,Class 5,Class 5 - 1800M - (40-0),1800,40-0,GOOD,"TURF - ""C"" Course",HAU WONG HANDICAP,875000,14.15 | 22.74 | 24.23 | 24.49 12.50 11.99 | 23.49 11.56 11.93,https://racing.hkjc.com/en-us/local/information/archive/localresults?racedate=2024/03/10&racecourse=ST&RaceNo=1,false
2024-03-10_ST_02,2024-03-10_ST,2024-03-10,ST,2,485,Class 4,Class 4 - 1000M - (60-40),1000,60-40,GOOD,"TURF - ""C"" Course",JUNCTION HANDICAP,1170000,13.29 | 21.22 10.52 10.70 | 23.32 11.44 11.88,https://racing.hkjc.com/en-us/local/information/archive/localresults?racedate=2024/03/10&racecourse=ST&RaceNo=2,false
2024-03-10_ST_03,2024-03-10_ST,2024-03-10,ST,3,486,Class 3,Class 3 - 1200M - (80-60),1200,80-60,GOOD,"TURF - ""C"" Course",NAM KOK HANDICAP,1860000,24.30 | 22.51 11.27 11.24 | 23.23 11.14 12.09,https://racing.hkjc.com/en-us/local/information/archive/localresults?racedate=2024/03/10&racecourse=ST&RaceNo=3,false
2024-03-10_ST_04,2024-03-10_ST,2024-03-10,ST,4,487,Class 4,Class 4 - 1400M - (60-40),1400,60-40,GOOD,"TURF - ""C"" Course",LUNG KONG HANDICAP,1170000,13.38 | 21.49 | 23.23 11.52 11.71 | 24.20 11.85 12.35,https://racing.hkjc.com/en-us/local/information/archive/localresults?racedate=2024/03/10&racecourse=ST&RaceNo=4,false
2024-03-10_ST_05,2024-03-10_ST,2024-03-10,ST,5,488,Class 4,Class 4 - 1200M - (60-40),1200,60-40,GOOD,"TURF - ""C"" Course",THE LOK SIN TONG CUP (HANDICAP),1170000,23.57 | 22.45 10.96 11.49 | 23.96 11.82 12.14,https://racing.hkjc.com/en-us/local/information/archive/localresults?racedate=2024/03/10&racecourse=ST&RaceNo=5,false
2024-03-10_ST_06,2024-03-10_ST,2024-03-10,ST,6,489,Class 4,Class 4 - 1400M - (60-40),1400,60-40,GOOD,"TURF - ""C"" Course",LUNG KONG HANDICAP,1170000,13.34 | 21.75 | 23.68 11.74 11.94 | 23.50 11.54 11.96,https://racing.hkjc.com/en-us/local/information/archive/localresults?racedate=2024/03/10&racecourse=ST&RaceNo=6,false
2024-03-10_ST_07,2024-03-10_ST,2024-03-10,ST,7,490,Group One,Group One - 1400M,1400,,GOOD,"TURF - ""C"" Course",THE QUEEN'S SILVER JUBILEE CUP,13000000,13.43 | 22.83 | 23.29 11.85 11.44 | 22.63 11.05 11.58,https://racing.hkjc.com/en-us/local/information/archive/localresults?racedate=2024/03/10&racecourse=ST&RaceNo=7,false
2024-03-10_ST_08,2024-03-10_ST,2024-03-10,ST,8,491,Class 3,Class 3 - 1000M - (80-60),1000,80-60,GOOD,"TURF - ""C"" Course",NGA TSIN WAI HANDICAP,1860000,12.87 | 20.63 10.13 10.50 | 23.20 11.30 11.90,https://racing.hkjc.com/en-us/local/information/archive/localresults?racedate=2024/03/10&racecourse=ST&RaceNo=8,false
2024-03-10_ST_09,2024-03-10_ST,2024-03-10,ST,9,492,Class 2,Class 2 - 1800M - (105-80),1800,105-80,GOOD TO YIELDING,"TURF - ""C"" Course",SOUTH WALL HANDICAP,3120000,13.87 | 22.82 | 24.17 | 24.16 12.32 11.84 | 23.92 11.61 12.31,https://racing.hkjc.com/en-us/local/information/archive/localresults?racedate=2024/03/10&racecourse=ST&RaceNo=9,false
2024-03-10_ST_10,2024-03-10_ST,2024-03-10,ST,10,493,Class 3,Class 3 - 1600M - (80-60),1600,80-60,GOOD TO YIELDING,"TURF - ""C"" Course",TAK KU LING HANDICAP,2050000,24.36 | 23.10 | 24.51 12.24 12.27 | 24.62 11.96 12.66,https://racing.hkjc.com/en-us/local/information/archive/localresults?racedate=2024/03/10&racecourse=ST&RaceNo=10,false
2024-03-13_HV_01,2024-03-13_HV,2024-03-13,HV,1,494,Class 5,Class 5 - 1000M - (40-0),1000,40-0,GOOD,"TURF - ""C"" Course",AP LEI CHAU HANDICAP,875000,12.59 | 21.81 10.64 11.17 | 23.02 11.21 11.81,https://racing.hkjc.com/en-us/local/information/archive/localresults?racedate=2024/03/13&racecourse=HV&RaceNo=1,false
2024-03-13_HV_02,2024-03-13_HV,2024-03-13,HV,2,495,Class 3,Class 3 - 1200M - (80-60),1200,80-60,GOOD,"TURF - ""C"" Course",CHEUNG CHAU HANDICAP,1860000,23.68 | 22.57 11.03 11.54 | 23.73 11.71 12.02,https://racing.hkjc.com/en-us/local/information/archive/localresults?racedate=2024/03/13&racecourse=HV&RaceNo=2,false
2024-03-13_HV_03,2024-03-13_HV,2024-03-13,HV,3,496,Class 5,Class 5 - 1650M - (40-0),1650,40-0,GOOD,"TURF - ""C"" Course",LAMMA ISLAND HANDICAP,875000,28.57 | 23.55 | 24.41 12.12 12.29 | 24.68 12.25 12.43,https://racing.hkjc.com/en-us/local/information/archive/localresults?racedate=2024/03/13&racecourse=HV&RaceNo=3,false
2024-03-13_HV_04,2024-03-13_HV,2024-03-13,HV,4,497,Class 4,Class 4 - 1200M - (60-40),1200,60-40,GOOD,"TURF - ""C"" Course",GREEN ISLAND HANDICAP,1170000,24.18 | 23.30 11.36 11.94 | 23.18 11.48 11.70,https://racing.hkjc.com/en-us/local/information/archive/localresults?racedate=2024/03/13&racecourse=HV&RaceNo=4,false
2024-03-13_HV_05,2024-03-13_HV,2024-03-13,HV,5,498,Class 4,Class 4 - 1200M - (60-40),1200,60-40,GOOD,"TURF - ""C"" Course",THE IRELAND TROPHY (HANDICAP),1170000,23.79 | 23.02 11.31 11.71 | 23.60 11.62 11.98,https://racing.hkjc.com/en-us/local/information/archive/localresults?racedate=2024/03/13&racecourse=HV&RaceNo=5,false
2024-03-13_HV_06,2024-03-13_HV,2024-03-13,HV,6,499,Class 3,Class 3 - 1200M - (80-60),1200,80-60,GOOD,"TURF - ""C"" Course",CHEUNG CHAU HANDICAP,1860000,23.84 | 22.85 11.09 11.76 | 23.11 11.53 11.58,https://racing.hkjc.com/en-us/local/information/archive/localresults?racedate=2024/03/13&racecourse=HV&RaceNo=6,false
2024-03-13_HV_07,2024-03-13_HV,2024-03-13,HV,7,500,Class 4,Class 4 - 1650M - (60-40),1650,60-40,GOOD,"TURF - ""C"" Course",MA WAN HANDICAP,1170000,28.34 | 23.90 | 24.12 11.79 12.33 | 24.37 12.37 12.00,https://racing.hkjc.com/en-us/local/information/archive/localresults?racedate=2024/03/13&racecourse=HV&RaceNo=7,false
2024-03-13_HV_08,2024-03-13_HV,2024-03-13,HV,8,501,Class 3,Class 3 - 1800M - (80-60),1800,80-60,GOOD,"TURF - ""C"" Course",PENG CHAU HANDICAP,2050000,13.85 | 23.14 | 24.65 | 24.91 12.56 12.35 | 23.65 11.83 11.82,https://racing.hkjc.com/en-us/local/information/archive/localresults?racedate=2024/03/13&racecourse=HV&RaceNo=8,false
2024-03-13_HV_09,2024-03-13_HV,2024-03-13,HV,9,502,Class 2,Class 2 - 1200M - (100-80),1200,100-80,GOOD,"TURF - ""C"" Course",SOKO ISLANDS HANDICAP,2840000,23.76 | 22.71 11.16 11.55 | 23.64 11.47 12.17,https://racing.hkjc.com/en-us/local/information/archive/localresults?racedate=2024/03/13&racecourse=HV&RaceNo=9,false
2024-03-16_ST_01,2024-03-16_ST,2024-03-16,ST,1,503,Class 5,Class 5 - 1200M - (40-0),1200,40-0,GOOD,ALL WEATHER TRACK,CASTLE PEAK HANDICAP,875000,23.48 | 22.03 10.72 11.31 | 23.72 11.40 12.32,https://racing.hkjc.com/en-us/local/information/archive/localresults?racedate=2024/03/16&racecourse=ST&RaceNo=1,false
2024-03-16_ST_02,2024-03-16_ST,2024-03-16,ST,2,504,Class 4,Class 4 - 1200M - (60-40),1200,60-40,GOOD,ALL WEATHER TRACK,LAI PEK SHAN HANDICAP,1170000,23.39 | 22.29 10.99 11.30 | 23.15 11.26 11.89,https://racing.hkjc.com/en-us/local/information/archive/localresults?racedate=2024/03/16&racecourse=ST&RaceNo=2,false
2024-03-16_ST_03,2024-03-16_ST,2024-03-16,ST,3,505,Class 4,Class 4 - 1200M - (60-40),1200,60-40,GOOD,"TURF - ""C+3"" Course",NEEDLE HILL HANDICAP,1170000,23.42 | 21.96 10.74 11.22 | 23.64 11.41 12.23,https://racing.hkjc.com/en-us/local/information/archive/localresults?racedate=2024/03/16&racecourse=ST&RaceNo=3,false
2024-03-16_ST_04,2024-03-16_ST,2024-03-16,ST,4,506,Class 4,Class 4 - 1800M - (60-40),1800,60-40,GOOD,"TURF - ""C+3"" Course",SAI WAN SHAN HANDICAP,1170000,13.95 | 21.69 | 23.29 | 24.34 12.12 12.22 | 24.53 12.11 12.42,https://racing.hkjc.com/en-us/local/information/archive/localresults?racedate=2024/03/16&racecourse=ST&RaceNo=4,false
2024-03-16_ST_05,2024-03-16_ST,2024-03-16,ST,5,507,Class 3,Class 3 - 1200M - (80-60),1200,80-60,GOOD,"TURF - ""C+3"" Course",THE HEUNG YEE KUK CUP (HANDICAP),1860000,23.60 | 22.07 10.90 11.17 | 23.16 11.24 11.92,https://racing.hkjc.com/en-us/local/information/archive/localresults?racedate=2024/03/16&racecourse=ST&RaceNo=5,false
2024-03-16_ST_06,2024-03-16_ST,2024-03-16,ST,6,508,Class 4,Class 4 - 1200M - (60-40),1200,60-40,GOOD,"TURF - ""C+3"" Course",NEEDLE HILL HANDICAP,1170000,23.29 | 22.96 11.35 11.61 | 23.17 11.38 11.79,https://racing.hkjc.com/en-us/local/information/archive/localresults?racedate=2024/03/16&racecourse=ST&RaceNo=6,false
2024-03-16_ST_07,2024-03-16_ST,2024-03-16,ST,7,509,Class 3,Class 3 - 1200M - (80-60),1200,80-60,GOOD,ALL WEATHER TRACK,THE ASSOCIATION OF HONG KONG RACING JOURNALISTS CHALLENGE CUP (HANDICAP),1860000,23.31 | 22.02 10.61 11.41 | 22.57 11.05 11.52,https://racing.hkjc.com/en-us/local/information/archive/localresults?racedate=2024/03/16&racecourse=ST&RaceNo=7,false
2024-03-16_ST_08,2024-03-16_ST,2024-03-16,ST,8,510,Class 4,Class 4 - 1400M - (60-40),1400,60-40,GOOD,"TURF - ""C+3"" Course",SHEK NGA SHAN HANDICAP,1170000,13.45 | 21.53 | 23.90 12.10 11.80 | 23.53 11.60 11.93,https://racing.hkjc.com/en-us/local/information/archive/localresults?racedate=2024/03/16&racecourse=ST&RaceNo=8,false
2024-03-16_ST_09,2024-03-16_ST,2024-03-16,ST,9,511,Class 2,Class 2 - 1400M - (100-80),1400,100-80,GOOD,"TURF - ""C+3"" Course",SHEUNG YEUNG SHAN HANDICAP,2840000,13.21 | 21.47 | 23.77 11.84 11.93 | 22.97 11.18 11.79,https://racing.hkjc.com/en-us/local/information/archive/localresults?racedate=2024/03/16&racecourse=ST&RaceNo=9,false
2024-03-16_ST_10,2024-03-16_ST,2024-03-16,ST,10,512,Class 3,Class 3 - 1400M - (80-60),1400,80-60,GOOD,"TURF - ""C+3"" Course",WONG LENG HANDICAP,1860000,13.68 | 21.72 | 23.06 11.58 11.48 | 23.37 11.46 11.91,https://racing.hkjc.com/en-us/local/information/archive/localresults?racedate=2024/03/16&racecourse=ST&RaceNo=10,false
2024-03-20_HV_01,2024-03-20_HV,2024-03-20,HV,1,513,Class 5,Class 5 - 1800M - (40-0),1800,40-0,GOOD,"TURF - ""C+3"" Course",BOWRINGTON HANDICAP,875000,13.91 | 22.99 | 24.58 | 23.86 11.96 11.90 | 24.82 12.30 12.52,https://racing.hkjc.com/en-us/local/information/archive/localresults?racedate=2024/03/20&racecourse=HV&RaceNo=1,false
2024-03-20_HV_02,2024-03-20_HV,2024-03-20,HV,2,514,Class 4,Class 4 - 1000M - (60-40),1000,60-40,GOOD,"TURF - ""C+3"" Course",CANAL HANDICAP,1170000,12.33 | 21.31 10.49 10.82 | 23.04 11.21 11.83,https://racing.hkjc.com/en-us/local/information/archive/localresults?racedate=2024/03/20&racecourse=HV&RaceNo=2,false
2024-03-20_HV_03,2024-03-20_HV,2024-03-20,HV,3,515,Class 5,Class 5 - 1200M - (40-0),1200,40-0,GOOD,"TURF - ""C+3"" Course",LEIGHTON HANDICAP,875000,23.70 | 22.88 11.25 11.63 | 24.01 11.89 12.12,https://racing.hkjc.com/en-us/local/information/archive/localresults?racedate=2024/03/20&racecourse=HV&RaceNo=3,false
2024-03-20_HV_04,2024-03-20_HV,2024-03-20,HV,4,516,Class 4,Class 4 - 1200M - (60-40),1200,60-40,GOOD,"TURF - ""C+3"" Course",WONG NAI CHUNG HANDICAP,1170000,24.31 | 23.27 11.56 11.71 | 22.85 11.33 11.52,https://racing.hkjc.com/en-us/local/information/archive/localresults?racedate=2024/03/20&racecourse=HV&RaceNo=4,false
2024-03-20_HV_05,2024-03-20_HV,2024-03-20,HV,5,517,Class 4,Class 4 - 1200M - (60-40),1200,60-40,GOOD,"TURF - ""C+3"" Course",THE CRAIGENGOWER CRICKET CLUB CHALLENGE CUP (HANDICAP),1170000,23.16 | 22.80 11.12 11.68 | 23.64 11.68 11.96,https://racing.hkjc.com/en-us/local/information/archive/localresults?racedate=2024/03/20&racecourse=HV&RaceNo=5,false
2024-03-20_HV_06,2024-03-20_HV,2024-03-20,HV,6,518,Class 4,Class 4 - 1650M - (60-40),1650,60-40,GOOD,"TURF - ""C+3"" Course",PERCIVAL HANDICAP,1170000,27.57 | 22.85 | 25.21 12.64 12.57 | 24.46 12.25 12.21,https://racing.hkjc.com/en-us/local/information/archive/localresults?racedate=2024/03/20&racecourse=HV&RaceNo=6,false
2024-03-20_HV_07,2024-03-20_HV,2024-03-20,HV,7,519,Class 4,Class 4 - 1650M - (60-40),1650,60-40,GOOD,"TURF - ""C+3"" Course",PERCIVAL HANDICAP,1170000,28.25 | 23.14 | 24.81 12.19 12.62 | 24.41 12.33 12.08,https://racing.hkjc.com/en-us/local/information/archive/localresults?racedate=2024/03/20&racecourse=HV&RaceNo=7,false
2024-03-20_HV_08,2024-03-20_HV,2024-03-20,HV,8,520,Class 3,Class 3 - 1650M - (80-60),1650,80-60,GOOD,"TURF - ""C+3"" Course",RUSSELL HANDICAP,2050000,28.53 | 24.78 | 24.76 12.63 12.13 | 23.24 11.63 11.61,https://racing.hkjc.com/en-us/local/information/archive/localresults?racedate=2024/03/20&racecourse=HV&RaceNo=8,false
2024-03-20_HV_09,2024-03-20_HV,2024-03-20,HV,9,521,Class 3,Class 3 - 1200M - (80-60),1200,80-60,GOOD,"TURF - ""C+3"" Course",TIN LOK HANDICAP,1860000,23.63 | 23.21 11.36 11.85 | 23.08 11.74 11.34,https://racing.hkjc.com/en-us/local/information/archive/localresults?racedate=2024/03/20&racecourse=HV&RaceNo=9,false
2024-03-24_ST_01,2024-03-24_ST,2024-03-24,ST,1,522,Class 4,Class 4 - 1200M - (60-40),1200,60-40,GOOD,"TURF - ""A"" Course",FURORE HANDICAP,1170000,23.94 | 22.24 11.13 11.11 | 22.58 10.93 11.65,https://racing.hkjc.com/en-us/local/information/archive/localresults?racedate=2024/03/24&racecourse=ST&RaceNo=1,false
2024-03-24_ST_02,2024-03-24_ST,2024-03-24,ST,2,523,Class 4,Class 4 - 1400M - (60-40),1400,60-40,GOOD,"TURF - ""A"" Course",FAY FAY HANDICAP,1170000,13.11 | 22.11 | 23.66 12.12 11.54 | 23.04 11.14 11.90,https://racing.hkjc.com/en-us/local/information/archive/localresults?racedate=2024/03/24&racecourse=ST&RaceNo=2,false
2024-03-24_ST_03,2024-03-24_ST,2024-03-24,ST,3,524,Class 4,Class 4 - 1200M - (60-40),1200,60-40,GOOD,"TURF - ""A"" Course",PING HAI STAR HANDICAP,1170000,23.68 | 22.77 11.39 11.38 | 22.59 10.86 11.73,https://racing.hkjc.com/en-us/local/information/archive/localresults?racedate=2024/03/24&racecourse=ST&RaceNo=3,false
2024-03-24_ST_04,2024-03-24_ST,2024-03-24,ST,4,525,Class 4,Class 4 - 1600M - (60-40),1600,60-40,GOOD TO FIRM,"TURF - ""A"" Course",LUGER HANDICAP,1170000,24.29 | 22.82 | 23.87 12.11 11.76 | 23.30 11.55 11.75,https://racing.hkjc.com/en-us/local/information/archive/localresults?racedate=2024/03/24&racecourse=ST&RaceNo=4,false
2024-03-24_ST_05,2024-03-24_ST,2024-03-24,ST,5,526,Class 3,Class 3 - 1200M - (80-60),1200,80-60,GOOD TO FIRM,"TURF - ""A"" Course",WERTHER HANDICAP,1860000,23.36 | 22.29 10.96 11.33 | 22.54 10.77 11.77,https://racing.hkjc.com/en-us/local/information/archive/localresults?racedate=2024/03/24&racecourse=ST&RaceNo=5,false
2024-03-24_ST_06,2024-03-24_ST,2024-03-24,ST,6,527,Class 4,Class 4 - 1400M - (60-40),1400,60-40,GOOD TO FIRM,"TURF - ""A"" Course",SKY DARCI HANDICAP,1170000,13.44 | 21.28 | 23.20 11.56 11.64 | 23.60 11.44 12.16,https://racing.hkjc.com/en-us/local/information/archive/localresults?racedate=2024/03/24&racecourse=ST&RaceNo=6,false
2024-03-24_ST_07,2024-03-24_ST,2024-03-24,ST,7,528,4 Year Olds,4 Year Olds - 2000M,2000,,GOOD TO FIRM,"TURF - ""A"" Course",THE BMW HONG KONG DERBY 2024,26000000,25.53 | 23.92 | 23.32 | 22.94 11.44 11.50 | 24.14 11.69 12.45,https://racing.hkjc.com/en-us/local/information/archive/localresults?racedate=2024/03/24&racecourse=ST&RaceNo=7,false
2024-03-24_ST_08,2024-03-24_ST,2024-03-24,ST,8,529,Class 1,Class 1 - 1200M - (85+),1200,85+,GOOD TO FIRM,"TURF - ""A"" Course",RAPPER DRAGON HANDICAP,3720000,23.33 | 21.88 10.81 11.07 | 22.66 11.14 11.52,https://racing.hkjc.com/en-us/local/information/archive/localresults?racedate=2024/03/24&racecourse=ST&RaceNo=8,false
2024-03-24_ST_09,2024-03-24_ST,2024-03-24,ST,9,530,Class 3,Class 3 - 1800M - (85-60),1800,85-60,GOOD TO FIRM,"TURF - ""A"" Course",DESIGNS ON ROME HANDICAP,2050000,13.80 | 21.94 | 23.26 | 24.73 12.55 12.18 | 23.49 11.58 11.91,https://racing.hkjc.com/en-us/local/information/archive/localresults?racedate=2024/03/24&racecourse=ST&RaceNo=9,false
2024-03-24_ST_10,2024-03-24_ST,2024-03-24,ST,10,531,Class 3,Class 3 - 1400M - (80-60),1400,80-60,GOOD TO FIRM,"TURF - ""A"" Course",AMBITIOUS DRAGON HANDICAP,1860000,13.31 | 22.05 | 23.29 11.73 11.56 | 22.92 11.26 11.66,https://racing.hkjc.com/en-us/local/information/archive/localresults?racedate=2024/03/24&racecourse=ST&RaceNo=10,false
2024-03-27_HV_01,2024-03-27_HV,2024-03-27,HV,1,532,Class 4,Class 4 - 1650M - (60-40),1650,60-40,GOOD,"TURF - ""A"" Course",TO KWA WAN HANDICAP,1170000,27.98 | 25.17 | 24.40 12.41 11.99 | 23.64 11.63 12.01,https://racing.hkjc.com/en-us/local/information/archive/localresults?racedate=2024/03/27&racecourse=HV&RaceNo=1,false
2024-03-27_HV_02,2024-03-27_HV,2024-03-27,HV,2,533,Class 4,Class 4 - 2200M - (60-40),2200,60-40,GOOD,"TURF - ""A"" Course",MA TAU WAI HANDICAP,1170000,14.46 | 23.44 | 25.33 | 24.75 | 25.24 12.71 12.53 | 24.69 12.15 12.54,https://racing.hkjc.com/en-us/local/information/archive/localresults?racedate=2024/03/27&racecourse=HV&RaceNo=2,false
2024-03-27_HV_03,2024-03-27_HV,2024-03-27,HV,3,534,Class 5,Class 5 - 1650M - (40-0),1650,40-0,GOOD,"TURF - ""A"" Course",WANG TAU HOM HANDICAP,875000,28.25 | 25.05 | 23.78 11.80 11.98 | 24.29 12.27 12.02,https://racing.hkjc.com/en-us/local/information/archive/localresults?racedate=2024/03/27&racecourse=HV&RaceNo=3,false
2024-03-27_HV_04,2024-03-27_HV,2024-03-27,HV,4,535,Class 4,Class 4 - 1200M - (60-40),1200,60-40,GOOD,"TURF - ""A"" Course",LOK FU HANDICAP,1170000,23.94 | 22.65 11.02 11.63 | 23.99 12.06 11.93,https://racing.hkjc.com/en-us/local/information/archive/localresults?racedate=2024/03/27&racecourse=HV&RaceNo=4,false
2024-03-27_HV_05,2024-03-27_HV,2024-03-27,HV,5,536,Class 4,Class 4 - 1650M - (60-40),1650,60-40,GOOD,"TURF - ""A"" Course",TO KWA WAN HANDICAP,1170000,27.99 | 23.71 | 23.86 11.61 12.25 | 24.79 12.43 12.36,https://racing.hkjc.com/en-us/local/information/archive/localresults?racedate=2024/03/27&racecourse=HV&RaceNo=5,false
2024-03-27_HV_06,2024-03-27_HV,2024-03-27,HV,6,537,Class 4,Class 4 - 1200M - (60-40),1200,60-40,GOOD,"TURF - ""A"" Course",LOK FU HANDICAP,1170000,23.66 | 22.70 11.07 11.63 | 23.99 11.89 12.10,https://racing.hkjc.com/en-us/local/information/archive/localresults?racedate=2024/03/27&racecourse=HV&RaceNo=6,false
2024-03-27_HV_07,2024-03-27_HV,2024-03-27,HV,7,538,Class 3,Class 3 - 1000M - (80-60),1000,80-60,GOOD,"TURF - ""A"" Course",HOK YUEN HANDICAP,1860000,12.62 | 21.13 10.09 11.04 | 23.13 11.36 11.77,https://racing.hkjc.com/en-us/local/information/archive/localresults?racedate=2024/03/27&racecourse=HV&RaceNo=7,false
2024-03-27_HV_08,2024-03-27_HV,2024-03-27,HV,8,539,Class 3,Class 3 - 1650M - (80-60),1650,80-60,GOOD,"TURF - ""A"" Course",MA TAU KOK HANDICAP,2050000,28.44 | 23.99 | 23.71 11.78 11.93 | 23.84 12.09 11.75,https://racing.hkjc.com/en-us/local/information/archive/localresults?racedate=2024/03/27&racecourse=HV&RaceNo=8,false
2024-03-27_HV_09,2024-03-27_HV,2024-03-27,HV,9,540,Class 3,Class 3 - 1200M - (80-60),1200,80-60,GOOD,"TURF - ""A"" Course",KOWLOON CITY HANDICAP,1860000,23.27 | 22.68 11.10 11.58 | 23.65 11.67 11.98,https://racing.hkjc.com/en-us/local/information/archive/localresults?racedate=2024/03/27&racecourse=HV&RaceNo=9,false
2024-03-31_ST_01,2024-03-31_ST,2024-03-31,ST,1,541,Class 5,Class 5 - 1400M - (40-0),1400,40-0,GOOD,"TURF - ""A+3"" Course",NEW ASIA ALUMNI HANDICAP,875000,13.36 | 21.77 | 24.11 12.32 11.79 | 23.03 11.42 11.61,https://racing.hkjc.com/en-us/local/information/archive/localresults?racedate=2024/03/31&racecourse=ST&RaceNo=1,false
2024-03-31_ST_02,2024-03-31_ST,2024-03-31,ST,2,542,Class 5,Class 5 - 1200M - (40-0),1200,40-0,GOOD,"TURF - ""A+3"" Course",CHUNG CHI ALUMNI HANDICAP,875000,24.17 | 22.53 11.00 11.53 | 23.13 11.49 11.64,https://racing.hkjc.com/en-us/local/information/archive/localresults?racedate=2024/03/31&racecourse=ST&RaceNo=2,false
2024-03-31_ST_03,2024-03-31_ST,2024-03-31,ST,3,543,Class 2,Class 2 - 1600M - (100-80),1600,100-80,GOOD,"TURF - ""A+3"" Course",UNITED ALUMNI HANDICAP,3120000,25.61 | 23.88 | 22.78 11.60 11.18 | 22.88 11.05 11.83,https://racing.hkjc.com/en-us/local/information/archive/localresults?racedate=2024/03/31&racecourse=ST&RaceNo=3,false
2024-03-31_ST_04,2024-03-31_ST,2024-03-31,ST,4,544,Class 4,Class 4 - 1000M - (60-40),1000,60-40,GOOD,"TURF - ""A+3"" Course",FACULTY OF EDUCATION ALUMNI HANDICAP,1170000,12.97 | 20.84 10.16 10.68 | 22.97 11.16 11.81,https://racing.hkjc.com/en-us/local/information/archive/localresults?racedate=2024/03/31&racecourse=ST&RaceNo=4,false
2024-03-31_ST_05,2024-03-31_ST,2024-03-31,ST,5,545,Class 4,Class 4 - 1400M - (60-40),1400,60-40,GOOD,"TURF - ""A+3"" Course",THE CUHK ALUMNI CUP (HANDICAP),1170000,13.52 | 21.89 | 23.99 11.99 12.00 | 23.47 11.64 11.83,https://racing.hkjc.com/en-us/local/information/archive/localresults?racedate=2024/03/31&racecourse=ST&RaceNo=5,false
2024-03-31_ST_06,2024-03-31_ST,2024-03-31,ST,6,546,Class 4,Class 4 - 1400M - (60-40),1400,60-40,GOOD,"TURF - ""A+3"" Course",GRADUATE SCHOOL ALUMNI HANDICAP,1170000,13.46 | 23.11 | 23.27 11.83 11.44 | 23.16 11.26 11.90,https://racing.hkjc.com/en-us/local/information/archive/localresults?racedate=2024/03/31&racecourse=ST&RaceNo=6,false
2024-03-31_ST_07,2024-03-31_ST,2024-03-31,ST,7,547,Class 3,Class 3 - 1400M - (80-60),1400,80-60,GOOD,"TURF - ""A+3"" Course",SHAW ALUMNI HANDICAP,1860000,13.65 | 21.51 | 24.51 12.14 12.37 | 23.20 11.50 11.70,https://racing.hkjc.com/en-us/local/information/archive/localresults?racedate=2024/03/31&racecourse=ST&RaceNo=7,false
2024-03-31_ST_08,2024-03-31_ST,2024-03-31,ST,8,548,Class 4,Class 4 - 1200M - (60-40),1200,60-40,GOOD,"TURF - ""A+3"" Course",LEE WOO SING ALUMNI HANDICAP,1170000,23.90 | 22.32 10.99 11.33 | 23.77 11.62 12.15,https://racing.hkjc.com/en-us/local/information/archive/localresults?racedate=2024/03/31&racecourse=ST&RaceNo=8,false
2024-03-31_ST_09,2024-03-31_ST,2024-03-31,ST,9,549,Class 3,Class 3 - 1600M - (80-60),1600,80-60,GOOD,"TURF - ""A+3"" Course",CW CHU AND WU YEE SUN ALUMNI HANDICAP,2050000,24.57 | 22.78 | 24.48 12.59 11.89 | 23.89 11.72 12.17,https://racing.hkjc.com/en-us/local/information/archive/localresults?racedate=2024/03/31&racecourse=ST&RaceNo=9,false
2024-03-31_ST_10,2024-03-31_ST,2024-03-31,ST,10,550,Class 3,Class 3 - 1200M - (80-60),1200,80-60,GOOD,"TURF - ""A+3"" Course",MORNINGSIDE AND S.H. HO ALUMNI HANDICAP,1860000,24.01 | 22.59 11.15 11.44 | 22.66 11.07 11.59,https://racing.hkjc.com/en-us/local/information/archive/localresults?racedate=2024/03/31&racecourse=ST&RaceNo=10,false
2024-04-03_ST_01,2024-04-03_ST,2024-04-03,ST,1,551,Class 5,Class 5 - 1800M - (40-0),1800,40-0,GOOD,ALL WEATHER TRACK,KAP SHUI MUN HANDICAP,875000,13.36 | 22.16 | 24.35 | 25.63 13.02 12.61 | 23.93 11.91 12.02,https://racing.hkjc.com/en-us/local/information/archive/localresults?racedate=2024/04/03&racecourse=ST&RaceNo=1,false
2024-04-03_ST_02,2024-04-03_ST,2024-04-03,ST,2,552,Class 5,Class 5 - 1200M - (40-0),1200,40-0,GOOD,ALL WEATHER TRACK,SHAM TSENG HANDICAP,875000,23.62 | 22.70 11.18 11.52 | 23.47 11.58 11.89,https://racing.hkjc.com/en-us/local/information/archive/localresults?racedate=2024/04/03&racecourse=ST&RaceNo=2,false
2024-04-03_ST_03,2024-04-03_ST,2024-04-03,ST,3,553,Class 4,Class 4 - 1200M - (60-40),1200,60-40,GOOD,ALL WEATHER TRACK,TING KAU HANDICAP,1170000,23.60 | 22.38 11.03 11.35 | 23.04 11.36 11.68,https://racing.hkjc.com/en-us/local/information/archive/localresults?racedate=2024/04/03&racecourse=ST&RaceNo=3,false
2024-04-03_ST_04,2024-04-03_ST,2024-04-03,ST,4,554,Class 4,Class 4 - 1200M - (60-40),1200,60-40,GOOD,ALL WEATHER TRACK,TING KAU HANDICAP,1170000,23.55 | 22.41 10.79 11.62 | 23.50 11.46 12.04,https://racing.hkjc.com/en-us/local/information/archive/localresults?racedate=2024/04/03&racecourse=ST&RaceNo=4,false
2024-04-03_ST_05,2024-04-03_ST,2024-04-03,ST,5,555,Class 2,Class 2 - 1200M - (100-80),1200,100-80,GOOD,ALL WEATHER TRACK,THE HONG KONG CHINESE IMPORTERS' & EXPORTERS' ASSOCIATION 70TH ANNIVERSARY CUP (HANDICAP),2840000,23.41 | 22.12 10.79 11.33 | 22.83 11.23 11.60,https://racing.hkjc.com/en-us/local/information/archive/localresults?racedate=2024/04/03&racecourse=ST&RaceNo=5,false
2024-04-03_ST_06,2024-04-03_ST,2024-04-03,ST,6,556,Class 3,Class 3 - 1200M - (80-60),1200,80-60,GOOD,ALL WEATHER TRACK,YAU KOM TAU HANDICAP,1860000,23.40 | 22.16 10.75 11.41 | 22.38 10.85 11.53,https://racing.hkjc.com/en-us/local/information/archive/localresults?racedate=2024/04/03&racecourse=ST&RaceNo=6,false
2024-04-03_ST_07,2024-04-03_ST,2024-04-03,ST,7,557,Class 4,Class 4 - 1650M - (60-40),1650,60-40,GOOD,ALL WEATHER TRACK,STONECUTTERS ISLAND HANDICAP,1170000,27.16 | 23.13 | 25.05 12.55 12.50 | 23.73 11.67 12.06,https://racing.hkjc.com/en-us/local/information/archive/localresults?racedate=2024/04/03&racecourse=ST&RaceNo=7,false
2024-04-03_ST_08,2024-04-03_ST,2024-04-03,ST,8,558,Class 3,Class 3 - 1650M - (85-60),1650,85-60,GOOD,ALL WEATHER TRACK,RAMBLER CHANNEL HANDICAP,2050000,27.21 | 22.98 | 23.99 12.07 11.92 | 23.57 11.65 11.92,https://racing.hkjc.com/en-us/local/information/archive/localresults?racedate=2024/04/03&racecourse=ST&RaceNo=8,false
2024-04-07_ST_01,2024-04-07_ST,2024-04-07,ST,1,559,Class 5,Class 5 - 1400M - (40-0),1400,40-0,GOOD,"TURF - ""B+2"" Course",SEVERN HANDICAP,875000,13.40 | 21.38 | 23.20 11.52 11.68 | 23.94 11.88 12.06,https://racing.hkjc.com/en-us/local/information/archive/localresults?racedate=2024/04/07&racecourse=ST&RaceNo=1,false
2024-04-07_ST_02,2024-04-07_ST,2024-04-07,ST,2,560,Class 4,Class 4 - 2000M - (60-40),2000,60-40,GOOD,"TURF - ""B+2"" Course",POLLOCK HANDICAP,1170000,25.02 | 23.51 | 23.88 | 24.14 11.94 12.20 | 24.52 12.03 12.49,https://racing.hkjc.com/en-us/local/information/archive/localresults?racedate=2024/04/07&racecourse=ST&RaceNo=2,false
2024-04-07_ST_03,2024-04-07_ST,2024-04-07,ST,3,561,Class 3,Class 3 - 1200M - (80-60),1200,80-60,GOOD,"TURF - ""B+2"" Course",BARKER HANDICAP,1860000,24.16 | 22.45 11.25 11.20 | 22.37 10.79 11.58,https://racing.hkjc.com/en-us/local/information/archive/localresults?racedate=2024/04/07&racecourse=ST&RaceNo=3,false
2024-04-07_ST_04,2024-04-07_ST,2024-04-07,ST,4,562,Class 4,Class 4 - 1400M - (60-40),1400,60-40,GOOD,"TURF - ""B+2"" Course",LUGARD HANDICAP,1170000,13.44 | 21.33 | 23.60 11.86 11.74 | 23.75 11.57 12.18,https://racing.hkjc.com/en-us/local/information/archive/localresults?racedate=2024/04/07&racecourse=ST&RaceNo=4,false
2024-04-07_ST_05,2024-04-07_ST,2024-04-07,ST,5,563,Class 3,Class 3 - 1200M - (80-60),1200,80-60,GOOD,"TURF - ""B+2"" Course",BARKER HANDICAP,1860000,24.12 | 22.14 10.90 11.24 | 22.73 11.22 11.51,https://racing.hkjc.com/en-us/local/information/archive/localresults?racedate=2024/04/07&racecourse=ST&RaceNo=5,false
2024-04-07_ST_06,2024-04-07_ST,2024-04-07,ST,6,564,Class 4,Class 4 - 1200M - (60-40),1200,60-40,GOOD,"TURF - ""B+2"" Course",HOMESTEAD HANDICAP,1170000,23.67 | 22.80 11.45 11.35 | 22.95 11.02 11.93,https://racing.hkjc.com/en-us/local/information/archive/localresults?racedate=2024/04/07&racecourse=ST&RaceNo=6,false
2024-04-07_ST_07,2024-04-07_ST,2024-04-07,ST,7,565,Group Two,Group Two - 1200M,1200,,GOOD,"TURF - ""B+2"" Course",THE SPRINT CUP,5350000,23.09 | 22.70 11.23 11.47 | 23.38 11.41 11.97,https://racing.hkjc.com/en-us/local/information/archive/localresults?racedate=2024/04/07&racecourse=ST&RaceNo=7,false
2024-04-07_ST_08,2024-04-07_ST,2024-04-07,ST,8,566,Group Two,Group Two - 1600M,1600,,GOOD,"TURF - ""B+2"" Course",THE CHAIRMAN'S TROPHY,5350000,24.28 | 22.38 | 23.40 11.86 11.54 | 23.97 11.66 12.31,https://racing.hkjc.com/en-us/local/information/archive/localresults?racedate=2024/04/07&racecourse=ST&RaceNo=8,false
2024-04-07_ST_09,2024-04-07_ST,2024-04-07,ST,9,567,Class 4,Class 4 - 1600M - (60-40),1600,60-40,GOOD,"TURF - ""B+2"" Course",PLANTATION HANDICAP,1170000,25.38 | 22.53 | 24.22 12.13 12.09 | 23.91 11.65 12.26,https://racing.hkjc.com/en-us/local/information/archive/localresults?racedate=2024/04/07&racecourse=ST&RaceNo=9,false
2024-04-07_ST_10,2024-04-07_ST,2024-04-07,ST,10,568,Class 3,Class 3 - 2000M - (80-60),2000,80-60,GOOD,"TURF - ""B+2"" Course",HARLECH HANDICAP,2050000,26.86 | 23.47 | 24.62 | 23.81 11.93 11.88 | 23.90 11.71 12.19,https://racing.hkjc.com/en-us/local/information/archive/localresults?racedate=2024/04/07&racecourse=ST&RaceNo=10,false
2024-04-10_HV_01,2024-04-10_HV,2024-04-10,HV,1,569,Class 5,Class 5 - 2200M - (40-0),2200,40-0,GOOD,"TURF - ""B"" Course",FLAMINGO FLOWER HANDICAP,875000,14.36 | 23.96 | 25.80 | 26.08 | 23.80 11.96 11.84 | 24.48 12.08 12.40,https://racing.hkjc.com/en-us/local/information/archive/localresults?racedate=2024/04/10&racecourse=HV&RaceNo=1,false
2024-04-10_HV_02,2024-04-10_HV,2024-04-10,HV,2,570,Class 4,Class 4 - 1200M - (60-40),1200,60-40,GOOD,"TURF - ""B"" Course",FREESIA HANDICAP,1170000,23.66 | 22.35 11.22 11.13 | 24.09 11.56 12.53,https://racing.hkjc.com/en-us/local/information/archive/localresults?racedate=2024/04/10&racecourse=HV&RaceNo=2,false
2024-04-10_HV_03,2024-04-10_HV,2024-04-10,HV,3,571,Class 2,Class 2 - 1650M - (100-80),1650,100-80,GOOD,"TURF - ""B"" Course",GERANIUM HANDICAP,3120000,27.59 | 23.91 | 24.12 12.10 12.02 | 23.69 11.85 11.84,https://racing.hkjc.com/en-us/local/information/archive/localresults?racedate=2024/04/10&racecourse=HV&RaceNo=3,false
2024-04-10_HV_04,2024-04-10_HV,2024-04-10,HV,4,572,Class 4,Class 4 - 1200M - (60-40),1200,60-40,GOOD,"TURF - ""B"" Course",FREESIA HANDICAP,1170000,23.36 | 23.09 11.29 11.80 | 23.88 11.85 12.03,https://racing.hkjc.com/en-us/local/information/archive/localresults?racedate=2024/04/10&racecourse=HV&RaceNo=4,false
2024-04-10_HV_05,2024-04-10_HV,2024-04-10,HV,5,573,Class 4,Class 4 - 1650M - (60-40),1650,60-40,GOOD,"TURF - ""B"" Course",THE LUSITANO CHALLENGE CUP (HANDICAP),1170000,27.51 | 24.24 | 24.86 12.61 12.25 | 23.93 12.15 11.78,https://racing.hkjc.com/en-us/local/information/archive/localresults?racedate=2024/04/10&racecourse=HV&RaceNo=5,false
2024-04-10_HV_06,2024-04-10_HV,2024-04-10,HV,6,574,Class 4,Class 4 - 1200M - (60-40),1200,60-40,GOOD,"TURF - ""B"" Course",FREESIA HANDICAP,1170000,23.94 | 22.69 11.20 11.49 | 24.04 11.96 12.08,https://racing.hkjc.com/en-us/local/information/archive/localresults?racedate=2024/04/10&racecourse=HV&RaceNo=6,false
2024-04-10_HV_07,2024-04-10_HV,2024-04-10,HV,7,575,Class 4,Class 4 - 1650M - (60-40),1650,60-40,GOOD,"TURF - ""B"" Course",LAVENDER HANDICAP,1170000,29.64 | 24.67 | 23.74 11.75 11.99 | 23.69 11.72 11.97,https://racing.hkjc.com/en-us/local/information/archive/localresults?racedate=2024/04/10&racecourse=HV&RaceNo=7,false
2024-04-10_HV_08,2024-04-10_HV,2024-04-10,HV,8,576,Class 3,Class 3 - 1650M - (80-60),1650,80-60,GOOD,"TURF - ""B"" Course",KALANCHOE HANDICAP,2050000,28.06 | 24.42 | 24.43 12.29 12.14 | 24.14 11.96 12.18,https://racing.hkjc.com/en-us/local/information/archive/localresults?racedate=2024/04/10&racecourse=HV&RaceNo=8,false
2024-04-10_HV_09,2024-04-10_HV,2024-04-10,HV,9,577,Class 3,Class 3 - 1200M - (80-60),1200,80-60,GOOD,"TURF - ""B"" Course",ONCIDIUM HANDICAP,1860000,23.25 | 22.61 10.97 11.64 | 23.82 11.63 12.19,https://racing.hkjc.com/en-us/local/information/archive/localresults?racedate=2024/04/10&racecourse=HV&RaceNo=9,false
2024-04-14_ST_01,2024-04-14_ST,2024-04-14,ST,1,578,Griffin Race,Griffin Race - 1000M,1000,,GOOD,"TURF - ""C"" Course",WANGFUJING PLATE,950000,13.33 | 20.75 10.24 10.51 | 22.34 10.96 11.38,https://racing.hkjc.com/en-us/local/information/archive/localresults?racedate=2024/04/14&racecourse=ST&RaceNo=1,false
2024-04-14_ST_02,2024-04-14_ST,2024-04-14,ST,2,579,Class 5,Class 5 - 1200M - (40-0),1200,40-0,GOOD,"TURF - ""C"" Course",DENGSHIKOU HANDICAP,875000,24.16 | 22.66 11.31 11.35 | 22.90 11.22 11.68,https://racing.hkjc.com/en-us/local/information/archive/localresults?racedate=2024/04/14&racecourse=ST&RaceNo=2,false
2024-04-14_ST_03,2024-04-14_ST,2024-04-14,ST,3,580,Class 4,Class 4 - 1400M - (60-40),1400,60-40,GOOD TO FIRM,"TURF - ""C"" Course",CHAOYANGMEN HANDICAP,1170000,13.44 | 21.67 | 23.19 11.50 11.69 | 23.24 11.58 11.66,https://racing.hkjc.com/en-us/local/information/archive/localresults?racedate=2024/04/14&racecourse=ST&RaceNo=3,false
2024-04-14_ST_04,2024-04-14_ST,2024-04-14,ST,4,581,Class 3,Class 3 - 1000M - (80-60),1000,80-60,GOOD TO FIRM,"TURF - ""C"" Course",DONGSINAN HANDICAP,1860000,12.78 | 20.13 09.88 10.25 | 22.62 11.05 11.57,https://racing.hkjc.com/en-us/local/information/archive/localresults?racedate=2024/04/14&racecourse=ST&RaceNo=4,false
2024-04-14_ST_05,2024-04-14_ST,2024-04-14,ST,5,582,Class 4,Class 4 - 1200M - (60-40),1200,60-40,GOOD TO FIRM,"TURF - ""C"" Course",THE BEIJING CLUBHOUSE ANNIVERSARY CUP (HANDICAP),1170000,24.01 | 22.05 10.83 11.22 | 22.95 11.25 11.70,https://racing.hkjc.com/en-us/local/information/archive/localresults?racedate=2024/04/14&racecourse=ST&RaceNo=5,false
2024-04-14_ST_06,2024-04-14_ST,2024-04-14,ST,6,583,Class 4,Class 4 - 1000M - (60-40),1000,60-40,GOOD TO FIRM,"TURF - ""C"" Course",DONGZHIMEN HANDICAP,1170000,12.91 | 20.57 10.00 10.57 | 23.03 11.12 11.91,https://racing.hkjc.com/en-us/local/information/archive/localresults?racedate=2024/04/14&racecourse=ST&RaceNo=6,false
2024-04-14_ST_07,2024-04-14_ST,2024-04-14,ST,7,584,Class 4,Class 4 - 1200M - (60-40),1200,60-40,GOOD TO FIRM,"TURF - ""C"" Course",THE HONG KONG LIONS CUP (HANDICAP),1170000,24.32 | 22.66 11.66 11.00 | 22.02 10.55 11.47,https://racing.hkjc.com/en-us/local/information/archive/localresults?racedate=2024/04/14&racecourse=ST&RaceNo=7,false
2024-04-14_ST_08,2024-04-14_ST,2024-04-14,ST,8,585,Class 2,Class 2 - 1200M - (100-80),1200,100-80,GOOD TO FIRM,"TURF - ""C"" Course",JINBAO STREET HANDICAP,2840000,24.91 | 22.27 11.30 10.97 | 21.38 10.48 10.90,https://racing.hkjc.com/en-us/local/information/archive/localresults?racedate=2024/04/14&racecourse=ST&RaceNo=8,false
2024-04-14_ST_09,2024-04-14_ST,2024-04-14,ST,9,586,Class 4,Class 4 - 1400M - (60-40),1400,60-40,GOOD TO FIRM,"TURF - ""C"" Course",CHAOYANGMEN HANDICAP,1170000,13.64 | 21.74 | 23.27 11.65 11.62 | 22.92 11.35 11.57,https://racing.hkjc.com/en-us/local/information/archive/localresults?racedate=2024/04/14&racecourse=ST&RaceNo=9,false
2024-04-14_ST_10,2024-04-14_ST,2024-04-14,ST,10,587,Class 3,Class 3 - 1400M - (80-60),1400,80-60,GOOD TO FIRM,"TURF - ""C"" Course",JIANGUOMEN HANDICAP,1860000,13.63 | 22.04 | 22.93 11.52 11.41 | 22.94 11.14 11.80,https://racing.hkjc.com/en-us/local/information/archive/localresults?racedate=2024/04/14&racecourse=ST&RaceNo=10,false
2024-04-14_ST_11,2024-04-14_ST,2024-04-14,ST,11,588,Class 3,Class 3 - 1600M - (80-60),1600,80-60,GOOD TO FIRM,"TURF - ""C"" Course",DONGCHENG DISTRICT HANDICAP,2050000,24.33 | 22.38 | 23.55 11.76 11.79 | 24.04 11.72 12.32,https://racing.hkjc.com/en-us/local/information/archive/localresults?racedate=2024/04/14&racecourse=ST&RaceNo=11,false
2024-04-17_HV_01,2024-04-17_HV,2024-04-17,HV,1,589,Class 5,Class 5 - 1000M - (40-0),1000,40-0,GOOD,"TURF - ""C"" Course",STUBBS HANDICAP,875000,12.65 | 21.45 10.46 10.99 | 23.16 11.36 11.80,https://racing.hkjc.com/en-us/local/information/archive/localresults?racedate=2024/04/17&racecourse=HV&RaceNo=1,false
2024-04-17_HV_02,2024-04-17_HV,2024-04-17,HV,2,590,Class 5,Class 5 - 1650M - (40-0),1650,40-0,GOOD,"TURF - ""C"" Course",WAN CHAI GAP HANDICAP,875000,28.29 | 24.19 | 24.44 12.22 12.22 | 23.97 11.85 12.12,https://racing.hkjc.com/en-us/local/information/archive/localresults?racedate=2024/04/17&racecourse=HV&RaceNo=2,false
2024-04-17_HV_03,2024-04-17_HV,2024-04-17,HV,3,591,Class 4,Class 4 - 1200M - (60-40),1200,60-40,GOOD,"TURF - ""C"" Course",MOUNT BUTLER HANDICAP,1170000,23.10 | 22.94 11.03 11.91 | 24.65 12.37 12.28,https://racing.hkjc.com/en-us/local/information/archive/localresults?racedate=2024/04/17&racecourse=HV&RaceNo=3,false
2024-04-17_HV_04,2024-04-17_HV,2024-04-17,HV,4,592,Class 4,Class 4 - 1800M - (60-40),1800,60-40,GOOD,"TURF - ""C"" Course",SIU MA SHAN HANDICAP,1170000,13.86 | 22.47 | 24.33 | 25.20 12.55 12.65 | 24.73 12.30 12.43,https://racing.hkjc.com/en-us/local/information/archive/localresults?racedate=2024/04/17&racecourse=HV&RaceNo=4,false
2024-04-17_HV_05,2024-04-17_HV,2024-04-17,HV,5,593,Class 3,Class 3 - 1200M - (80-60),1200,80-60,GOOD,"TURF - ""C"" Course",BOWEN HANDICAP,1860000,23.89 | 23.30 11.39 11.91 | 22.99 11.50 11.49,https://racing.hkjc.com/en-us/local/information/archive/localresults?racedate=2024/04/17&racecourse=HV&RaceNo=5,false
2024-04-17_HV_06,2024-04-17_HV,2024-04-17,HV,6,594,Class 4,Class 4 - 1200M - (60-40),1200,60-40,GOOD,"TURF - ""C"" Course",MOUNT BUTLER HANDICAP,1170000,23.90 | 22.70 11.02 11.68 | 23.31 11.38 11.93,https://racing.hkjc.com/en-us/local/information/archive/localresults?racedate=2024/04/17&racecourse=HV&RaceNo=6,false
2024-04-17_HV_07,2024-04-17_HV,2024-04-17,HV,7,595,Class 3,Class 3 - 1200M - (80-60),1200,80-60,GOOD,"TURF - ""C"" Course",BOWEN HANDICAP,1860000,24.16 | 22.36 10.97 11.39 | 23.31 11.46 11.85,https://racing.hkjc.com/en-us/local/information/archive/localresults?racedate=2024/04/17&racecourse=HV&RaceNo=7,false
2024-04-17_HV_08,2024-04-17_HV,2024-04-17,HV,8,596,Class 4,Class 4 - 1650M - (60-40),1650,60-40,GOOD,"TURF - ""C"" Course",MOUNT CAMERON HANDICAP,1170000,28.35 | 23.88 | 24.53 12.24 12.29 | 24.45 12.11 12.34,https://racing.hkjc.com/en-us/local/information/archive/localresults?racedate=2024/04/17&racecourse=HV&RaceNo=8,false
2024-04-17_HV_09,2024-04-17_HV,2024-04-17,HV,9,597,Class 3,Class 3 - 1650M - (80-60),1650,80-60,GOOD,"TURF - ""C"" Course",MAGAZINE GAP HANDICAP,2050000,28.46 | 24.36 | 24.60 12.49 12.11 | 23.37 11.66 11.71,https://racing.hkjc.com/en-us/local/information/archive/localresults?racedate=2024/04/17&racecourse=HV&RaceNo=9,false
2024-04-20_ST_01,2024-04-20_ST,2024-04-20,ST,1,598,Class 5,Class 5 - 1650M - (40-0),1650,40-0,GOOD,ALL WEATHER TRACK,RACING FOR CHARITY 1650M HANDICAP,875000,28.00 | 23.45 | 24.57 12.27 12.30 | 23.33 11.67 11.66,https://racing.hkjc.com/en-us/local/information/archive/localresults?racedate=2024/04/20&racecourse=ST&RaceNo=1,false
2024-04-20_ST_02,2024-04-20_ST,2024-04-20,ST,2,599,Class 4,Class 4 - 1400M - (60-40),1400,60-40,GOOD,"TURF - ""C+3"" Course",JC PROJECT LIFT 1400M HANDICAP,1170000,13.59 | 22.19 | 23.12 11.41 11.71 | 22.66 11.05 11.61,https://racing.hkjc.com/en-us/local/information/archive/localresults?racedate=2024/04/20&racecourse=ST&RaceNo=2,false
2024-04-20_ST_03,2024-04-20_ST,2024-04-20,ST,3,600,Class 3,Class 3 - 1200M - (85-60),1200,85-60,GOOD,ALL WEATHER TRACK,INSTITUTE OF PHILANTHROPY 1200M HANDICAP,1860000,23.51 | 22.20 11.02 11.18 | 22.87 11.04 11.83,https://racing.hkjc.com/en-us/local/information/archive/localresults?racedate=2024/04/20&racecourse=ST&RaceNo=3,false
2024-04-20_ST_04,2024-04-20_ST,2024-04-20,ST,4,601,Class 4,Class 4 - 1000M - (60-40),1000,60-40,GOOD,"TURF - ""C+3"" Course",THE HONG KONG JOCKEY CLUB COMMUNITY TROPHY (HANDICAP),1170000,13.00 | 20.54 10.10 10.44 | 22.37 10.93 11.44,https://racing.hkjc.com/en-us/local/information/archive/localresults?racedate=2024/04/20&racecourse=ST&RaceNo=4,false
2024-04-20_ST_05,2024-04-20_ST,2024-04-20,ST,5,602,Class 4,Class 4 - 1650M - (60-40),1650,60-40,GOOD,ALL WEATHER TRACK,POSITIVE AGEING 1650M HANDICAP,1170000,27.23 | 22.90 | 23.66 11.73 11.93 | 24.04 11.94 12.10,https://racing.hkjc.com/en-us/local/information/archive/localresults?racedate=2024/04/20&racecourse=ST&RaceNo=5,false
2024-04-20_ST_06,2024-04-20_ST,2024-04-20,ST,6,603,Class 4,Class 4 - 1200M - (60-35),1200,60-35,GOOD,ALL WEATHER TRACK,EMPOWERING YOUTH 1200M HANDICAP,1170000,23.49 | 22.03 10.73 11.30 | 23.21 11.15 12.06,https://racing.hkjc.com/en-us/local/information/archive/localresults?racedate=2024/04/20&racecourse=ST&RaceNo=6,false
2024-04-20_ST_07,2024-04-20_ST,2024-04-20,ST,7,604,Class 4,Class 4 - 1600M - (60-40),1600,60-40,GOOD,"TURF - ""C+3"" Course",HEALTHY COMMUNITY 1600M HANDICAP,1170000,24.58 | 23.39 | 24.58 12.58 12.00 | 23.23 11.38 11.85,https://racing.hkjc.com/en-us/local/information/archive/localresults?racedate=2024/04/20&racecourse=ST&RaceNo=7,false
2024-04-20_ST_08,2024-04-20_ST,2024-04-20,ST,8,605,Class 3,Class 3 - 1200M - (80-60),1200,80-60,GOOD,"TURF - ""C+3"" Course",NURTURING TALENT 1200M HANDICAP,1860000,23.48 | 22.56 10.96 11.60 | 23.18 11.19 11.99,https://racing.hkjc.com/en-us/local/information/archive/localresults?racedate=2024/04/20&racecourse=ST&RaceNo=8,false
2024-04-20_ST_09,2024-04-20_ST,2024-04-20,ST,9,606,Class 2,Class 2 - 1800M - (100-75),1800,100-75,GOOD,"TURF - ""C+3"" Course",ADVANCING CULTURE & SPORTS 1800M HANDICAP,3120000,13.72 | 22.23 | 25.30 | 23.15 11.71 11.44 | 23.44 11.47 11.97,https://racing.hkjc.com/en-us/local/information/archive/localresults?racedate=2024/04/20&racecourse=ST&RaceNo=9,false
2024-04-20_ST_10,2024-04-20_ST,2024-04-20,ST,10,607,Class 3,Class 3 - 1400M - (80-60),1400,80-60,GOOD,"TURF - ""C+3"" Course",SUSTAINABILITY 1400M HANDICAP,1860000,13.37 | 21.57 | 23.60 11.65 11.95 | 23.64 11.47 12.17,https://racing.hkjc.com/en-us/local/information/archive/localresults?racedate=2024/04/20&racecourse=ST&RaceNo=10,false
2024-04-24_HV_01,2024-04-24_HV,2024-04-24,HV,1,608,Class 3,Class 3 - 1000M - (80-60),1000,80-60,GOOD,"TURF - ""C+3"" Course",JEJU HANDICAP,1860000,12.51 | 20.93 10.19 10.74 | 23.18 11.46 11.72,https://racing.hkjc.com/en-us/local/information/archive/localresults?racedate=2024/04/24&racecourse=HV&RaceNo=1,false
2024-04-24_HV_02,2024-04-24_HV,2024-04-24,HV,2,609,Class 5,Class 5 - 1800M - (40-0),1800,40-0,GOOD,"TURF - ""C+3"" Course",HALLASAN HANDICAP,875000,13.79 | 23.84 | 24.27 | 24.15 12.01 12.14 | 24.78 12.17 12.61,https://racing.hkjc.com/en-us/local/information/archive/localresults?racedate=2024/04/24&racecourse=HV&RaceNo=2,false
2024-04-24_HV_03,2024-04-24_HV,2024-04-24,HV,3,610,Class 5,Class 5 - 1200M - (40-0),1200,40-0,GOOD,"TURF - ""C+3"" Course",YEONGCHEON HANDICAP,875000,23.98 | 22.82 11.09 11.73 | 23.81 11.60 12.21,https://racing.hkjc.com/en-us/local/information/archive/localresults?racedate=2024/04/24&racecourse=HV&RaceNo=3,false
2024-04-24_HV_04,2024-04-24_HV,2024-04-24,HV,4,611,Class 4,Class 4 - 1000M - (60-40),1000,60-40,GOOD,"TURF - ""C+3"" Course",DAEGU HANDICAP,1170000,12.76 | 21.57 10.23 11.34 | 23.40 11.48 11.92,https://racing.hkjc.com/en-us/local/information/archive/localresults?racedate=2024/04/24&racecourse=HV&RaceNo=4,false
2024-04-24_HV_05,2024-04-24_HV,2024-04-24,HV,5,612,Class 2,Class 2 - 1000M - (105-80),1000,105-80,GOOD,"TURF - ""C+3"" Course",THE KOREA RACING AUTHORITY TROPHY (HANDICAP),2840000,12.53 | 21.44 10.43 11.01 | 22.84 11.46 11.38,https://racing.hkjc.com/en-us/local/information/archive/localresults?racedate=2024/04/24&racecourse=HV&RaceNo=5,false
2024-04-24_HV_06,2024-04-24_HV,2024-04-24,HV,6,613,Class 4,Class 4 - 1650M - (60-40),1650,60-40,GOOD,"TURF - ""C+3"" Course",INCHEON HANDICAP,1170000,28.60 | 24.36 | 24.33 12.18 12.15 | 23.48 11.82 11.66,https://racing.hkjc.com/en-us/local/information/archive/localresults?racedate=2024/04/24&racecourse=HV&RaceNo=6,false
2024-04-24_HV_07,2024-04-24_HV,2024-04-24,HV,7,614,Class 4,Class 4 - 1200M - (60-40),1200,60-40,GOOD,"TURF - ""C+3"" Course",BUSAN HANDICAP,1170000,23.70 | 22.42 10.92 11.50 | 24.19 11.92 12.27,https://racing.hkjc.com/en-us/local/information/archive/localresults?racedate=2024/04/24&racecourse=HV&RaceNo=7,false
2024-04-24_HV_08,2024-04-24_HV,2024-04-24,HV,8,615,Class 4,Class 4 - 1200M - (60-40),1200,60-40,GOOD,"TURF - ""C+3"" Course",BUSAN HANDICAP,1170000,23.72 | 23.13 11.41 11.72 | 23.92 11.91 12.01,https://racing.hkjc.com/en-us/local/information/archive/localresults?racedate=2024/04/24&racecourse=HV&RaceNo=8,false
2024-04-24_HV_09,2024-04-24_HV,2024-04-24,HV,9,616,Class 3,Class 3 - 1800M - (80-60),1800,80-60,GOOD,"TURF - ""C+3"" Course",SEOUL HANDICAP,2050000,13.82 | 22.21 | 24.14 | 25.51 12.65 12.86 | 24.56 12.39 12.17,https://racing.hkjc.com/en-us/local/information/archive/localresults?racedate=2024/04/24&racecourse=HV&RaceNo=9,false
2024-04-28_ST_01,2024-04-28_ST,2024-04-28,ST,1,617,Class 4,Class 4 - 2000M - (60-40),2000,60-40,YIELDING,"TURF - ""A"" Course",FWD INSURANCE ACT PRIVATE HANDICAP,1170000,26.28 | 24.96 | 24.83 | 23.36 12.02 11.34 | 23.98 11.59 12.39,https://racing.hkjc.com/en-us/local/information/archive/localresults?racedate=2024/04/28&racecourse=ST&RaceNo=1,false
2024-04-28_ST_02,2024-04-28_ST,2024-04-28,ST,2,618,Class 3,Class 3 - 1600M - (80-60),1600,80-60,YIELDING,"TURF - ""A"" Course",FWD INSURANCE GOAHEAD GROUP HANDICAP,2050000,24.29 | 22.29 | 23.41 11.61 11.80 | 24.77 12.15 12.62,https://racing.hkjc.com/en-us/local/information/archive/localresults?racedate=2024/04/28&racecourse=ST&RaceNo=2,false
2024-04-28_ST_03,2024-04-28_ST,2024-04-28,ST,3,619,Class 4,Class 4 - 1200M - (60-40),1200,60-40,YIELDING,"TURF - ""A"" Course",FWD INSURANCE ICBC (ASIA) HANDICAP,1170000,23.82 | 22.89 11.31 11.58 | 22.96 11.10 11.86,https://racing.hkjc.com/en-us/local/information/archive/localresults?racedate=2024/04/28&racecourse=ST&RaceNo=3,false
2024-04-28_ST_04,2024-04-28_ST,2024-04-28,ST,4,620,Class 4,Class 4 - 1400M - (60-40),1400,60-40,YIELDING,"TURF - ""A"" Course",FWD INSURANCE BOCOM HANDICAP,1170000,13.43 | 21.61 | 23.51 11.65 11.86 | 24.09 11.69 12.40,https://racing.hkjc.com/en-us/local/information/archive/localresults?racedate=2024/04/28&racecourse=ST&RaceNo=4,false
2024-04-28_ST_05,2024-04-28_ST,2024-04-28,ST,5,621,Group One,Group One - 1200M,1200,,YIELDING,"TURF - ""A"" Course",THE CHAIRMAN'S SPRINT PRIZE,22000000,23.48 | 22.07 10.74 11.33 | 23.78 11.47 12.31,https://racing.hkjc.com/en-us/local/information/archive/localresults?racedate=2024/04/28&racecourse=ST&RaceNo=5,false
2024-04-28_ST_06,2024-04-28_ST,2024-04-28,ST,6,622,Class 3,Class 3 - 1400M - (80-60),1400,80-60,YIELDING,"TURF - ""A"" Course",FWD INSURANCE NCB HANDICAP,1860000,13.48 | 22.56 | 24.17 12.23 11.94 | 23.09 11.18 11.91,https://racing.hkjc.com/en-us/local/information/archive/localresults?racedate=2024/04/28&racecourse=ST&RaceNo=6,false
2024-04-28_ST_07,2024-04-28_ST,2024-04-28,ST,7,623,Group One,Group One - 1600M,1600,,YIELDING,"TURF - ""A"" Course",THE FWD CHAMPIONS MILE,22000000,24.78 | 23.25 | 23.89 12.28 11.61 | 22.60 11.06 11.54,https://racing.hkjc.com/en-us/local/information/archive/localresults?racedate=2024/04/28&racecourse=ST&RaceNo=7,false
2024-04-28_ST_08,2024-04-28_ST,2024-04-28,ST,8,624,Group One,Group One - 2000M,2000,,YIELDING,"TURF - ""A"" Course",THE FWD QEII CUP,28000000,25.10 | 22.94 | 24.11 | 23.88 11.82 12.06 | 24.99 12.13 12.86,https://racing.hkjc.com/en-us/local/information/archive/localresults?racedate=2024/04/28&racecourse=ST&RaceNo=8,false
2024-04-28_ST_09,2024-04-28_ST,2024-04-28,ST,9,625,Class 2,Class 2 - 1400M - (105-80),1400,105-80,YIELDING,"TURF - ""A"" Course",FWD INSURANCE CCB (ASIA) HANDICAP,2840000,13.11 | 22.01 | 23.26 11.58 11.68 | 23.95 11.57 12.38,https://racing.hkjc.com/en-us/local/information/archive/localresults?racedate=2024/04/28&racecourse=ST&RaceNo=9,false
2024-04-28_ST_10,2024-04-28_ST,2024-04-28,ST,10,626,Class 3,Class 3 - 1200M - (80-60),1200,80-60,YIELDING,"TURF - ""A"" Course",FWD INSURANCE CMB WING LUNG BANK HANDICAP,1860000,23.56 | 22.64 11.18 11.46 | 23.87 11.52 12.35,https://racing.hkjc.com/en-us/local/information/archive/localresults?racedate=2024/04/28&racecourse=ST&RaceNo=10,false
2024-05-01_HV_01,2024-05-01_HV,2024-05-01,HV,1,627,Class 5,Class 5 - 1000M - (40-0),1000,40-0,GOOD TO YIELDING,"TURF - ""A"" Course",MAISONS-LAFFITTE HANDICAP,875000,12.86 | 21.46 10.33 11.13 | 23.59 11.55 12.04,https://racing.hkjc.com/en-us/local/information/archive/localresults?racedate=2024/05/01&racecourse=HV&RaceNo=1,false
2024-05-01_HV_02,2024-05-01_HV,2024-05-01,HV,2,628,Class 4,Class 4 - 1650M - (60-40),1650,60-40,GOOD TO YIELDING,"TURF - ""A"" Course",CHANTILLY HANDICAP,1170000,27.71 | 23.71 | 24.46 12.31 12.15 | 24.46 12.10 12.36,https://racing.hkjc.com/en-us/local/information/archive/localresults?racedate=2024/05/01&racecourse=HV&RaceNo=2,false
2024-05-01_HV_03,2024-05-01_HV,2024-05-01,HV,3,629,Class 5,Class 5 - 1650M - (40-0),1650,40-0,GOOD TO YIELDING,"TURF - ""A"" Course",AUTEUIL HANDICAP,875000,27.64 | 24.43 | 24.56 12.15 12.41 | 24.99 12.43 12.56,https://racing.hkjc.com/en-us/local/information/archive/localresults?racedate=2024/05/01&racecourse=HV&RaceNo=3,false
2024-05-01_HV_04,2024-05-01_HV,2024-05-01,HV,4,630,Class 4,Class 4 - 1200M - (60-40),1200,60-40,GOOD TO YIELDING,"TURF - ""A"" Course",SAINT-CLOUD HANDICAP,1170000,23.23 | 23.64 11.53 12.11 | 24.10 11.86 12.24,https://racing.hkjc.com/en-us/local/information/archive/localresults?racedate=2024/05/01&racecourse=HV&RaceNo=4,false
2024-05-01_HV_05,2024-05-01_HV,2024-05-01,HV,5,631,Class 4,Class 4 - 1200M - (60-40),1200,60-40,GOOD TO YIELDING,"TURF - ""A"" Course",THE FRENCH MAY TROPHY (HANDICAP),1170000,24.03 | 22.55 11.09 11.46 | 24.08 11.46 12.62,https://racing.hkjc.com/en-us/local/information/archive/localresults?racedate=2024/05/01&racecourse=HV&RaceNo=5,false
2024-05-01_HV_06,2024-05-01_HV,2024-05-01,HV,6,632,Class 4,Class 4 - 1650M - (60-40),1650,60-40,GOOD TO YIELDING,"TURF - ""A"" Course",CHANTILLY HANDICAP,1170000,27.74 | 23.94 | 24.01 11.96 12.05 | 25.09 12.53 12.56,https://racing.hkjc.com/en-us/local/information/archive/localresults?racedate=2024/05/01&racecourse=HV&RaceNo=6,false
2024-05-01_HV_07,2024-05-01_HV,2024-05-01,HV,7,633,Class 3,Class 3 - 1200M - (80-60),1200,80-60,GOOD TO YIELDING,"TURF - ""A"" Course",THE FRANCE GALOP CUP (HANDICAP),1860000,23.59 | 23.08 11.19 11.89 | 23.73 11.67 12.06,https://racing.hkjc.com/en-us/local/information/archive/localresults?racedate=2024/05/01&racecourse=HV&RaceNo=7,false
2024-05-01_HV_08,2024-05-01_HV,2024-05-01,HV,8,634,Class 3,Class 3 - 1650M - (80-60),1650,80-60,GOOD TO YIELDING,"TURF - ""A"" Course",DEAUVILLE HANDICAP,2050000,27.50 | 23.66 | 24.56 12.35 12.21 | 24.61 12.14 12.47,https://racing.hkjc.com/en-us/local/information/archive/localresults?racedate=2024/05/01&racecourse=HV&RaceNo=8,false
2024-05-01_HV_09,2024-05-01_HV,2024-05-01,HV,9,635,Class 3,Class 3 - 1200M - (80-60),1200,80-60,GOOD TO YIELDING,"TURF - ""A"" Course",PARISLONGCHAMP HANDICAP,1860000,23.32 | 22.56 11.04 11.52 | 24.05 11.87 12.18,https://racing.hkjc.com/en-us/local/information/archive/localresults?racedate=2024/05/01&racecourse=HV&RaceNo=9,false
2024-05-05_ST_01,2024-05-05_ST,2024-05-05,ST,1,636,Griffin Race,Griffin Race - 1000M,1000,,GOOD TO YIELDING,"TURF - ""B"" Course",THE ARGONAUT PLATE,950000,13.34 | 21.09 10.45 10.64 | 23.24 11.44 11.80,https://racing.hkjc.com/en-us/local/information/archive/localresults?racedate=2024/05/05&racecourse=ST&RaceNo=1,false
2024-05-05_ST_02,2024-05-05_ST,2024-05-05,ST,2,637,Class 5,Class 5 - 2000M - (40-0),2000,40-0,GOOD TO YIELDING,"TURF - ""B"" Course",SPECIAL CARGO HANDICAP,875000,25.45 | 23.78 | 25.23 | 25.02 12.79 12.23 | 23.65 11.59 12.06,https://racing.hkjc.com/en-us/local/information/archive/localresults?racedate=2024/05/05&racecourse=ST&RaceNo=2,false
2024-05-05_ST_03,2024-05-05_ST,2024-05-05,ST,3,638,Class 4,Class 4 - 1200M - (60-35),1200,60-35,GOOD,ALL WEATHER TRACK,MANICOU HANDICAP,1170000,23.42 | 22.24 10.75 11.49 | 23.76 11.64 12.12,https://racing.hkjc.com/en-us/local/information/archive/localresults?racedate=2024/05/05&racecourse=ST&RaceNo=3,false
2024-05-05_ST_04,2024-05-05_ST,2024-05-05,ST,4,639,Class 3,Class 3 - 1800M - (80-55),1800,80-55,GOOD,"TURF - ""B"" Course",INSULAR HANDICAP,2050000,13.88 | 22.12 | 23.61 | 23.73 11.97 11.76 | 24.03 11.79 12.24,https://racing.hkjc.com/en-us/local/information/archive/localresults?racedate=2024/05/05&racecourse=ST&RaceNo=4,false
2024-05-05_ST_05,2024-05-05_ST,2024-05-05,ST,5,640,Class 4,Class 4 - 1000M - (60-40),1000,60-40,GOOD,"TURF - ""B"" Course",ISLE OF MAN HANDICAP,1170000,12.88 | 20.71 10.01 10.70 | 23.26 11.39 11.87,https://racing.hkjc.com/en-us/local/information/archive/localresults?racedate=2024/05/05&racecourse=ST&RaceNo=5,false
2024-05-05_ST_06,2024-05-05_ST,2024-05-05,ST,6,641,Class 4,Class 4 - 1600M - (60-40),1600,60-40,GOOD,"TURF - ""B"" Course",NORMAN CONQUEROR HANDICAP,1170000,24.31 | 23.03 | 23.68 12.00 11.68 | 23.78 11.56 12.22,https://racing.hkjc.com/en-us/local/information/archive/localresults?racedate=2024/05/05&racecourse=ST&RaceNo=6,false
2024-05-05_ST_07,2024-05-05_ST,2024-05-05,ST,7,642,Class 4,Class 4 - 1400M - (60-40),1400,60-40,GOOD,"TURF - ""B"" Course",MONAVEEN HANDICAP,1170000,13.15 | 21.51 | 23.12 11.44 11.68 | 23.84 11.55 12.29,https://racing.hkjc.com/en-us/local/information/archive/localresults?racedate=2024/05/05&racecourse=ST&RaceNo=7,false
2024-05-05_ST_08,2024-05-05_ST,2024-05-05,ST,8,643,Group Three,Group Three - 2400M,2400,,GOOD,"TURF - ""B"" Course",THE QUEEN MOTHER MEMORIAL CUP (HANDICAP),4200000,25.33 | 23.46 | 24.17 | 23.51 | 24.48 12.12 12.36 | 24.51 12.25 12.26,https://racing.hkjc.com/en-us/local/information/archive/localresults?racedate=2024/05/05&racecourse=ST&RaceNo=8,false
2024-05-05_ST_09,2024-05-05_ST,2024-05-05,ST,9,644,Class 3,Class 3 - 1200M - (80-60),1200,80-60,GOOD,ALL WEATHER TRACK,GAME SPIRIT HANDICAP,1860000,23.51 | 22.35 10.96 11.39 | 23.26 11.18 12.08,https://racing.hkjc.com/en-us/local/information/archive/localresults?racedate=2024/05/05&racecourse=ST&RaceNo=9,false
2024-05-05_ST_10,2024-05-05_ST,2024-05-05,ST,10,645,Class 2,Class 2 - 1200M - (100-80),1200,100-80,GOOD,"TURF - ""B"" Course",BRANDY SNAP HANDICAP,2840000,23.96 | 22.54 11.39 11.15 | 22.31 10.52 11.79,https://racing.hkjc.com/en-us/local/information/archive/localresults?racedate=2024/05/05&racecourse=ST&RaceNo=10,false
2024-05-05_ST_11,2024-05-05_ST,2024-05-05,ST,11,646,Class 3,Class 3 - 1400M - (80-60),1400,80-60,GOOD,"TURF - ""B"" Course",INCH ARRAN HANDICAP,1860000,13.44 | 21.94 | 23.33 11.53 11.80 | 23.29 11.44 11.85,https://racing.hkjc.com/en-us/local/information/archive/localresults?racedate=2024/05/05&racecourse=ST&RaceNo=11,false
2024-05-08_HV_01,2024-05-08_HV,2024-05-08,HV,1,647,Class 5,Class 5 - 1200M - (40-0),1200,40-0,GOOD,"TURF - ""B"" Course",COCHRANE HANDICAP,875000,24.07 | 22.98 11.38 11.60 | 23.59 11.46 12.13,https://racing.hkjc.com/en-us/local/information/archive/localresults?racedate=2024/05/08&racecourse=HV&RaceNo=1,false
2024-05-08_HV_02,2024-05-08_HV,2024-05-08,HV,2,648,Class 4,Class 4 - 1200M - (60-40),1200,60-40,GOOD,"TURF - ""B"" Course",WYNDHAM HANDICAP,1170000,23.28 | 22.34 10.85 11.49 | 24.41 11.82 12.59,https://racing.hkjc.com/en-us/local/information/archive/localresults?racedate=2024/05/08&racecourse=HV&RaceNo=2,false
2024-05-08_HV_03,2024-05-08_HV,2024-05-08,HV,3,649,Class 5,Class 5 - 1650M - (40-0),1650,40-0,GOOD,"TURF - ""B"" Course",D'AGUILAR HANDICAP,875000,27.57 | 23.36 | 24.79 12.44 12.35 | 25.48 12.32 13.16,https://racing.hkjc.com/en-us/local/information/archive/localresults?racedate=2024/05/08&racecourse=HV&RaceNo=3,false
2024-05-08_HV_04,2024-05-08_HV,2024-05-08,HV,4,650,Class 4,Class 4 - 1200M - (60-40),1200,60-40,GOOD,"TURF - ""B"" Course",WYNDHAM HANDICAP,1170000,23.51 | 23.15 11.13 12.02 | 24.36 11.96 12.40,https://racing.hkjc.com/en-us/local/information/archive/localresults?racedate=2024/05/08&racecourse=HV&RaceNo=4,false
2024-05-08_HV_05,2024-05-08_HV,2024-05-08,HV,5,651,Class 4,Class 4 - 1200M - (60-40),1200,60-40,GOOD,"TURF - ""B"" Course",THE SPORTS CLUB DIAMOND JUBILEE CHALLENGE CUP (HANDICAP),1170000,23.54 | 22.99 11.13 11.86 | 24.92 12.28 12.64,https://racing.hkjc.com/en-us/local/information/archive/localresults?racedate=2024/05/08&racecourse=HV&RaceNo=5,false
2024-05-08_HV_06,2024-05-08_HV,2024-05-08,HV,6,652,Class 4,Class 4 - 1800M - (60-40),1800,60-40,GOOD,"TURF - ""B"" Course",GLENEALY HANDICAP,1170000,13.76 | 23.43 | 24.47 | 24.60 12.39 12.21 | 24.57 11.98 12.59,https://racing.hkjc.com/en-us/local/information/archive/localresults?racedate=2024/05/08&racecourse=HV&RaceNo=6,false
2024-05-08_HV_07,2024-05-08_HV,2024-05-08,HV,7,653,Class 3,Class 3 - 1650M - (80-60),1650,80-60,GOOD,"TURF - ""B"" Course",GRAHAM HANDICAP,2050000,27.47 | 24.23 | 24.84 12.36 12.48 | 24.35 12.02 12.33,https://racing.hkjc.com/en-us/local/information/archive/localresults?racedate=2024/05/08&racecourse=HV&RaceNo=7,false
2024-05-08_HV_08,2024-05-08_HV,2024-05-08,HV,8,654,Class 4,Class 4 - 1650M - (60-40),1650,60-40,GOOD,"TURF - ""B"" Course",ON LAN HANDICAP,1170000,28.47 | 23.86 | 24.36 12.24 12.12 | 24.57 12.13 12.44,https://racing.hkjc.com/en-us/local/information/archive/localresults?racedate=2024/05/08&racecourse=HV&RaceNo=8,false
2024-05-08_HV_09,2024-05-08_HV,2024-05-08,HV,9,655,Class 3,Class 3 - 1200M - (80-60),1200,80-60,GOOD,"TURF - ""B"" Course",SHELLEY HANDICAP,1860000,23.33 | 22.71 10.94 11.77 | 24.06 11.89 12.17,https://racing.hkjc.com/en-us/local/information/archive/localresults?racedate=2024/05/08&racecourse=HV&RaceNo=9,false
2024-05-11_ST_01,2024-05-11_ST,2024-05-11,ST,1,656,Class 5,Class 5 - 1400M - (40-0),1400,40-0,GOOD,"TURF - ""C"" Course",YAU MA TEI HANDICAP,875000,13.73 | 21.94 | 22.71 11.41 11.30 | 23.25 11.35 11.90,https://racing.hkjc.com/en-us/local/information/archive/localresults?racedate=2024/05/11&racecourse=ST&RaceNo=1,false
2024-05-11_ST_02,2024-05-11_ST,2024-05-11,ST,2,657,Class 3,Class 3 - 1650M - (80-60),1650,80-60,GOOD,ALL WEATHER TRACK,TSIM SHA TSUI HANDICAP,2050000,28.05 | 23.71 | 23.53 11.81 11.72 | 23.49 11.52 11.97,https://racing.hkjc.com/en-us/local/information/archive/localresults?racedate=2024/05/11&racecourse=ST&RaceNo=2,false
2024-05-11_ST_03,2024-05-11_ST,2024-05-11,ST,3,658,Class 3,Class 3 - 1000M - (80-60),1000,80-60,GOOD TO FIRM,"TURF - ""C"" Course",MONG KOK HANDICAP,1860000,13.05 | 20.46 10.11 10.35 | 22.22 10.83 11.39,https://racing.hkjc.com/en-us/local/information/archive/localresults?racedate=2024/05/11&racecourse=ST&RaceNo=3,false
2024-05-11_ST_04,2024-05-11_ST,2024-05-11,ST,4,659,Class 4,Class 4 - 1650M - (60-35),1650,60-35,GOOD,ALL WEATHER TRACK,HUNG HOM HANDICAP,1170000,27.84 | 23.21 | 24.11 11.88 12.23 | 24.06 11.83 12.23,https://racing.hkjc.com/en-us/local/information/archive/localresults?racedate=2024/05/11&racecourse=ST&RaceNo=4,false
2024-05-11_ST_05,2024-05-11_ST,2024-05-11,ST,5,660,Class 4,Class 4 - 1200M - (60-40),1200,60-40,GOOD TO FIRM,"TURF - ""C"" Course",THE KOWLOON CRICKET CLUB CENTENARY CUP (HANDICAP),1170000,23.91 | 22.76 11.29 11.47 | 22.49 10.94 11.55,https://racing.hkjc.com/en-us/local/information/archive/localresults?racedate=2024/05/11&racecourse=ST&RaceNo=5,false
2024-05-11_ST_06,2024-05-11_ST,2024-05-11,ST,6,661,Class 4,Class 4 - 1200M - (60-40),1200,60-40,GOOD TO FIRM,"TURF - ""C"" Course",JORDAN HANDICAP,1170000,23.99 | 22.49 11.06 11.43 | 22.72 11.14 11.58,https://racing.hkjc.com/en-us/local/information/archive/localresults?racedate=2024/05/11&racecourse=ST&RaceNo=6,false
2024-05-11_ST_07,2024-05-11_ST,2024-05-11,ST,7,662,Class 2,Class 2 - 1600M - (100-80),1600,100-80,GOOD TO FIRM,"TURF - ""C"" Course",THE HONG KONG CHINA RUGBY CUP (HANDICAP),3120000,24.52 | 24.21 | 23.02 11.59 11.43 | 22.39 11.00 11.39,https://racing.hkjc.com/en-us/local/information/archive/localresults?racedate=2024/05/11&racecourse=ST&RaceNo=7,false
2024-05-11_ST_08,2024-05-11_ST,2024-05-11,ST,8,663,Class 4,Class 4 - 1400M - (60-40),1400,60-40,GOOD TO FIRM,"TURF - ""C"" Course",HO MAN TIN HANDICAP,1170000,13.52 | 21.89 | 23.90 12.11 11.79 | 23.13 11.44 11.69,https://racing.hkjc.com/en-us/local/information/archive/localresults?racedate=2024/05/11&racecourse=ST&RaceNo=8,false
2024-05-11_ST_09,2024-05-11_ST,2024-05-11,ST,9,664,Class 4,Class 4 - 1400M - (60-40),1400,60-40,GOOD TO FIRM,"TURF - ""C"" Course",HO MAN TIN HANDICAP,1170000,13.43 | 21.52 | 23.99 11.96 12.03 | 23.07 11.27 11.80,https://racing.hkjc.com/en-us/local/information/archive/localresults?racedate=2024/05/11&racecourse=ST&RaceNo=9,false
2024-05-11_ST_10,2024-05-11_ST,2024-05-11,ST,10,665,Class 3,Class 3 - 1200M - (80-60),1200,80-60,GOOD TO FIRM,"TURF - ""C"" Course",AUSTIN HANDICAP,1860000,23.96 | 23.13 11.68 11.45 | 22.46 10.93 11.53,https://racing.hkjc.com/en-us/local/information/archive/localresults?racedate=2024/05/11&racecourse=ST&RaceNo=10,false
2024-05-15_HV_01,2024-05-15_HV,2024-05-15,HV,1,666,Class 5,Class 5 - 1200M - (40-0),1200,40-0,GOOD,"TURF - ""C"" Course",DORDOGNE HANDICAP,875000,23.85 | 23.37 11.32 12.05 | 23.14 11.63 11.51,https://racing.hkjc.com/en-us/local/information/archive/localresults?racedate=2024/05/15&racecourse=HV&RaceNo=1,false
2024-05-15_HV_02,2024-05-15_HV,2024-05-15,HV,2,667,Class 4,Class 4 - 1650M - (60-40),1650,60-40,GOOD,"TURF - ""C"" Course",CIRON HANDICAP,1170000,28.20 | 23.23 | 24.82 12.26 12.56 | 24.23 12.07 12.16,https://racing.hkjc.com/en-us/local/information/archive/localresults?racedate=2024/05/15&racecourse=HV&RaceNo=2,false
2024-05-15_HV_03,2024-05-15_HV,2024-05-15,HV,3,668,Class 3,Class 3 - 1800M - (80-60),1800,80-60,GOOD,"TURF - ""C"" Course",LOIRE HANDICAP,2050000,13.51 | 23.65 | 23.85 | 24.20 12.14 12.06 | 23.97 11.94 12.03,https://racing.hkjc.com/en-us/local/information/archive/localresults?racedate=2024/05/15&racecourse=HV&RaceNo=3,false
2024-05-15_HV_04,2024-05-15_HV,2024-05-15,HV,4,669,Class 5,Class 5 - 1650M - (40-0),1650,40-0,GOOD,"TURF - ""C"" Course",RHONE HANDICAP,875000,27.62 | 23.49 | 25.32 12.83 12.49 | 24.48 12.54 11.94,https://racing.hkjc.com/en-us/local/information/archive/localresults?racedate=2024/05/15&racecourse=HV&RaceNo=4,false
2024-05-15_HV_05,2024-05-15_HV,2024-05-15,HV,5,670,Class 4,Class 4 - 1200M - (60-40),1200,60-40,GOOD,"TURF - ""C"" Course",THE SAUTERNES CUP (HANDICAP),1170000,23.45 | 22.74 11.24 11.50 | 24.18 11.82 12.36,https://racing.hkjc.com/en-us/local/information/archive/localresults?racedate=2024/05/15&racecourse=HV&RaceNo=5,false
2024-05-15_HV_06,2024-05-15_HV,2024-05-15,HV,6,671,Class 4,Class 4 - 1000M - (60-40),1000,60-40,GOOD,"TURF - ""C"" Course",RHINE HANDICAP,1170000,12.55 | 21.31 10.24 11.07 | 23.77 11.57 12.20,https://racing.hkjc.com/en-us/local/information/archive/localresults?racedate=2024/05/15&racecourse=HV&RaceNo=6,false
2024-05-15_HV_07,2024-05-15_HV,2024-05-15,HV,7,672,Class 4,Class 4 - 1650M - (60-40),1650,60-40,GOOD,"TURF - ""C"" Course",CIRON HANDICAP,1170000,28.35 | 23.75 | 24.13 12.05 12.08 | 24.47 12.00 12.47,https://racing.hkjc.com/en-us/local/information/archive/localresults?racedate=2024/05/15&racecourse=HV&RaceNo=7,false
2024-05-15_HV_08,2024-05-15_HV,2024-05-15,HV,8,673,Class 4,Class 4 - 1200M - (60-40),1200,60-40,GOOD,"TURF - ""C"" Course",GARONNE HANDICAP,1170000,23.88 | 22.83 11.14 11.69 | 23.89 11.83 12.06,https://racing.hkjc.com/en-us/local/information/archive/localresults?racedate=2024/05/15&racecourse=HV&RaceNo=8,false
2024-05-15_HV_09,2024-05-15_HV,2024-05-15,HV,9,674,Class 3,Class 3 - 1200M - (80-60),1200,80-60,GOOD,"TURF - ""C"" Course",SEINE HANDICAP,1860000,23.37 | 22.77 11.12 11.65 | 23.73 11.70 12.03,https://racing.hkjc.com/en-us/local/information/archive/localresults?racedate=2024/05/15&racecourse=HV&RaceNo=9,false
2024-05-19_ST_01,2024-05-19_ST,2024-05-19,ST,1,675,Class 5,Class 5 - 1200M - (40-0),1200,40-0,GOOD,"TURF - ""C+3"" Course",OWNERSHIP PRIDE 1200M HANDICAP,875000,23.19 | 22.79 11.13 11.66 | 23.95 11.85 12.10,https://racing.hkjc.com/en-us/local/information/archive/localresults?racedate=2024/05/19&racecourse=ST&RaceNo=1,false
2024-05-19_ST_02,2024-05-19_ST,2024-05-19,ST,2,676,Class 4,Class 4 - 1200M - (60-40),1200,60-40,GOOD,"TURF - ""C+3"" Course",RACING PASSION 1200M HANDICAP,1170000,23.30 | 22.58 11.15 11.43 | 23.40 11.60 11.80,https://racing.hkjc.com/en-us/local/information/archive/localresults?racedate=2024/05/19&racecourse=ST&RaceNo=2,false
2024-05-19_ST_03,2024-05-19_ST,2024-05-19,ST,3,677,Class 1,Class 1 - 1400M - (85+),1400,85+,GOOD,"TURF - ""C+3"" Course",RACING HERITAGE 1400M HANDICAP,3720000,13.47 | 21.95 | 22.48 11.32 11.16 | 23.66 11.40 12.26,https://racing.hkjc.com/en-us/local/information/archive/localresults?racedate=2024/05/19&racecourse=ST&RaceNo=3,false
2024-05-19_ST_04,2024-05-19_ST,2024-05-19,ST,4,678,Class 4,Class 4 - 1200M - (60-40),1200,60-40,GOOD,"TURF - ""C+3"" Course",THE RACING CLUB 1200M HANDICAP,1170000,23.44 | 22.35 11.11 11.24 | 23.23 11.21 12.02,https://racing.hkjc.com/en-us/local/information/archive/localresults?racedate=2024/05/19&racecourse=ST&RaceNo=4,false
2024-05-19_ST_05,2024-05-19_ST,2024-05-19,ST,5,679,Class 4,Class 4 - 1800M - (60-40),1800,60-40,GOOD,"TURF - ""C+3"" Course",THE HILLTOP IN THE VALLEY 1800M HANDICAP,1170000,13.70 | 22.39 | 23.26 | 23.80 12.21 11.59 | 24.49 11.74 12.75,https://racing.hkjc.com/en-us/local/information/archive/localresults?racedate=2024/05/19&racecourse=ST&RaceNo=5,false
2024-05-19_ST_06,2024-05-19_ST,2024-05-19,ST,6,680,Class 4,Class 4 - 1400M - (60-40),1400,60-40,GOOD,"TURF - ""C+3"" Course",SHA TIN CLUBHOUSE 1400M HANDICAP,1170000,13.34 | 22.01 | 23.93 12.17 11.76 | 23.49 11.64 11.85,https://racing.hkjc.com/en-us/local/information/archive/localresults?racedate=2024/05/19&racecourse=ST&RaceNo=6,false
2024-05-19_ST_07,2024-05-19_ST,2024-05-19,ST,7,681,Class 3,Class 3 - 1600M - (80-60),1600,80-60,GOOD,"TURF - ""C+3"" Course",THE MEMBERS CUP (HANDICAP),2050000,24.33 | 22.50 | 24.05 12.11 11.94 | 23.78 11.60 12.18,https://racing.hkjc.com/en-us/local/information/archive/localresults?racedate=2024/05/19&racecourse=ST&RaceNo=7,false
2024-05-19_ST_08,2024-05-19_ST,2024-05-19,ST,8,682,Class 4,Class 4 - 1400M - (60-40),1400,60-40,GOOD,"TURF - ""C+3"" Course",BEAS RIVER COUNTRY CLUB 1400M HANDICAP,1170000,13.33 | 21.44 | 23.45 11.54 11.91 | 24.26 11.99 12.27,https://racing.hkjc.com/en-us/local/information/archive/localresults?racedate=2024/05/19&racecourse=ST&RaceNo=8,false
2024-05-19_ST_09,2024-05-19_ST,2024-05-19,ST,9,683,Class 3,Class 3 - 1200M - (80-60),1200,80-60,GOOD,"TURF - ""C+3"" Course",LEVADE 1200M HANDICAP,1860000,23.84 | 22.54 11.27 11.27 | 23.33 11.17 12.16,https://racing.hkjc.com/en-us/local/information/archive/localresults?racedate=2024/05/19&racecourse=ST&RaceNo=9,false
2024-05-19_ST_10,2024-05-19_ST,2024-05-19,ST,10,684,Class 3,Class 3 - 1400M - (80-60),1400,80-60,GOOD,"TURF - ""C+3"" Course",BEIJING CLUBHOUSE 1400M HANDICAP,1860000,13.31 | 21.24 | 23.72 11.73 11.99 | 23.88 11.78 12.10,https://racing.hkjc.com/en-us/local/information/archive/localresults?racedate=2024/05/19&racecourse=ST&RaceNo=10,false
2024-05-22_HV_01,2024-05-22_HV,2024-05-22,HV,1,685,Class 5,Class 5 - 2200M - (40-0),2200,40-0,GOOD,"TURF - ""C+3"" Course",CHESTER HANDICAP,875000,14.15 | 22.83 | 25.43 | 24.93 | 24.95 12.41 12.54 | 24.72 12.52 12.20,https://racing.hkjc.com/en-us/local/information/archive/localresults?racedate=2024/05/22&racecourse=HV&RaceNo=1,false
2024-05-22_HV_02,2024-05-22_HV,2024-05-22,HV,2,686,Class 4,Class 4 - 1200M - (60-40),1200,60-40,GOOD,"TURF - ""C+3"" Course",HEREFORD HANDICAP,1170000,24.01 | 23.09 11.43 11.66 | 23.42 11.59 11.83,https://racing.hkjc.com/en-us/local/information/archive/localresults?racedate=2024/05/22&racecourse=HV&RaceNo=2,false
2024-05-22_HV_03,2024-05-22_HV,2024-05-22,HV,3,687,Class 4,Class 4 - 1650M - (60-40),1650,60-40,GOOD,"TURF - ""C+3"" Course",LANCASHIRE HANDICAP,1170000,28.26 | 23.00 | 24.64 12.46 12.18 | 24.57 12.13 12.44,https://racing.hkjc.com/en-us/local/information/archive/localresults?racedate=2024/05/22&racecourse=HV&RaceNo=3,false
2024-05-22_HV_04,2024-05-22_HV,2024-05-22,HV,4,688,Class 4,Class 4 - 1200M - (60-40),1200,60-40,GOOD,"TURF - ""C+3"" Course",HEREFORD HANDICAP,1170000,23.84 | 22.63 11.19 11.44 | 23.65 11.54 12.11,https://racing.hkjc.com/en-us/local/information/archive/localresults?racedate=2024/05/22&racecourse=HV&RaceNo=4,false
2024-05-22_HV_05,2024-05-22_HV,2024-05-22,HV,5,689,Class 4,Class 4 - 1650M - (60-40),1650,60-40,GOOD,"TURF - ""C+3"" Course",THE ST GEORGE'S CHALLENGE CUP (HANDICAP),1170000,27.61 | 23.35 | 24.24 11.81 12.43 | 25.29 12.73 12.56,https://racing.hkjc.com/en-us/local/information/archive/localresults?racedate=2024/05/22&racecourse=HV&RaceNo=5,false
2024-05-22_HV_06,2024-05-22_HV,2024-05-22,HV,6,690,Class 4,Class 4 - 1200M - (60-40),1200,60-40,GOOD,"TURF - ""C+3"" Course",HEREFORD HANDICAP,1170000,23.79 | 22.71 11.01 11.70 | 23.93 12.01 11.92,https://racing.hkjc.com/en-us/local/information/archive/localresults?racedate=2024/05/22&racecourse=HV&RaceNo=6,false
2024-05-22_HV_07,2024-05-22_HV,2024-05-22,HV,7,691,Class 3,Class 3 - 1000M - (80-60),1000,80-60,GOOD,"TURF - ""C+3"" Course",RENFREW HANDICAP,1860000,12.57 | 21.24 10.24 11.00 | 23.18 11.47 11.71,https://racing.hkjc.com/en-us/local/information/archive/localresults?racedate=2024/05/22&racecourse=HV&RaceNo=7,false
2024-05-22_HV_08,2024-05-22_HV,2024-05-22,HV,8,692,Class 3,Class 3 - 1650M - (80-60),1650,80-60,GOOD,"TURF - ""C+3"" Course",SELKIRK HANDICAP,2050000,27.74 | 23.33 | 24.67 12.29 12.38 | 24.50 12.21 12.29,https://racing.hkjc.com/en-us/local/information/archive/localresults?racedate=2024/05/22&racecourse=HV&RaceNo=8,false
2024-05-22_HV_09,2024-05-22_HV,2024-05-22,HV,9,693,Class 2,Class 2 - 1200M - (105-80),1200,105-80,GOOD,"TURF - ""C+3"" Course",WILTSHIRE HANDICAP,2840000,23.23 | 22.31 10.82 11.49 | 24.26 11.78 12.48,https://racing.hkjc.com/en-us/local/information/archive/localresults?racedate=2024/05/22&racecourse=HV&RaceNo=9,false
2024-05-26_ST_01,2024-05-26_ST,2024-05-26,ST,1,694,Griffin Race,Griffin Race - 1200M,1200,,GOOD,"TURF - ""A"" Course",PAKISTAN STAR PLATE,950000,24.12 | 22.65 11.13 11.52 | 22.91 11.19 11.72,https://racing.hkjc.com/en-us/local/information/archive/localresults?racedate=2024/05/26&racecourse=ST&RaceNo=1,false
2024-05-26_ST_02,2024-05-26_ST,2024-05-26,ST,2,695,Class 5,Class 5 - 1600M - (40-0),1600,40-0,GOOD,"TURF - ""A"" Course",HELENE SUPER STAR HANDICAP,875000,25.09 | 23.05 | 23.56 11.83 11.73 | 23.39 11.55 11.84,https://racing.hkjc.com/en-us/local/information/archive/localresults?racedate=2024/05/26&racecourse=ST&RaceNo=2,false
2024-05-26_ST_03,2024-05-26_ST,2024-05-26,ST,3,696,Class 3,Class 3 - 2000M - (85-60),2000,85-60,GOOD,"TURF - ""A"" Course",VENGEANCE OF RAIN HANDICAP,2050000,25.74 | 25.40 | 23.52 | 23.64 12.04 11.60 | 23.35 11.35 12.00,https://racing.hkjc.com/en-us/local/information/archive/localresults?racedate=2024/05/26&racecourse=ST&RaceNo=3,false
2024-05-26_ST_04,2024-05-26_ST,2024-05-26,ST,4,697,Class 4,Class 4 - 1000M - (60-40),1000,60-40,GOOD,"TURF - ""A"" Course",INDIGENOUS HANDICAP,1170000,12.80 | 20.55 10.14 10.41 | 22.77 10.90 11.87,https://racing.hkjc.com/en-us/local/information/archive/localresults?racedate=2024/05/26&racecourse=ST&RaceNo=4,false
2024-05-26_ST_05,2024-05-26_ST,2024-05-26,ST,5,698,Class 4,Class 4 - 1200M - (60-40),1200,60-40,GOOD,"TURF - ""A"" Course",MAKARPURA STAR HANDICAP,1170000,23.96 | 22.37 11.21 11.16 | 22.69 10.92 11.77,https://racing.hkjc.com/en-us/local/information/archive/localresults?racedate=2024/05/26&racecourse=ST&RaceNo=5,false
2024-05-26_ST_06,2024-05-26_ST,2024-05-26,ST,6,699,Class 4,Class 4 - 1400M - (60-40),1400,60-40,GOOD,"TURF - ""A"" Course",EXULTANT HANDICAP,1170000,13.72 | 21.83 | 23.04 11.74 11.30 | 23.08 11.36 11.72,https://racing.hkjc.com/en-us/local/information/archive/localresults?racedate=2024/05/26&racecourse=ST&RaceNo=6,false
2024-05-26_ST_07,2024-05-26_ST,2024-05-26,ST,7,700,Group One,Group One - 2400M,2400,,GOOD,"TURF - ""A"" Course",THE STANDARD CHARTERED CHAMPIONS & CHATER CUP,13000000,25.80 | 24.16 | 25.50 | 24.38 | 22.67 11.51 11.16 | 23.11 11.10 12.01,https://racing.hkjc.com/en-us/local/information/archive/localresults?racedate=2024/05/26&racecourse=ST&RaceNo=7,false
2024-05-26_ST_08,2024-05-26_ST,2024-05-26,ST,8,701,Class 4,Class 4 - 1600M - (60-40),1600,60-40,GOOD,"TURF - ""A"" Course",VIVA PATACA HANDICAP,1170000,24.82 | 22.99 | 24.09 12.18 11.91 | 23.31 11.55 11.76,https://racing.hkjc.com/en-us/local/information/archive/localresults?racedate=2024/05/26&racecourse=ST&RaceNo=8,false
2024-05-26_ST_09,2024-05-26_ST,2024-05-26,ST,9,702,Class 3,Class 3 - 1200M - (80-60),1200,80-60,GOOD,"TURF - ""A"" Course",ORIENTAL EXPRESS HANDICAP,1860000,23.77 | 22.71 11.30 11.41 | 22.21 10.74 11.47,https://racing.hkjc.com/en-us/local/information/archive/localresults?racedate=2024/05/26&racecourse=ST&RaceNo=9,false
2024-05-26_ST_10,2024-05-26_ST,2024-05-26,ST,10,703,Class 3,Class 3 - 1400M - (85-60),1400,85-60,GOOD,"TURF - ""A"" Course",RIVER VERDON HANDICAP,1860000,13.63 | 21.93 | 22.96 11.46 11.50 | 23.02 11.24 11.78,https://racing.hkjc.com/en-us/local/information/archive/localresults?racedate=2024/05/26&racecourse=ST&RaceNo=10,false
2024-05-29_ST_01,2024-05-29_ST,2024-05-29,ST,1,704,Class 2,Class 2 - 1650M - (100-80),1650,100-80,GOOD,ALL WEATHER TRACK,CHUN SHEK HANDICAP,3120000,29.49 | 24.24 | 23.62 12.02 11.60 | 22.78 11.18 11.60,https://racing.hkjc.com/en-us/local/information/archive/localresults?racedate=2024/05/29&racecourse=ST&RaceNo=1,false
2024-05-29_ST_02,2024-05-29_ST,2024-05-29,ST,2,705,Class 5,Class 5 - 1200M - (40-0),1200,40-0,GOOD,ALL WEATHER TRACK,MEI LAM HANDICAP,875000,23.42 | 22.51 11.02 11.49 | 23.56 11.42 12.14,https://racing.hkjc.com/en-us/local/information/archive/localresults?racedate=2024/05/29&racecourse=ST&RaceNo=2,false
2024-05-29_ST_03,2024-05-29_ST,2024-05-29,ST,3,706,Class 4,Class 4 - 1200M - (60-40),1200,60-40,GOOD,ALL WEATHER TRACK,HIN YIU HANDICAP,1170000,23.13 | 22.46 10.80 11.66 | 23.84 11.55 12.29,https://racing.hkjc.com/en-us/local/information/archive/localresults?racedate=2024/05/29&racecourse=ST&RaceNo=3,false
2024-05-29_ST_04,2024-05-29_ST,2024-05-29,ST,4,707,Class 5,Class 5 - 1650M - (40-0),1650,40-0,GOOD,ALL WEATHER TRACK,SHUI CHUEN O HANDICAP,875000,28.08 | 23.32 | 24.15 11.98 12.17 | 24.51 12.06 12.45,https://racing.hkjc.com/en-us/local/information/archive/localresults?racedate=2024/05/29&racecourse=ST&RaceNo=4,false
2024-05-29_ST_05,2024-05-29_ST,2024-05-29,ST,5,708,Class 4,Class 4 - 1200M - (60-40),1200,60-40,GOOD,ALL WEATHER TRACK,HIN YIU HANDICAP,1170000,23.21 | 22.11 10.72 11.39 | 23.64 11.29 12.35,https://racing.hkjc.com/en-us/local/information/archive/localresults?racedate=2024/05/29&racecourse=ST&RaceNo=5,false
2024-05-29_ST_06,2024-05-29_ST,2024-05-29,ST,6,709,Class 4,Class 4 - 1800M - (60-40),1800,60-40,GOOD,ALL WEATHER TRACK,LEE ON HANDICAP,1170000,13.68 | 23.23 | 24.47 | 24.66 12.52 12.14 | 23.91 11.68 12.23,https://racing.hkjc.com/en-us/local/information/archive/localresults?racedate=2024/05/29&racecourse=ST&RaceNo=6,false
2024-05-29_ST_07,2024-05-29_ST,2024-05-29,ST,7,710,Class 3,Class 3 - 1200M - (85-60),1200,85-60,GOOD,ALL WEATHER TRACK,CHUNG ON HANDICAP,1860000,23.33 | 21.96 10.74 11.22 | 23.11 11.18 11.93,https://racing.hkjc.com/en-us/local/information/archive/localresults?racedate=2024/05/29&racecourse=ST&RaceNo=7,false
2024-05-29_ST_08,2024-05-29_ST,2024-05-29,ST,8,711,Class 3,Class 3 - 1650M - (80-60),1650,80-60,GOOD,ALL WEATHER TRACK,FUNG WO HANDICAP,2050000,28.18 | 23.00 | 24.21 11.93 12.28 | 23.73 11.58 12.15,https://racing.hkjc.com/en-us/local/information/archive/localresults?racedate=2024/05/29&racecourse=ST&RaceNo=8,false
2024-06-02_ST_01,2024-06-02_ST,2024-06-02,ST,1,712,Class 5,Class 5 - 2000M - (40-0),2000,40-0,GOOD,"TURF - ""B"" Course",SHA TIN HOI HANDICAP,875000,25.45 | 23.94 | 24.05 | 23.90 12.48 11.42 | 23.94 11.64 12.30,https://racing.hkjc.com/en-us/local/information/archive/localresults?racedate=2024/06/02&racecourse=ST&RaceNo=1,false
2024-06-02_ST_02,2024-06-02_ST,2024-06-02,ST,2,713,Class 2,Class 2 - 1400M - (100-80),1400,100-80,GOOD,"TURF - ""B"" Course",PENFOLD PARK HANDICAP,2840000,13.88 | 23.13 | 23.63 12.29 11.34 | 21.72 10.44 11.28,https://racing.hkjc.com/en-us/local/information/archive/localresults?racedate=2024/06/02&racecourse=ST&RaceNo=2,false
2024-06-02_ST_03,2024-06-02_ST,2024-06-02,ST,3,714,Class 5,Class 5 - 1400M - (40-0),1400,40-0,GOOD,"TURF - ""B"" Course",MA LIU SHUI HANDICAP,875000,13.64 | 22.71 | 23.47 11.91 11.56 | 22.89 11.10 11.79,https://racing.hkjc.com/en-us/local/information/archive/localresults?racedate=2024/06/02&racecourse=ST&RaceNo=3,false
2024-06-02_ST_04,2024-06-02_ST,2024-06-02,ST,4,715,Class 4,Class 4 - 1200M - (60-40),1200,60-40,GOOD,"TURF - ""B"" Course",SHING MUN RIVER CHANNEL HANDICAP,1170000,24.24 | 22.43 11.10 11.33 | 22.64 11.02 11.62,https://racing.hkjc.com/en-us/local/information/archive/localresults?racedate=2024/06/02&racecourse=ST&RaceNo=4,false
2024-06-02_ST_05,2024-06-02_ST,2024-06-02,ST,5,716,Class 4,Class 4 - 1400M - (60-40),1400,60-40,GOOD,"TURF - ""B"" Course",TOLO HARBOUR HANDICAP,1170000,13.24 | 21.69 | 23.14 11.34 11.80 | 23.66 11.51 12.15,https://racing.hkjc.com/en-us/local/information/archive/localresults?racedate=2024/06/02&racecourse=ST&RaceNo=5,false
2024-06-02_ST_06,2024-06-02_ST,2024-06-02,ST,6,717,Class 3,Class 3 - 1200M - (80-60),1200,80-60,GOOD,"TURF - ""B"" Course",FO TAN HANDICAP,1860000,23.76 | 22.35 11.10 11.25 | 22.46 10.83 11.63,https://racing.hkjc.com/en-us/local/information/archive/localresults?racedate=2024/06/02&racecourse=ST&RaceNo=6,false
2024-06-02_ST_07,2024-06-02_ST,2024-06-02,ST,7,718,Class 4,Class 4 - 1200M - (60-40),1200,60-40,GOOD TO FIRM,"TURF - ""B"" Course",SHING MUN RIVER CHANNEL HANDICAP,1170000,23.89 | 22.28 10.94 11.34 | 22.61 10.94 11.67,https://racing.hkjc.com/en-us/local/information/archive/localresults?racedate=2024/06/02&racecourse=ST&RaceNo=7,false
2024-06-02_ST_08,2024-06-02_ST,2024-06-02,ST,8,719,Group Three,Group Three - 1600M,1600,,GOOD TO FIRM,"TURF - ""B"" Course",THE LION ROCK TROPHY (HANDICAP),4200000,25.01 | 23.47 | 23.16 11.94 11.22 | 22.29 10.73 11.56,https://racing.hkjc.com/en-us/local/information/archive/localresults?racedate=2024/06/02&racecourse=ST&RaceNo=8,false
2024-06-02_ST_09,2024-06-02_ST,2024-06-02,ST,9,720,Group Three,Group Three - 1200M,1200,,GOOD TO FIRM,"TURF - ""B"" Course",THE SHA TIN VASE (HANDICAP),4200000,23.79 | 22.05 11.07 10.98 | 22.16 10.81 11.35,https://racing.hkjc.com/en-us/local/information/archive/localresults?racedate=2024/06/02&racecourse=ST&RaceNo=9,false
2024-06-02_ST_10,2024-06-02_ST,2024-06-02,ST,10,721,Class 4,Class 4 - 1400M - (60-40),1400,60-40,GOOD TO FIRM,"TURF - ""B"" Course",TOLO HARBOUR HANDICAP,1170000,13.48 | 22.03 | 23.48 11.84 11.64 | 23.15 11.27 11.88,https://racing.hkjc.com/en-us/local/information/archive/localresults?racedate=2024/06/02&racecourse=ST&RaceNo=10,false
2024-06-02_ST_11,2024-06-02_ST,2024-06-02,ST,11,722,Class 3,Class 3 - 1400M - (80-60),1400,80-60,GOOD TO FIRM,"TURF - ""B"" Course",KAU TO SHAN HANDICAP,1860000,13.18 | 22.08 | 23.69 11.91 11.78 | 22.84 11.21 11.63,https://racing.hkjc.com/en-us/local/information/archive/localresults?racedate=2024/06/02&racecourse=ST&RaceNo=11,false
2024-06-05_HV_01,2024-06-05_HV,2024-06-05,HV,1,723,Class 5,Class 5 - 1000M - (40-0),1000,40-0,GOOD TO YIELDING,"TURF - ""A"" Course",STANLEY GAP HANDICAP,875000,12.53 | 21.42 10.27 11.15 | 23.95 11.80 12.15,https://racing.hkjc.com/en-us/local/information/archive/localresults?racedate=2024/06/05&racecourse=HV&RaceNo=1,false
2024-06-05_HV_02,2024-06-05_HV,2024-06-05,HV,2,724,Class 4,Class 4 - 2200M - (60-40),2200,60-40,GOOD TO YIELDING,"TURF - ""A"" Course",TAI TAM GAP HANDICAP,1170000,14.68 | 23.71 | 24.89 | 25.03 | 25.00 12.28 12.72 | 25.15 12.75 12.40,https://racing.hkjc.com/en-us/local/information/archive/localresults?racedate=2024/06/05&racecourse=HV&RaceNo=2,false
2024-06-05_HV_03,2024-06-05_HV,2024-06-05,HV,3,725,Class 4,Class 4 - 1200M - (60-40),1200,60-40,GOOD TO YIELDING,"TURF - ""A"" Course",MOUNT NICHOLSON HANDICAP,1170000,23.71 | 23.01 11.47 11.54 | 23.97 11.76 12.21,https://racing.hkjc.com/en-us/local/information/archive/localresults?racedate=2024/06/05&racecourse=HV&RaceNo=3,false
2024-06-05_HV_04,2024-06-05_HV,2024-06-05,HV,4,726,Class 4,Class 4 - 1200M - (60-40),1200,60-40,GOOD TO YIELDING,"TURF - ""A"" Course",MOUNT NICHOLSON HANDICAP,1170000,23.45 | 22.86 11.00 11.86 | 24.89 12.61 12.28,https://racing.hkjc.com/en-us/local/information/archive/localresults?racedate=2024/06/05&racecourse=HV&RaceNo=4,false
2024-06-05_HV_05,2024-06-05_HV,2024-06-05,HV,5,727,Class 4,Class 4 - 1650M - (60-40),1650,60-40,GOOD TO YIELDING,"TURF - ""A"" Course",THE CRICKET CLUB VALLEY STAKES (HANDICAP),1170000,29.56 | 24.59 | 23.74 11.87 11.87 | 23.75 11.88 11.87,https://racing.hkjc.com/en-us/local/information/archive/localresults?racedate=2024/06/05&racecourse=HV&RaceNo=5,false
2024-06-05_HV_06,2024-06-05_HV,2024-06-05,HV,6,728,Class 4,Class 4 - 1650M - (60-40),1650,60-40,GOOD TO YIELDING,"TURF - ""A"" Course",WONG NAI CHUNG GAP HANDICAP,1170000,28.18 | 24.22 | 24.68 12.36 12.32 | 24.37 12.22 12.15,https://racing.hkjc.com/en-us/local/information/archive/localresults?racedate=2024/06/05&racecourse=HV&RaceNo=6,false
2024-06-05_HV_07,2024-06-05_HV,2024-06-05,HV,7,729,Class 3,Class 3 - 1650M - (80-60),1650,80-60,GOOD TO YIELDING,"TURF - ""A"" Course",SHOUSON HILL HANDICAP,2050000,27.48 | 24.03 | 24.59 12.33 12.26 | 24.72 12.17 12.55,https://racing.hkjc.com/en-us/local/information/archive/localresults?racedate=2024/06/05&racecourse=HV&RaceNo=7,false
2024-06-05_HV_08,2024-06-05_HV,2024-06-05,HV,8,730,Class 3,Class 3 - 1200M - (80-60),1200,80-60,GOOD TO YIELDING,"TURF - ""A"" Course",VIOLET HILL HANDICAP,1860000,23.22 | 22.32 10.80 11.52 | 24.95 12.21 12.74,https://racing.hkjc.com/en-us/local/information/archive/localresults?racedate=2024/06/05&racecourse=HV&RaceNo=8,false
2024-06-05_HV_09,2024-06-05_HV,2024-06-05,HV,9,731,Class 3,Class 3 - 1200M - (80-60),1200,80-60,GOOD TO YIELDING,"TURF - ""A"" Course",VIOLET HILL HANDICAP,1860000,23.12 | 22.95 11.12 11.83 | 24.46 12.15 12.31,https://racing.hkjc.com/en-us/local/information/archive/localresults?racedate=2024/06/05&racecourse=HV&RaceNo=9,false
2024-06-08_ST_01,2024-06-08_ST,2024-06-08,ST,1,732,Class 5,Class 5 - 1400M - (40-0),1400,40-0,GOOD,"TURF - ""C"" Course",BUTTERFLY BAY HANDICAP,875000,13.19 | 21.38 | 23.15 11.61 11.54 | 24.44 12.02 12.42,https://racing.hkjc.com/en-us/local/information/archive/localresults?racedate=2024/06/08&racecourse=ST&RaceNo=1,false
2024-06-08_ST_02,2024-06-08_ST,2024-06-08,ST,2,733,Class 4,Class 4 - 1000M - (60-40),1000,60-40,GOOD,"TURF - ""C"" Course",CHAI WAN ROAD HANDICAP,1170000,12.72 | 20.48 10.09 10.39 | 23.42 11.46 11.96,https://racing.hkjc.com/en-us/local/information/archive/localresults?racedate=2024/06/08&racecourse=ST&RaceNo=2,false
2024-06-08_ST_03,2024-06-08_ST,2024-06-08,ST,3,734,Class 3,Class 3 - 1000M - (80-60),1000,80-60,GOOD,"TURF - ""C"" Course",TUEN MUN PUBLIC RIDING SCHOOL HANDICAP,1860000,13.32 | 20.63 10.17 10.46 | 22.72 10.92 11.80,https://racing.hkjc.com/en-us/local/information/archive/localresults?racedate=2024/06/08&racecourse=ST&RaceNo=3,false
2024-06-08_ST_04,2024-06-08_ST,2024-06-08,ST,4,735,Class 4,Class 4 - 1200M - (60-40),1200,60-40,GOOD,"TURF - ""C"" Course",POK FU LAM PUBLIC RIDING SCHOOL HANDICAP,1170000,24.06 | 22.44 11.12 11.32 | 22.20 10.84 11.36,https://racing.hkjc.com/en-us/local/information/archive/localresults?racedate=2024/06/08&racecourse=ST&RaceNo=4,false
2024-06-08_ST_05,2024-06-08_ST,2024-06-08,ST,5,736,Class 4,Class 4 - 1400M - (60-40),1400,60-40,GOOD,"TURF - ""C"" Course",LEI YUE MUN PUBLIC RIDING SCHOOL HANDICAP,1170000,13.40 | 22.52 | 23.66 12.06 11.60 | 22.85 11.06 11.79,https://racing.hkjc.com/en-us/local/information/archive/localresults?racedate=2024/06/08&racecourse=ST&RaceNo=5,false
2024-06-08_ST_06,2024-06-08_ST,2024-06-08,ST,6,737,Class 4,Class 4 - 1200M - (60-40),1200,60-40,GOOD,"TURF - ""C"" Course",THE HONG KONG RIDING FOR THE DISABLED ASSOCIATION CUP (HANDICAP),1170000,24.45 | 22.62 11.42 11.20 | 22.30 10.88 11.42,https://racing.hkjc.com/en-us/local/information/archive/localresults?racedate=2024/06/08&racecourse=ST&RaceNo=6,false
2024-06-08_ST_07,2024-06-08_ST,2024-06-08,ST,7,738,Class 2,Class 2 - 1200M - (100-80),1200,100-80,GOOD,"TURF - ""C"" Course",LUNG MUN ROAD HANDICAP,2840000,23.30 | 21.96 10.82 11.14 | 23.01 11.19 11.82,https://racing.hkjc.com/en-us/local/information/archive/localresults?racedate=2024/06/08&racecourse=ST&RaceNo=7,false
2024-06-08_ST_08,2024-06-08_ST,2024-06-08,ST,8,739,Class 3,Class 3 - 1800M - (80-60),1800,80-60,GOOD,"TURF - ""C"" Course",THE POLA CUP (HANDICAP),2050000,13.82 | 22.53 | 23.28 | 24.16 11.93 12.23 | 23.56 11.60 11.96,https://racing.hkjc.com/en-us/local/information/archive/localresults?racedate=2024/06/08&racecourse=ST&RaceNo=8,false
2024-06-08_ST_09,2024-06-08_ST,2024-06-08,ST,9,740,Class 4,Class 4 - 1600M - (60-40),1600,60-40,GOOD,"TURF - ""C"" Course",POK FU LAM COUNTRY PARK HANDICAP,1170000,24.17 | 22.29 | 24.02 12.03 11.99 | 24.52 11.96 12.56,https://racing.hkjc.com/en-us/local/information/archive/localresults?racedate=2024/06/08&racecourse=ST&RaceNo=9,false
2024-06-08_ST_10,2024-06-08_ST,2024-06-08,ST,10,741,Class 3,Class 3 - 1400M - (80-60),1400,80-60,GOOD,"TURF - ""C"" Course",POK FU LAM RESERVOIR ROAD HANDICAP,1860000,13.33 | 21.33 | 23.23 11.41 11.82 | 23.64 11.67 11.97,https://racing.hkjc.com/en-us/local/information/archive/localresults?racedate=2024/06/08&racecourse=ST&RaceNo=10,false
2024-06-12_HV_01,2024-06-12_HV,2024-06-12,HV,1,742,Class 5,Class 5 - 1650M - (40-0),1650,40-0,GOOD,"TURF - ""B"" Course",ASTER HANDICAP,875000,27.59 | 23.74 | 24.97 12.43 12.54 | 24.17 11.83 12.34,https://racing.hkjc.com/en-us/local/information/archive/localresults?racedate=2024/06/12&racecourse=HV&RaceNo=1,false
2024-06-12_HV_02,2024-06-12_HV,2024-06-12,HV,2,743,Class 4,Class 4 - 1650M - (60-40),1650,60-40,GOOD,"TURF - ""B"" Course",BELLFLOWER HANDICAP,1170000,27.62 | 23.10 | 24.43 12.24 12.19 | 24.81 12.52 12.29,https://racing.hkjc.com/en-us/local/information/archive/localresults?racedate=2024/06/12&racecourse=HV&RaceNo=2,false
2024-06-12_HV_03,2024-06-12_HV,2024-06-12,HV,3,744,Class 4,Class 4 - 1800M - (60-40),1800,60-40,GOOD,"TURF - ""B"" Course",CAMELLIA HANDICAP,1170000,13.49 | 22.80 | 24.25 | 24.90 12.53 12.37 | 24.73 12.33 12.40,https://racing.hkjc.com/en-us/local/information/archive/localresults?racedate=2024/06/12&racecourse=HV&RaceNo=3,false
2024-06-12_HV_04,2024-06-12_HV,2024-06-12,HV,4,745,Class 4,Class 4 - 1200M - (60-40),1200,60-40,GOOD,"TURF - ""B"" Course",DIANTHUS HANDICAP,1170000,24.02 | 22.90 11.36 11.54 | 23.24 11.49 11.75,https://racing.hkjc.com/en-us/local/information/archive/localresults?racedate=2024/06/12&racecourse=HV&RaceNo=4,false
2024-06-12_HV_05,2024-06-12_HV,2024-06-12,HV,5,746,Class 2,Class 2 - 1650M - (100-80),1650,100-80,GOOD,"TURF - ""B"" Course",THE EWO CHALLENGE TROPHY (HANDICAP),3120000,29.23 | 24.55 | 23.20 11.25 11.95 | 23.67 11.73 11.94,https://racing.hkjc.com/en-us/local/information/archive/localresults?racedate=2024/06/12&racecourse=HV&RaceNo=5,false
2024-06-12_HV_06,2024-06-12_HV,2024-06-12,HV,6,747,Class 4,Class 4 - 1000M - (60-40),1000,60-40,GOOD,"TURF - ""B"" Course",HEATHER HANDICAP,1170000,12.45 | 21.08 10.08 11.00 | 23.64 11.60 12.04,https://racing.hkjc.com/en-us/local/information/archive/localresults?racedate=2024/06/12&racecourse=HV&RaceNo=6,false
2024-06-12_HV_07,2024-06-12_HV,2024-06-12,HV,7,748,Class 3,Class 3 - 1200M - (80-60),1200,80-60,GOOD,"TURF - ""B"" Course",THISTLE HANDICAP,1860000,23.65 | 22.83 11.11 11.72 | 23.81 11.80 12.01,https://racing.hkjc.com/en-us/local/information/archive/localresults?racedate=2024/06/12&racecourse=HV&RaceNo=7,false
2024-06-12_HV_08,2024-06-12_HV,2024-06-12,HV,8,749,Class 3,Class 3 - 1000M - (80-60),1000,80-60,GOOD,"TURF - ""B"" Course",VIOLET HANDICAP,1860000,12.39 | 20.79 10.11 10.68 | 23.70 11.42 12.28,https://racing.hkjc.com/en-us/local/information/archive/localresults?racedate=2024/06/12&racecourse=HV&RaceNo=8,false
2024-06-12_HV_09,2024-06-12_HV,2024-06-12,HV,9,750,Class 3,Class 3 - 1650M - (80-60),1650,80-60,GOOD,"TURF - ""B"" Course",CHAMOMILE HANDICAP,2050000,28.33 | 23.58 | 24.31 12.18 12.13 | 24.25 12.05 12.20,https://racing.hkjc.com/en-us/local/information/archive/localresults?racedate=2024/06/12&racecourse=HV&RaceNo=9,false
2024-06-15_ST_01,2024-06-15_ST,2024-06-15,ST,1,751,Griffin Race,Griffin Race - 1000M,1000,,YIELDING,"TURF - ""C+3"" Course",YAN CHAU TONG PLATE,950000,13.22 | 20.91 10.18 10.73 | 23.15 11.28 11.87,https://racing.hkjc.com/en-us/local/information/archive/localresults?racedate=2024/06/15&racecourse=ST&RaceNo=1,false
2024-06-15_ST_02,2024-06-15_ST,2024-06-15,ST,2,752,Class 5,Class 5 - 1200M - (40-0),1200,40-0,YIELDING,"TURF - ""C+3"" Course",PORT SHELTER HANDICAP,875000,24.34 | 23.18 11.58 11.60 | 23.22 11.28 11.94,https://racing.hkjc.com/en-us/local/information/archive/localresults?racedate=2024/06/15&racecourse=ST&RaceNo=2,false
2024-06-15_ST_03,2024-06-15_ST,2024-06-15,ST,3,753,Class 5,Class 5 - 1600M - (40-0),1600,40-0,SOFT,"TURF - ""C+3"" Course",TIU CHUNG CHAU HANDICAP,875000,24.77 | 23.36 | 24.70 12.43 12.27 | 24.36 11.99 12.37,https://racing.hkjc.com/en-us/local/information/archive/localresults?racedate=2024/06/15&racecourse=ST&RaceNo=3,false
2024-06-15_ST_04,2024-06-15_ST,2024-06-15,ST,4,754,Class 4,Class 4 - 1200M - (60-40),1200,60-40,SOFT,"TURF - ""C+3"" Course",KAU SAI CHAU HANDICAP,1170000,23.79 | 22.80 11.35 11.45 | 23.38 11.32 12.06,https://racing.hkjc.com/en-us/local/information/archive/localresults?racedate=2024/06/15&racecourse=ST&RaceNo=4,false
2024-06-15_ST_05,2024-06-15_ST,2024-06-15,ST,5,755,Class 4,Class 4 - 1200M - (60-40),1200,60-40,SOFT,"TURF - ""C+3"" Course",KAU SAI CHAU HANDICAP,1170000,23.55 | 22.71 11.22 11.49 | 23.85 11.60 12.25,https://racing.hkjc.com/en-us/local/information/archive/localresults?racedate=2024/06/15&racecourse=ST&RaceNo=5,false
2024-06-15_ST_06,2024-06-15_ST,2024-06-15,ST,6,756,Class 3,Class 3 - 1200M - (80-60),1200,80-60,SOFT,"TURF - ""C+3"" Course",CLEAR WATER BAY HANDICAP,1860000,24.38 | 22.99 11.67 11.32 | 22.96 10.98 11.98,https://racing.hkjc.com/en-us/local/information/archive/localresults?racedate=2024/06/15&racecourse=ST&RaceNo=6,false
2024-06-15_ST_07,2024-06-15_ST,2024-06-15,ST,7,757,Class 4,Class 4 - 1200M - (60-40),1200,60-40,WET SLOW,ALL WEATHER TRACK,KIU TSUI HANDICAP,1170000,23.47 | 22.47 10.78 11.69 | 23.79 11.55 12.24,https://racing.hkjc.com/en-us/local/information/archive/localresults?racedate=2024/06/15&racecourse=ST&RaceNo=7,false
2024-06-15_ST_08,2024-06-15_ST,2024-06-15,ST,8,758,Class 3,Class 3 - 1200M - (85-60),1200,85-60,WET SLOW,ALL WEATHER TRACK,GRASS ISLAND HANDICAP,1860000,23.39 | 21.84 10.69 11.15 | 23.16 11.36 11.80,https://racing.hkjc.com/en-us/local/information/archive/localresults?racedate=2024/06/15&racecourse=ST&RaceNo=8,false
2024-06-15_ST_09,2024-06-15_ST,2024-06-15,ST,9,759,Class 3,Class 3 - 1400M - (80-60),1400,80-60,SOFT,"TURF - ""C+3"" Course",HOI HA HANDICAP,1860000,13.51 | 21.35 | 24.06 11.91 12.15 | 24.44 12.00 12.44,https://racing.hkjc.com/en-us/local/information/archive/localresults?racedate=2024/06/15&racecourse=ST&RaceNo=9,false
2024-06-15_ST_10,2024-06-15_ST,2024-06-15,ST,10,760,Class 4,Class 4 - 1400M - (60-40),1400,60-40,SOFT,"TURF - ""C+3"" Course",MIRS BAY HANDICAP,1170000,13.48 | 22.18 | 23.36 11.69 11.67 | 23.90 11.71 12.19,https://racing.hkjc.com/en-us/local/information/archive/localresults?racedate=2024/06/15&racecourse=ST&RaceNo=10,false
2024-06-15_ST_11,2024-06-15_ST,2024-06-15,ST,11,761,Class 3,Class 3 - 1600M - (80-60),1600,80-60,SOFT,"TURF - ""C+3"" Course",KAT O HANDICAP,2050000,24.47 | 22.44 | 24.22 12.11 12.11 | 24.41 11.93 12.48,https://racing.hkjc.com/en-us/local/information/archive/localresults?racedate=2024/06/15&racecourse=ST&RaceNo=11,false
2024-06-23_ST_01,2024-06-23_ST,2024-06-23,ST,1,762,Class 4,Class 4 - 1200M - (60-40),1200,60-40,GOOD TO FIRM,"TURF - ""A"" Course",RUBY HANDICAP,1170000,23.60 | 22.51 11.28 11.23 | 22.83 11.13 11.70,https://racing.hkjc.com/en-us/local/information/archive/localresults?racedate=2024/06/23&racecourse=ST&RaceNo=1,false
2024-06-23_ST_02,2024-06-23_ST,2024-06-23,ST,2,763,Class 3,Class 3 - 1650M - (85-60),1650,85-60,GOOD,ALL WEATHER TRACK,SPESSARTINE GARNET HANDICAP,2050000,29.35 | 23.28 | 23.52 11.64 11.88 | 22.96 11.52 11.44,https://racing.hkjc.com/en-us/local/information/archive/localresults?racedate=2024/06/23&racecourse=ST&RaceNo=2,false
2024-06-23_ST_03,2024-06-23_ST,2024-06-23,ST,3,764,Class 4,Class 4 - 1650M - (60-40),1650,60-40,GOOD,ALL WEATHER TRACK,TOPAZ HANDICAP,1170000,27.93 | 23.39 | 23.34 11.56 11.78 | 24.07 11.82 12.25,https://racing.hkjc.com/en-us/local/information/archive/localresults?racedate=2024/06/23&racecourse=ST&RaceNo=3,false
2024-06-23_ST_04,2024-06-23_ST,2024-06-23,ST,4,765,Class 4,Class 4 - 1800M - (60-40),1800,60-40,GOOD TO FIRM,"TURF - ""A"" Course",EMERALD HANDICAP,1170000,14.02 | 22.99 | 23.20 | 24.50 12.52 11.98 | 23.31 11.52 11.79,https://racing.hkjc.com/en-us/local/information/archive/localresults?racedate=2024/06/23&racecourse=ST&RaceNo=4,false
2024-06-23_ST_05,2024-06-23_ST,2024-06-23,ST,5,766,Class 4,Class 4 - 1400M - (60-40),1400,60-40,GOOD TO FIRM,"TURF - ""A"" Course",DIAMOND HANDICAP,1170000,13.47 | 22.45 | 23.04 11.77 11.27 | 22.78 10.95 11.83,https://racing.hkjc.com/en-us/local/information/archive/localresults?racedate=2024/06/23&racecourse=ST&RaceNo=5,false
2024-06-23_ST_06,2024-06-23_ST,2024-06-23,ST,6,767,Class 4,Class 4 - 1400M - (60-40),1400,60-40,GOOD TO FIRM,"TURF - ""A"" Course",DIAMOND HANDICAP,1170000,13.49 | 21.62 | 22.75 11.32 11.43 | 23.73 11.59 12.14,https://racing.hkjc.com/en-us/local/information/archive/localresults?racedate=2024/06/23&racecourse=ST&RaceNo=6,false
2024-06-23_ST_07,2024-06-23_ST,2024-06-23,ST,7,768,Class 3,Class 3 - 2000M - (85-60),2000,85-60,GOOD TO FIRM,"TURF - ""A"" Course",LAPIS LAZULI HANDICAP,2050000,25.43 | 25.03 | 23.19 | 23.46 11.69 11.77 | 24.12 11.84 12.28,https://racing.hkjc.com/en-us/local/information/archive/localresults?racedate=2024/06/23&racecourse=ST&RaceNo=7,false
2024-06-23_ST_08,2024-06-23_ST,2024-06-23,ST,8,769,Group Three,Group Three - 1400M,1400,,GOOD TO FIRM,"TURF - ""A"" Course",THE PREMIER CUP (HANDICAP),4200000,13.24 | 21.68 | 23.54 11.80 11.74 | 23.31 11.30 12.01,https://racing.hkjc.com/en-us/local/information/archive/localresults?racedate=2024/06/23&racecourse=ST&RaceNo=8,false
2024-06-23_ST_09,2024-06-23_ST,2024-06-23,ST,9,770,Group Three,Group Three - 1800M,1800,,GOOD,"TURF - ""A"" Course",THE PREMIER PLATE (HANDICAP),4200000,14.44 | 23.39 | 24.54 | 23.78 12.14 11.64 | 22.49 11.02 11.47,https://racing.hkjc.com/en-us/local/information/archive/localresults?racedate=2024/06/23&racecourse=ST&RaceNo=9,false
2024-06-23_ST_10,2024-06-23_ST,2024-06-23,ST,10,771,Class 3,Class 3 - 1200M - (80-60),1200,80-60,GOOD,"TURF - ""A"" Course",SAPPHIRE HANDICAP,1860000,23.58 | 22.38 10.97 11.41 | 23.19 11.21 11.98,https://racing.hkjc.com/en-us/local/information/archive/localresults?racedate=2024/06/23&racecourse=ST&RaceNo=10,false
2024-06-23_ST_11,2024-06-23_ST,2024-06-23,ST,11,772,Class 3,Class 3 - 1400M - (80-60),1400,80-60,GOOD,"TURF - ""A"" Course",AMETHYST HANDICAP,1860000,13.03 | 21.54 | 23.24 11.55 11.69 | 24.05 11.69 12.36,https://racing.hkjc.com/en-us/local/information/archive/localresults?racedate=2024/06/23&racecourse=ST&RaceNo=11,false
2024-06-26_HV_01,2024-06-26_HV,2024-06-26,HV,1,773,Class 5,Class 5 - 2200M - (40-0),2200,40-0,GOOD,"TURF - ""C"" Course",NAM CHUNG RIVER HANDICAP,875000,14.11 | 23.20 | 24.96 | 25.22 | 24.45 12.17 12.28 | 23.75 11.83 11.92,https://racing.hkjc.com/en-us/local/information/archive/localresults?racedate=2024/06/26&racecourse=HV&RaceNo=1,false
2024-06-26_HV_02,2024-06-26_HV,2024-06-26,HV,2,774,Class 4,Class 4 - 1200M - (60-40),1200,60-40,GOOD,"TURF - ""C"" Course",NG TUNG RIVER HANDICAP,1170000,23.77 | 22.84 11.17 11.67 | 22.87 11.26 11.61,https://racing.hkjc.com/en-us/local/information/archive/localresults?racedate=2024/06/26&racecourse=HV&RaceNo=2,false
2024-06-26_HV_03,2024-06-26_HV,2024-06-26,HV,3,775,Class 4,Class 4 - 1650M - (60-40),1650,60-40,GOOD,"TURF - ""C"" Course",BEAS RIVER HANDICAP,1170000,27.24 | 22.92 | 25.04 12.43 12.61 | 24.13 12.16 11.97,https://racing.hkjc.com/en-us/local/information/archive/localresults?racedate=2024/06/26&racecourse=HV&RaceNo=3,false
2024-06-26_HV_04,2024-06-26_HV,2024-06-26,HV,4,776,Class 4,Class 4 - 1200M - (60-40),1200,60-40,GOOD,"TURF - ""C"" Course",NG TUNG RIVER HANDICAP,1170000,23.92 | 22.74 11.35 11.39 | 23.17 11.38 11.79,https://racing.hkjc.com/en-us/local/information/archive/localresults?racedate=2024/06/26&racecourse=HV&RaceNo=4,false
2024-06-26_HV_05,2024-06-26_HV,2024-06-26,HV,5,777,Class 4,Class 4 - 1650M - (60-40),1650,60-40,GOOD,"TURF - ""C"" Course",THE PEARCE MEMORIAL CHALLENGE CUP (HANDICAP),1170000,27.46 | 23.30 | 24.40 12.32 12.08 | 24.10 12.36 11.74,https://racing.hkjc.com/en-us/local/information/archive/localresults?racedate=2024/06/26&racecourse=HV&RaceNo=5,false
2024-06-26_HV_06,2024-06-26_HV,2024-06-26,HV,6,778,Class 4,Class 4 - 1200M - (60-40),1200,60-40,GOOD,"TURF - ""C"" Course",NG TUNG RIVER HANDICAP,1170000,23.73 | 22.50 11.05 11.45 | 23.48 11.54 11.94,https://racing.hkjc.com/en-us/local/information/archive/localresults?racedate=2024/06/26&racecourse=HV&RaceNo=6,false
2024-06-26_HV_07,2024-06-26_HV,2024-06-26,HV,7,779,Class 2,Class 2 - 1200M - (105-80),1200,105-80,GOOD,"TURF - ""C"" Course",TAN SHAN RIVER HANDICAP,2840000,23.60 | 22.73 11.07 11.66 | 22.65 11.13 11.52,https://racing.hkjc.com/en-us/local/information/archive/localresults?racedate=2024/06/26&racecourse=HV&RaceNo=7,false
2024-06-26_HV_08,2024-06-26_HV,2024-06-26,HV,8,780,Class 3,Class 3 - 1650M - (85-60),1650,85-60,GOOD,"TURF - ""C"" Course",SHA TAU KOK RIVER HANDICAP,2050000,28.10 | 24.07 | 23.74 12.03 11.71 | 23.95 11.91 12.04,https://racing.hkjc.com/en-us/local/information/archive/localresults?racedate=2024/06/26&racecourse=HV&RaceNo=8,false
2024-06-26_HV_09,2024-06-26_HV,2024-06-26,HV,9,781,Class 3,Class 3 - 1200M - (80-60),1200,80-60,GOOD,"TURF - ""C"" Course",SHEK SHEUNG RIVER HANDICAP,1860000,23.51 | 22.55 10.84 11.71 | 23.40 11.64 11.76,https://racing.hkjc.com/en-us/local/information/archive/localresults?racedate=2024/06/26&racecourse=HV&RaceNo=9,false
2024-07-01_ST_01,2024-07-01_ST,2024-07-01,ST,1,782,Class 4,Class 4 - 1000M - (60-40),1000,60-40,GOOD,"TURF - ""B"" Course",RACING GOES ON 1000M HANDICAP,1170000,12.70 | 20.64 10.11 10.53 | 22.88 11.09 11.79,https://racing.hkjc.com/en-us/local/information/archive/localresults?racedate=2024/07/01&racecourse=ST&RaceNo=1,false
2024-07-01_ST_02,2024-07-01_ST,2024-07-01,ST,2,783,Class 5,Class 5 - 1400M - (40-0),1400,40-0,GOOD,"TURF - ""B"" Course",WORLD-CLASS LEADERSHIP 1400M HANDICAP,875000,13.63 | 22.38 | 22.69 11.42 11.27 | 23.48 11.55 11.93,https://racing.hkjc.com/en-us/local/information/archive/localresults?racedate=2024/07/01&racecourse=ST&RaceNo=2,false
2024-07-01_ST_03,2024-07-01_ST,2024-07-01,ST,3,784,Class 5,Class 5 - 1400M - (40-0),1400,40-0,GOOD,"TURF - ""B"" Course",UNCOMPROMISING INTEGRITY 1400M HANDICAP,875000,13.44 | 22.43 | 23.25 11.70 11.55 | 23.30 11.45 11.85,https://racing.hkjc.com/en-us/local/information/archive/localresults?racedate=2024/07/01&racecourse=ST&RaceNo=3,false
2024-07-01_ST_04,2024-07-01_ST,2024-07-01,ST,4,785,Class 3,Class 3 - 1000M - (80-60),1000,80-60,GOOD,"TURF - ""B"" Course",THE CMA 90TH ANNIVERSARY CUP (HANDICAP),1860000,12.99 | 20.90 10.36 10.54 | 22.13 10.91 11.22,https://racing.hkjc.com/en-us/local/information/archive/localresults?racedate=2024/07/01&racecourse=ST&RaceNo=4,false
2024-07-01_ST_05,2024-07-01_ST,2024-07-01,ST,5,786,Class 4,Class 4 - 1200M - (60-40),1200,60-40,GOOD,"TURF - ""B"" Course",SERVING THE COMMUNITY 1200M HANDICAP,1170000,24.47 | 22.44 11.25 11.19 | 22.34 10.91 11.43,https://racing.hkjc.com/en-us/local/information/archive/localresults?racedate=2024/07/01&racecourse=ST&RaceNo=5,false
2024-07-01_ST_06,2024-07-01_ST,2024-07-01,ST,6,787,Class 2,Class 2 - 1400M - (100-80),1400,100-80,GOOD,"TURF - ""B"" Course",THE HONG KONG REUNIFICATION CUP (HANDICAP),2840000,13.53 | 21.90 | 22.50 11.27 11.23 | 22.78 11.05 11.73,https://racing.hkjc.com/en-us/local/information/archive/localresults?racedate=2024/07/01&racecourse=ST&RaceNo=6,false
2024-07-01_ST_07,2024-07-01_ST,2024-07-01,ST,7,788,Class 4,Class 4 - 1200M - (60-40),1200,60-40,GOOD,"TURF - ""B"" Course",THE GUANGDONG-HONG KONG CUP (HANDICAP),1170000,24.35 | 22.16 10.89 11.27 | 22.72 11.13 11.59,https://racing.hkjc.com/en-us/local/information/archive/localresults?racedate=2024/07/01&racecourse=ST&RaceNo=7,false
2024-07-01_ST_08,2024-07-01_ST,2024-07-01,ST,8,789,Class 4,Class 4 - 1400M - (60-40),1400,60-40,GOOD,"TURF - ""B"" Course",CONTINUOUS DEVELOPMENT 1400M HANDICAP,1170000,13.42 | 21.92 | 23.67 11.87 11.80 | 22.84 11.35 11.49,https://racing.hkjc.com/en-us/local/information/archive/localresults?racedate=2024/07/01&racecourse=ST&RaceNo=8,false
2024-07-01_ST_09,2024-07-01_ST,2024-07-01,ST,9,790,Class 4,Class 4 - 1400M - (60-40),1400,60-40,GOOD,"TURF - ""B"" Course",RIDING HIGH TOGETHER 1400M HANDICAP,1170000,13.35 | 21.94 | 23.68 11.78 11.90 | 23.03 11.37 11.66,https://racing.hkjc.com/en-us/local/information/archive/localresults?racedate=2024/07/01&racecourse=ST&RaceNo=9,false
2024-07-01_ST_10,2024-07-01_ST,2024-07-01,ST,10,791,Class 3,Class 3 - 1200M - (80-60),1200,80-60,GOOD,"TURF - ""B"" Course",SPORTSMANSHIP 1200M HANDICAP,1860000,23.56 | 22.15 10.90 11.25 | 22.55 10.85 11.70,https://racing.hkjc.com/en-us/local/information/archive/localresults?racedate=2024/07/01&racecourse=ST&RaceNo=10,false
2024-07-01_ST_11,2024-07-01_ST,2024-07-01,ST,11,792,Class 3,Class 3 - 1600M - (80-60),1600,80-60,GOOD,"TURF - ""B"" Course",BETTER FUTURE 1600M HANDICAP,2050000,24.78 | 23.62 | 23.52 11.90 11.62 | 23.06 11.35 11.71,https://racing.hkjc.com/en-us/local/information/archive/localresults?racedate=2024/07/01&racecourse=ST&RaceNo=11,false
2024-07-04_HV_01,2024-07-04_HV,2024-07-04,HV,1,793,Class 5,Class 5 - 1650M - (40-0),1650,40-0,GOOD,"TURF - ""A"" Course",TSUN YUEN HANDICAP,875000,27.89 | 23.17 | 24.44 12.14 12.30 | 24.83 12.57 12.26,https://racing.hkjc.com/en-us/local/information/archive/localresults?racedate=2024/07/04&racecourse=HV&RaceNo=1,false
2024-07-04_HV_02,2024-07-04_HV,2024-07-04,HV,2,794,Class 2,Class 2 - 1000M - (100-75),1000,100-75,GOOD,"TURF - ""A"" Course",BRIAR HANDICAP,2840000,12.44 | 20.98 10.19 10.79 | 23.14 11.42 11.72,https://racing.hkjc.com/en-us/local/information/archive/localresults?racedate=2024/07/04&racecourse=HV&RaceNo=2,false
2024-07-04_HV_03,2024-07-04_HV,2024-07-04,HV,3,795,Class 4,Class 4 - 1000M - (60-40),1000,60-40,GOOD,"TURF - ""A"" Course",HAWTHORN HANDICAP,1170000,12.37 | 21.21 10.21 11.00 | 23.66 11.47 12.19,https://racing.hkjc.com/en-us/local/information/archive/localresults?racedate=2024/07/04&racecourse=HV&RaceNo=3,false
2024-07-04_HV_04,2024-07-04_HV,2024-07-04,HV,4,796,Class 4,Class 4 - 1200M - (60-40),1200,60-40,GOOD,"TURF - ""A"" Course",KWAI FONG HANDICAP,1170000,23.52 | 22.18 10.69 11.49 | 24.13 12.24 11.89,https://racing.hkjc.com/en-us/local/information/archive/localresults?racedate=2024/07/04&racecourse=HV&RaceNo=4,false
2024-07-04_HV_05,2024-07-04_HV,2024-07-04,HV,5,797,Class 4,Class 4 - 1650M - (60-40),1650,60-40,GOOD,"TURF - ""A"" Course",MIN FAT HANDICAP,1170000,27.79 | 23.34 | 24.42 12.23 12.19 | 24.42 12.27 12.15,https://racing.hkjc.com/en-us/local/information/archive/localresults?racedate=2024/07/04&racecourse=HV&RaceNo=5,false
2024-07-04_HV_06,2024-07-04_HV,2024-07-04,HV,6,798,Class 4,Class 4 - 1800M - (60-40),1800,60-40,GOOD,"TURF - ""A"" Course",SHING PING HANDICAP,1170000,13.29 | 22.22 | 24.27 | 24.45 12.42 12.03 | 24.71 12.45 12.26,https://racing.hkjc.com/en-us/local/information/archive/localresults?racedate=2024/07/04&racecourse=HV&RaceNo=6,false
2024-07-04_HV_07,2024-07-04_HV,2024-07-04,HV,7,799,Class 4,Class 4 - 1200M - (60-40),1200,60-40,GOOD,"TURF - ""A"" Course",KWAI FONG HANDICAP,1170000,23.49 | 22.74 11.03 11.71 | 24.00 12.00 12.00,https://racing.hkjc.com/en-us/local/information/archive/localresults?racedate=2024/07/04&racecourse=HV&RaceNo=7,false
2024-07-04_HV_08,2024-07-04_HV,2024-07-04,HV,8,800,Class 3,Class 3 - 1650M - (80-60),1650,80-60,GOOD,"TURF - ""A"" Course",CHEONG MING HANDICAP,2050000,28.57 | 23.73 | 24.09 11.97 12.12 | 24.03 11.96 12.07,https://racing.hkjc.com/en-us/local/information/archive/localresults?racedate=2024/07/04&racecourse=HV&RaceNo=8,false
2024-07-04_HV_09,2024-07-04_HV,2024-07-04,HV,9,801,Class 3,Class 3 - 1200M - (80-60),1200,80-60,GOOD,"TURF - ""A"" Course",BROOM HANDICAP,1860000,23.71 | 22.60 10.94 11.66 | 24.39 12.12 12.27,https://racing.hkjc.com/en-us/local/information/archive/localresults?racedate=2024/07/04&racecourse=HV&RaceNo=9,false
2024-07-06_ST_01,2024-07-06_ST,2024-07-06,ST,1,802,Griffin Race,Griffin Race - 1200M,1200,,GOOD TO FIRM,"TURF - ""C"" Course",THE PURVES QUAICH (PLATE),950000,23.50 | 22.80 11.35 11.45 | 23.35 11.09 12.26,https://racing.hkjc.com/en-us/local/information/archive/localresults?racedate=2024/07/06&racecourse=ST&RaceNo=1,false
2024-07-06_ST_02,2024-07-06_ST,2024-07-06,ST,2,803,Class 5,Class 5 - 1200M - (40-0),1200,40-0,GOOD,ALL WEATHER TRACK,THE SWAINE CUP (HANDICAP),875000,23.35 | 22.63 10.84 11.79 | 23.81 11.63 12.18,https://racing.hkjc.com/en-us/local/information/archive/localresults?racedate=2024/07/06&racecourse=ST&RaceNo=2,false
2024-07-06_ST_03,2024-07-06_ST,2024-07-06,ST,3,804,Class 5,Class 5 - 1600M - (40-0),1600,40-0,GOOD TO FIRM,"TURF - ""C"" Course",THE WONG CUP (HANDICAP),875000,24.70 | 23.39 | 23.47 12.21 11.26 | 23.13 11.38 11.75,https://racing.hkjc.com/en-us/local/information/archive/localresults?racedate=2024/07/06&racecourse=ST&RaceNo=3,false
2024-07-06_ST_04,2024-07-06_ST,2024-07-06,ST,4,805,Class 4,Class 4 - 1200M - (60-40),1200,60-40,GOOD,ALL WEATHER TRACK,THE LI CUP (HANDICAP),1170000,23.33 | 22.22 10.78 11.44 | 23.39 11.50 11.89,https://racing.hkjc.com/en-us/local/information/archive/localresults?racedate=2024/07/06&racecourse=ST&RaceNo=4,false
2024-07-06_ST_05,2024-07-06_ST,2024-07-06,ST,5,806,Class 4,Class 4 - 1200M - (60-40),1200,60-40,GOOD TO FIRM,"TURF - ""C"" Course",THE ARCULLI TROPHY (HANDICAP),1170000,23.29 | 22.05 10.76 11.29 | 23.30 11.32 11.98,https://racing.hkjc.com/en-us/local/information/archive/localresults?racedate=2024/07/06&racecourse=ST&RaceNo=5,false
2024-07-06_ST_06,2024-07-06_ST,2024-07-06,ST,6,807,Class 4,Class 4 - 1600M - (60-40),1600,60-40,GOOD TO FIRM,"TURF - ""C"" Course",THE CHAN TROPHY (HANDICAP),1170000,24.58 | 22.62 | 23.52 12.02 11.50 | 23.28 11.29 11.99,https://racing.hkjc.com/en-us/local/information/archive/localresults?racedate=2024/07/06&racecourse=ST&RaceNo=6,false
2024-07-06_ST_07,2024-07-06_ST,2024-07-06,ST,7,808,Class 3,Class 3 - 1400M - (80-60),1400,80-60,GOOD TO FIRM,"TURF - ""C"" Course",THE STEVENSON CUP (HANDICAP),1860000,13.47 | 22.04 | 23.35 11.95 11.40 | 22.54 10.95 11.59,https://racing.hkjc.com/en-us/local/information/archive/localresults?racedate=2024/07/06&racecourse=ST&RaceNo=7,false
2024-07-06_ST_08,2024-07-06_ST,2024-07-06,ST,8,809,Class 4,Class 4 - 1400M - (60-40),1400,60-40,GOOD TO FIRM,"TURF - ""C"" Course",THE IP JUG (HANDICAP),1170000,13.19 | 21.35 | 23.32 11.64 11.68 | 23.32 11.50 11.82,https://racing.hkjc.com/en-us/local/information/archive/localresults?racedate=2024/07/06&racecourse=ST&RaceNo=8,false
2024-07-06_ST_09,2024-07-06_ST,2024-07-06,ST,9,810,Class 3,Class 3 - 1400M - (80-60),1400,80-60,GOOD TO FIRM,"TURF - ""C"" Course",THE CHOW SILVER PLATE (HANDICAP),1860000,13.24 | 21.43 | 23.34 11.68 11.66 | 23.10 11.30 11.80,https://racing.hkjc.com/en-us/local/information/archive/localresults?racedate=2024/07/06&racecourse=ST&RaceNo=9,false
2024-07-06_ST_10,2024-07-06_ST,2024-07-06,ST,10,811,Class 3,Class 3 - 1200M - (80-60),1200,80-60,GOOD TO FIRM,"TURF - ""C"" Course",THE PHILIP CHEN TROPHY (HANDICAP),1860000,23.56 | 22.30 11.14 11.16 | 22.75 11.02 11.73,https://racing.hkjc.com/en-us/local/information/archive/localresults?racedate=2024/07/06&racecourse=ST&RaceNo=10,false
2024-07-10_HV_01,2024-07-10_HV,2024-07-10,HV,1,812,Class 5,Class 5 - 1000M - (40-0),1000,40-0,GOOD TO FIRM,"TURF - ""B"" Course",SILVER GRECIAN HANDICAP,875000,12.38 | 21.00 10.22 10.78 | 23.45 11.30 12.15,https://racing.hkjc.com/en-us/local/information/archive/localresults?racedate=2024/07/10&racecourse=HV&RaceNo=1,false
2024-07-10_HV_02,2024-07-10_HV,2024-07-10,HV,2,813,Class 5,Class 5 - 1800M - (40-0),1800,40-0,GOOD TO FIRM,"TURF - ""B"" Course",SUPER OASIS HANDICAP,875000,13.55 | 22.53 | 24.64 | 24.51 12.41 12.10 | 24.06 12.25 11.81,https://racing.hkjc.com/en-us/local/information/archive/localresults?racedate=2024/07/10&racecourse=HV&RaceNo=2,false
2024-07-10_HV_03,2024-07-10_HV,2024-07-10,HV,3,814,Class 4,Class 4 - 1650M - (60-40),1650,60-40,GOOD TO FIRM,"TURF - ""B"" Course",TURIN REDSUN HANDICAP,1170000,28.19 | 24.17 | 24.27 12.46 11.81 | 23.34 11.61 11.73,https://racing.hkjc.com/en-us/local/information/archive/localresults?racedate=2024/07/10&racecourse=HV&RaceNo=3,false
2024-07-10_HV_04,2024-07-10_HV,2024-07-10,HV,4,815,Class 4,Class 4 - 1200M - (60-40),1200,60-40,GOOD TO FIRM,"TURF - ""B"" Course",LET ME FIGHT HANDICAP,1170000,23.64 | 22.08 10.97 11.11 | 23.45 11.58 11.87,https://racing.hkjc.com/en-us/local/information/archive/localresults?racedate=2024/07/10&racecourse=HV&RaceNo=4,false
2024-07-10_HV_05,2024-07-10_HV,2024-07-10,HV,5,816,Class 4,Class 4 - 1200M - (60-40),1200,60-40,GOOD TO FIRM,"TURF - ""B"" Course",FAST MOST FURIOUS HANDICAP,1170000,23.84 | 22.77 11.11 11.66 | 23.21 11.52 11.69,https://racing.hkjc.com/en-us/local/information/archive/localresults?racedate=2024/07/10&racecourse=HV&RaceNo=5,false
2024-07-10_HV_06,2024-07-10_HV,2024-07-10,HV,6,817,Class 2,Class 2 - 1650M - (95-75),1650,95-75,GOOD TO FIRM,"TURF - ""B"" Course",SUN JEWELLERY HANDICAP,3120000,27.26 | 23.07 | 23.63 11.76 11.87 | 23.94 11.74 12.20,https://racing.hkjc.com/en-us/local/information/archive/localresults?racedate=2024/07/10&racecourse=HV&RaceNo=6,false
2024-07-10_HV_07,2024-07-10_HV,2024-07-10,HV,7,818,Class 4,Class 4 - 1200M - (60-40),1200,60-40,GOOD TO FIRM,"TURF - ""B"" Course",STAR SHINE HANDICAP,1170000,23.43 | 22.46 10.93 11.53 | 23.91 12.15 11.76,https://racing.hkjc.com/en-us/local/information/archive/localresults?racedate=2024/07/10&racecourse=HV&RaceNo=7,false
2024-07-10_HV_08,2024-07-10_HV,2024-07-10,HV,8,819,Class 3,Class 3 - 1000M - (80-60),1000,80-60,GOOD TO FIRM,"TURF - ""B"" Course",LUCKY PATCH HANDICAP,1860000,12.39 | 20.79 10.08 10.71 | 23.29 11.19 12.10,https://racing.hkjc.com/en-us/local/information/archive/localresults?racedate=2024/07/10&racecourse=HV&RaceNo=8,false
2024-07-10_HV_09,2024-07-10_HV,2024-07-10,HV,9,820,Class 3,Class 3 - 1800M - (80-60),1800,80-60,GOOD TO FIRM,"TURF - ""B"" Course",SWEET ORANGE HANDICAP,2050000,13.41 | 23.20 | 24.63 | 23.66 11.70 11.96 | 23.98 11.70 12.28,https://racing.hkjc.com/en-us/local/information/archive/localresults?racedate=2024/07/10&racecourse=HV&RaceNo=9,false
2024-07-14_ST_01,2024-07-14_ST,2024-07-14,ST,1,821,Class 5,Class 5 - 1200M - (40-0),1200,40-0,GOOD TO FIRM,"TURF - ""A"" Course",MR AWARD HANDICAP,875000,23.76 | 23.02 11.55 11.47 | 22.65 11.12 11.53,https://racing.hkjc.com/en-us/local/information/archive/localresults?racedate=2024/07/14&racecourse=ST&RaceNo=1,false
2024-07-14_ST_02,2024-07-14_ST,2024-07-14,ST,2,822,Class 2,Class 2 - 1200M - (105-80),1200,105-80,GOOD TO FIRM,"TURF - ""A"" Course",JOY AND FUN HANDICAP,2840000,23.22 | 22.12 10.77 11.35 | 22.67 11.18 11.49,https://racing.hkjc.com/en-us/local/information/archive/localresults?racedate=2024/07/14&racecourse=ST&RaceNo=2,false
2024-07-14_ST_03,2024-07-14_ST,2024-07-14,ST,3,823,Class 5,Class 5 - 1400M - (40-0),1400,40-0,GOOD TO FIRM,"TURF - ""A"" Course",MIRACULOUS HANDICAP,875000,13.35 | 22.28 | 22.84 11.44 11.40 | 23.42 11.37 12.05,https://racing.hkjc.com/en-us/local/information/archive/localresults?racedate=2024/07/14&racecourse=ST&RaceNo=3,false
2024-07-14_ST_04,2024-07-14_ST,2024-07-14,ST,4,824,Class 4,Class 4 - 1800M - (60-40),1800,60-40,GOOD,"TURF - ""A"" Course",SOLAR HEI HEI HANDICAP,1170000,13.68 | 23.33 | 23.94 | 24.35 12.30 12.05 | 23.43 11.55 11.88,https://racing.hkjc.com/en-us/local/information/archive/localresults?racedate=2024/07/14&racecourse=ST&RaceNo=4,false
2024-07-14_ST_05,2024-07-14_ST,2024-07-14,ST,5,825,Class 4,Class 4 - 1200M - (60-40),1200,60-40,GOOD,"TURF - ""A"" Course",VICTORY MARVEL HANDICAP,1170000,23.58 | 22.47 11.05 11.42 | 23.70 11.61 12.09,https://racing.hkjc.com/en-us/local/information/archive/localresults?racedate=2024/07/14&racecourse=ST&RaceNo=5,false
2024-07-14_ST_06,2024-07-14_ST,2024-07-14,ST,6,826,Class 4,Class 4 - 1400M - (60-40),1400,60-40,GOOD,"TURF - ""A"" Course",MEDIC KINGDOM HANDICAP,1170000,13.30 | 22.05 | 23.41 11.81 11.60 | 23.42 11.47 11.95,https://racing.hkjc.com/en-us/local/information/archive/localresults?racedate=2024/07/14&racecourse=ST&RaceNo=6,false
2024-07-14_ST_07,2024-07-14_ST,2024-07-14,ST,7,827,Class 4,Class 4 - 1400M - (60-40),1400,60-40,GOOD,"TURF - ""A"" Course",BIG PROFIT HANDICAP,1170000,13.55 | 21.80 | 23.46 11.71 11.75 | 23.32 11.39 11.93,https://racing.hkjc.com/en-us/local/information/archive/localresults?racedate=2024/07/14&racecourse=ST&RaceNo=7,false
2024-07-14_ST_08,2024-07-14_ST,2024-07-14,ST,8,828,Class 1,Class 1 - 1600M - (115-90),1600,115-90,GOOD,"TURF - ""A"" Course",THE HONG KONG RACEHORSE OWNERS ASSOCIATION TROPHY (HANDICAP),4075000,25.02 | 22.59 | 22.86 11.53 11.33 | 23.31 11.59 11.72,https://racing.hkjc.com/en-us/local/information/archive/localresults?racedate=2024/07/14&racecourse=ST&RaceNo=8,false
2024-07-14_ST_09,2024-07-14_ST,2024-07-14,ST,9,829,Class 3,Class 3 - 1200M - (80-60),1200,80-60,GOOD,"TURF - ""A"" Course",PINGWU SPARK HANDICAP,1860000,23.27 | 22.82 11.28 11.54 | 22.66 11.08 11.58,https://racing.hkjc.com/en-us/local/information/archive/localresults?racedate=2024/07/14&racecourse=ST&RaceNo=9,false
2024-07-14_ST_10,2024-07-14_ST,2024-07-14,ST,10,830,Class 3,Class 3 - 1600M - (80-60),1600,80-60,GOOD,"TURF - ""A"" Course",SIGHT WINNER HANDICAP,2050000,24.39 | 22.87 | 23.96 11.89 12.07 | 23.47 11.73 11.74,https://racing.hkjc.com/en-us/local/information/archive/localresults?racedate=2024/07/14&racecourse=ST&RaceNo=10,false
2024-07-14_ST_11,2024-07-14_ST,2024-07-14,ST,11,831,Class 3,Class 3 - 1400M - (80-60),1400,80-60,GOOD,"TURF - ""A"" Course",ALL YOU WISH HANDICAP,1860000,13.40 | 21.52 | 23.32 11.53 11.79 | 23.22 11.52 11.70,https://racing.hkjc.com/en-us/local/information/archive/localresults?racedate=2024/07/14&racecourse=ST&RaceNo=11,false
2024-09-08_ST_01,2024-09-08_ST,2024-09-08,ST,1,1,Class 5,Class 5 - 1600M - (40-0),1600,40-0,GOOD TO YIELDING,"TURF - ""A"" Course",KOWLOON PEAK HANDICAP,875000,24.65 | 22.62 | 23.86 11.88 11.98 | 23.95 11.84 12.11,https://racing.hkjc.com/en-us/local/information/archive/localresults?racedate=2024/09/08&racecourse=ST&RaceNo=1,false
2024-09-08_ST_02,2024-09-08_ST,2024-09-08,ST,2,2,Class 5,Class 5 - 1200M - (40-0),1200,40-0,GOOD TO YIELDING,"TURF - ""A"" Course",LIN FA SHAN HANDICAP,875000,24.06 | 22.73 11.35 11.38 | 23.19 11.35 11.84,https://racing.hkjc.com/en-us/local/information/archive/localresults?racedate=2024/09/08&racecourse=ST&RaceNo=2,false
2024-09-08_ST_03,2024-09-08_ST,2024-09-08,ST,3,3,Class 1,Class 1 - 1200M - (80+),1200,80+,GOOD TO YIELDING,"TURF - ""A"" Course",THE HKSAR CHIEF EXECUTIVE'S CUP (HANDICAP),3720000,23.66 | 22.35 11.08 11.27 | 22.02 10.69 11.33,https://racing.hkjc.com/en-us/local/information/archive/localresults?racedate=2024/09/08&racecourse=ST&RaceNo=3,false
2024-09-08_ST_04,2024-09-08_ST,2024-09-08,ST,4,4,Class 4,Class 4 - 1000M - (60-40),1000,60-40,GOOD TO YIELDING,"TURF - ""A"" Course",LANTAU PEAK HANDICAP,1170000,13.06 | 20.91 10.27 10.64 | 22.61 11.11 11.50,https://racing.hkjc.com/en-us/local/information/archive/localresults?racedate=2024/09/08&racecourse=ST&RaceNo=4,false
2024-09-08_ST_05,2024-09-08_ST,2024-09-08,ST,5,5,Class 4,Class 4 - 1200M - (60-40),1200,60-40,GOOD TO YIELDING,"TURF - ""A"" Course",YI TUNG SHAN HANDICAP,1170000,23.86 | 23.63 11.61 12.02 | 22.28 10.68 11.60,https://racing.hkjc.com/en-us/local/information/archive/localresults?racedate=2024/09/08&racecourse=ST&RaceNo=5,false
2024-09-08_ST_06,2024-09-08_ST,2024-09-08,ST,6,6,Class 4,Class 4 - 1400M - (60-40),1400,60-40,GOOD TO YIELDING,"TURF - ""A"" Course",MA ON SHAN HANDICAP,1170000,13.64 | 21.57 | 23.54 11.52 12.02 | 23.30 11.77 11.53,https://racing.hkjc.com/en-us/local/information/archive/localresults?racedate=2024/09/08&racecourse=ST&RaceNo=6,false
2024-09-08_ST_07,2024-09-08_ST,2024-09-08,ST,7,7,Class 2,Class 2 - 1400M - (90-70),1400,90-70,GOOD,"TURF - ""A"" Course",TAI MO SHAN HANDICAP,2840000,13.85 | 22.44 | 23.15 11.65 11.50 | 22.47 11.07 11.40,https://racing.hkjc.com/en-us/local/information/archive/localresults?racedate=2024/09/08&racecourse=ST&RaceNo=7,false
2024-09-08_ST_08,2024-09-08_ST,2024-09-08,ST,8,8,Class 4,Class 4 - 1400M - (60-40),1400,60-40,GOOD,"TURF - ""A"" Course",MA ON SHAN HANDICAP,1170000,13.89 | 22.14 | 23.82 11.98 11.84 | 22.86 11.21 11.65,https://racing.hkjc.com/en-us/local/information/archive/localresults?racedate=2024/09/08&racecourse=ST&RaceNo=8,false
2024-09-08_ST_09,2024-09-08_ST,2024-09-08,ST,9,9,Class 4,Class 4 - 1200M - (60-40),1200,60-40,GOOD,"TURF - ""A"" Course",YI TUNG SHAN HANDICAP,1170000,23.78 | 22.27 11.15 11.12 | 22.64 11.03 11.61,https://racing.hkjc.com/en-us/local/information/archive/localresults?racedate=2024/09/08&racecourse=ST&RaceNo=9,false
2024-09-08_ST_10,2024-09-08_ST,2024-09-08,ST,10,10,Class 3,Class 3 - 1200M - (80-60),1200,80-60,GOOD,"TURF - ""A"" Course",SUNSET PEAK HANDICAP,1860000,23.47 | 22.70 11.16 11.54 | 22.64 11.11 11.53,https://racing.hkjc.com/en-us/local/information/archive/localresults?racedate=2024/09/08&racecourse=ST&RaceNo=10,false
2024-09-11_HV_01,2024-09-11_HV,2024-09-11,HV,1,11,Class 5,Class 5 - 1200M - (40-0),1200,40-0,GOOD,"TURF - ""A"" Course",CHUNG HOM KOK HANDICAP,875000,24.05 | 22.60 11.10 11.50 | 23.98 11.75 12.23,https://racing.hkjc.com/en-us/local/information/archive/localresults?racedate=2024/09/11&racecourse=HV&RaceNo=1,false
2024-09-11_HV_02,2024-09-11_HV,2024-09-11,HV,2,12,Class 4,Class 4 - 1200M - (60-40),1200,60-40,GOOD,"TURF - ""A"" Course",SHEK O HANDICAP,1170000,24.31 | 22.82 11.29 11.53 | 23.55 11.32 12.23,https://racing.hkjc.com/en-us/local/information/archive/localresults?racedate=2024/09/11&racecourse=HV&RaceNo=2,false
2024-09-11_HV_03,2024-09-11_HV,2024-09-11,HV,3,13,Class 4,Class 4 - 1200M - (60-40),1200,60-40,GOOD,"TURF - ""A"" Course",SHEK O HANDICAP,1170000,23.67 | 23.20 11.41 11.79 | 23.53 11.68 11.85,https://racing.hkjc.com/en-us/local/information/archive/localresults?racedate=2024/09/11&racecourse=HV&RaceNo=3,false
2024-09-11_HV_04,2024-09-11_HV,2024-09-11,HV,4,14,Class 5,Class 5 - 1650M - (40-0),1650,40-0,GOOD,"TURF - ""A"" Course",STANLEY HANDICAP,875000,27.90 | 24.28 | 24.92 12.46 12.46 | 24.93 12.38 12.55,https://racing.hkjc.com/en-us/local/information/archive/localresults?racedate=2024/09/11&racecourse=HV&RaceNo=4,false
2024-09-11_HV_05,2024-09-11_HV,2024-09-11,HV,5,15,Class 4,Class 4 - 1000M - (60-40),1000,60-40,GOOD,"TURF - ""A"" Course",KIU TSUI HANDICAP,1170000,12.68 | 21.49 10.39 11.10 | 23.71 11.69 12.02,https://racing.hkjc.com/en-us/local/information/archive/localresults?racedate=2024/09/11&racecourse=HV&RaceNo=5,false
2024-09-11_HV_06,2024-09-11_HV,2024-09-11,HV,6,16,Class 4,Class 4 - 1650M - (60-40),1650,60-40,GOOD,"TURF - ""A"" Course",THE COMMUNITY CHEST CUP (HANDICAP),1170000,27.69 | 23.97 | 24.20 11.83 12.37 | 25.21 12.52 12.69,https://racing.hkjc.com/en-us/local/information/archive/localresults?racedate=2024/09/11&racecourse=HV&RaceNo=6,false
2024-09-11_HV_07,2024-09-11_HV,2024-09-11,HV,7,17,Class 3,Class 3 - 1650M - (80-60),1650,80-60,GOOD,"TURF - ""A"" Course",HOI MEI HANDICAP,2050000,27.89 | 23.24 | 24.76 12.27 12.49 | 25.14 12.42 12.72,https://racing.hkjc.com/en-us/local/information/archive/localresults?racedate=2024/09/11&racecourse=HV&RaceNo=7,false
2024-09-11_HV_08,2024-09-11_HV,2024-09-11,HV,8,18,Class 3,Class 3 - 1200M - (80-60),1200,80-60,GOOD,"TURF - ""A"" Course",LIDO HANDICAP,1860000,23.25 | 23.32 11.24 12.08 | 24.26 12.37 11.89,https://racing.hkjc.com/en-us/local/information/archive/localresults?racedate=2024/09/11&racecourse=HV&RaceNo=8,false
2024-09-15_ST_01,2024-09-15_ST,2024-09-15,ST,1,19,Class 4,Class 4 - 1600M - (60-40),1600,60-40,GOOD TO FIRM,"TURF - ""A+3"" Course",HONG TUNG HANDICAP,1170000,24.28 | 22.94 | 23.41 11.49 11.92 | 23.07 11.44 11.63,https://racing.hkjc.com/en-us/local/information/archive/localresults?racedate=2024/09/15&racecourse=ST&RaceNo=1,false
2024-09-15_ST_02,2024-09-15_ST,2024-09-15,ST,2,20,Class 5,Class 5 - 1400M - (40-0),1400,40-0,GOOD TO FIRM,"TURF - ""A+3"" Course",WAH FU HANDICAP,875000,13.51 | 22.26 | 23.15 11.54 11.61 | 23.00 11.26 11.74,https://racing.hkjc.com/en-us/local/information/archive/localresults?racedate=2024/09/15&racecourse=ST&RaceNo=2,false
2024-09-15_ST_03,2024-09-15_ST,2024-09-15,ST,3,21,Class 4,Class 4 - 1200M - (60-40),1200,60-40,GOOD TO FIRM,"TURF - ""A+3"" Course",KWONG FUK HANDICAP,1170000,23.87 | 22.34 11.05 11.29 | 22.94 11.29 11.65,https://racing.hkjc.com/en-us/local/information/archive/localresults?racedate=2024/09/15&racecourse=ST&RaceNo=3,false
2024-09-15_ST_04,2024-09-15_ST,2024-09-15,ST,4,22,Class 5,Class 5 - 1400M - (40-0),1400,40-0,GOOD TO FIRM,"TURF - ""A+3"" Course",WAH FU HANDICAP,875000,13.80 | 21.89 | 23.55 11.50 12.05 | 23.17 11.42 11.75,https://racing.hkjc.com/en-us/local/information/archive/localresults?racedate=2024/09/15&racecourse=ST&RaceNo=4,false
2024-09-15_ST_05,2024-09-15_ST,2024-09-15,ST,5,23,Class 4,Class 4 - 1400M - (60-40),1400,60-40,GOOD TO FIRM,"TURF - ""A+3"" Course",MEI TUNG HANDICAP,1170000,13.16 | 22.09 | 23.18 11.46 11.72 | 23.22 11.29 11.93,https://racing.hkjc.com/en-us/local/information/archive/localresults?racedate=2024/09/15&racecourse=ST&RaceNo=5,false
2024-09-15_ST_06,2024-09-15_ST,2024-09-15,ST,6,24,Class 4,Class 4 - 1200M - (60-40),1200,60-40,GOOD,ALL WEATHER TRACK,HING WAH HANDICAP,1170000,23.72 | 22.34 10.92 11.42 | 22.89 11.38 11.51,https://racing.hkjc.com/en-us/local/information/archive/localresults?racedate=2024/09/15&racecourse=ST&RaceNo=6,false
2024-09-15_ST_07,2024-09-15_ST,2024-09-15,ST,7,25,Class 4,Class 4 - 1400M - (60-40),1400,60-40,GOOD TO FIRM,"TURF - ""A+3"" Course",THE TUNG WAH GROUP OF HOSPITALS CHALLENGE CUP (HANDICAP),1170000,13.47 | 21.88 | 23.52 11.60 11.92 | 23.20 11.32 11.88,https://racing.hkjc.com/en-us/local/information/archive/localresults?racedate=2024/09/15&racecourse=ST&RaceNo=7,false
2024-09-15_ST_08,2024-09-15_ST,2024-09-15,ST,8,26,Class 3,Class 3 - 1200M - (80-60),1200,80-60,GOOD,ALL WEATHER TRACK,OI TUNG HANDICAP,1860000,23.76 | 22.12 10.83 11.29 | 22.86 11.28 11.58,https://racing.hkjc.com/en-us/local/information/archive/localresults?racedate=2024/09/15&racecourse=ST&RaceNo=8,false
2024-09-15_ST_09,2024-09-15_ST,2024-09-15,ST,9,27,Class 3,Class 3 - 1000M - (80-60),1000,80-60,GOOD TO FIRM,"TURF - ""A+3"" Course",LOK WAH HANDICAP,1860000,13.25 | 20.90 10.27 10.63 | 21.59 10.44 11.15,https://racing.hkjc.com/en-us/local/information/archive/localresults?racedate=2024/09/15&racecourse=ST&RaceNo=9,false
2024-09-15_ST_10,2024-09-15_ST,2024-09-15,ST,10,28,Class 3,Class 3 - 1400M - (80-60),1400,80-60,GOOD TO FIRM,"TURF - ""A+3"" Course",YIU TUNG HANDICAP,1860000,13.34 | 21.56 | 23.40 11.65 11.75 | 22.87 11.40 11.47,https://racing.hkjc.com/en-us/local/information/archive/localresults?racedate=2024/09/15&racecourse=ST&RaceNo=10,false
2024-09-18_HV_01,2024-09-18_HV,2024-09-18,HV,1,29,Class 4,Class 4 - 1200M - (60-40),1200,60-40,GOOD,"TURF - ""B"" Course",WONG CHUK HANG HANDICAP,1170000,23.75 | 22.72 11.19 11.53 | 23.09 11.33 11.76,https://racing.hkjc.com/en-us/local/information/archive/localresults?racedate=2024/09/18&racecourse=HV&RaceNo=1,false
2024-09-18_HV_02,2024-09-18_HV,2024-09-18,HV,2,30,Class 4,Class 4 - 1200M - (60-40),1200,60-40,GOOD,"TURF - ""B"" Course",WONG CHUK HANG HANDICAP,1170000,23.74 | 23.00 11.36 11.64 | 23.32 11.50 11.82,https://racing.hkjc.com/en-us/local/information/archive/localresults?racedate=2024/09/18&racecourse=HV&RaceNo=2,false
2024-09-18_HV_03,2024-09-18_HV,2024-09-18,HV,3,31,Class 4,Class 4 - 1200M - (60-40),1200,60-40,GOOD,"TURF - ""B"" Course",WONG CHUK HANG HANDICAP,1170000,23.58 | 22.55 11.05 11.50 | 23.96 12.18 11.78,https://racing.hkjc.com/en-us/local/information/archive/localresults?racedate=2024/09/18&racecourse=HV&RaceNo=3,false
2024-09-18_HV_04,2024-09-18_HV,2024-09-18,HV,4,32,Class 5,Class 5 - 1000M - (40-0),1000,40-0,GOOD,"TURF - ""B"" Course",TAI HANG HANDICAP,875000,12.81 | 21.26 10.16 11.10 | 23.39 11.65 11.74,https://racing.hkjc.com/en-us/local/information/archive/localresults?racedate=2024/09/18&racecourse=HV&RaceNo=4,false
2024-09-18_HV_05,2024-09-18_HV,2024-09-18,HV,5,33,Class 3,Class 3 - 1650M - (80-60),1650,80-60,GOOD,"TURF - ""B"" Course",SO KON PO HANDICAP,2050000,27.53 | 23.09 | 24.64 12.21 12.43 | 24.49 12.33 12.16,https://racing.hkjc.com/en-us/local/information/archive/localresults?racedate=2024/09/18&racecourse=HV&RaceNo=5,false
2024-09-18_HV_06,2024-09-18_HV,2024-09-18,HV,6,34,Class 4,Class 4 - 1800M - (60-40),1800,60-40,GOOD,"TURF - ""B"" Course",THE HONG KONG COUNTRY CLUB CHALLENGE CUP (HANDICAP),1170000,13.91 | 22.59 | 24.95 | 24.67 12.32 12.35 | 24.35 12.06 12.29,https://racing.hkjc.com/en-us/local/information/archive/localresults?racedate=2024/09/18&racecourse=HV&RaceNo=6,false
2024-09-18_HV_07,2024-09-18_HV,2024-09-18,HV,7,35,Class 3,Class 3 - 1200M - (80-60),1200,80-60,GOOD,"TURF - ""B"" Course",ISLAND HANDICAP,1860000,23.66 | 22.74 11.14 11.60 | 23.51 11.64 11.87,https://racing.hkjc.com/en-us/local/information/archive/localresults?racedate=2024/09/18&racecourse=HV&RaceNo=7,false
2024-09-18_HV_08,2024-09-18_HV,2024-09-18,HV,8,36,Class 2,Class 2 - 1650M - (100-80),1650,100-80,GOOD,"TURF - ""B"" Course",DEEP WATER BAY HANDICAP,3120000,27.54 | 23.19 | 24.60 12.36 12.24 | 24.33 12.20 12.13,https://racing.hkjc.com/en-us/local/information/archive/localresults?racedate=2024/09/18&racecourse=HV&RaceNo=8,false
2024-09-22_ST_01,2024-09-22_ST,2024-09-22,ST,1,37,Class 4,Class 4 - 1650M - (60-40),1650,60-40,WET SLOW,ALL WEATHER TRACK,HWAMEI HANDICAP,1170000,28.01 | 22.62 | 23.91 11.78 12.13 | 24.68 12.11 12.57,https://racing.hkjc.com/en-us/local/information/archive/localresults?racedate=2024/09/22&racecourse=ST&RaceNo=1,false
2024-09-22_ST_02,2024-09-22_ST,2024-09-22,ST,2,38,Class 5,Class 5 - 1650M - (40-0),1650,40-0,WET SLOW,ALL WEATHER TRACK,MAGPIE HANDICAP,875000,27.67 | 22.73 | 24.19 11.79 12.40 | 24.40 11.97 12.43,https://racing.hkjc.com/en-us/local/information/archive/localresults?racedate=2024/09/22&racecourse=ST&RaceNo=2,false
2024-09-22_ST_03,2024-09-22_ST,2024-09-22,ST,3,39,Class 4,Class 4 - 1200M - (60-40),1200,60-40,GOOD,"TURF - ""B+2"" Course",PARROT HANDICAP,1170000,23.51 | 22.26 10.95 11.31 | 23.28 11.32 11.96,https://racing.hkjc.com/en-us/local/information/archive/localresults?racedate=2024/09/22&racecourse=ST&RaceNo=3,false
2024-09-22_ST_04,2024-09-22_ST,2024-09-22,ST,4,40,Class 4 (Restricted),Class 4 (Restricted) - 1200M - (60-40),1200,60-40,GOOD,"TURF - ""B+2"" Course",SHRIKE HANDICAP,1170000,23.88 | 22.98 11.32 11.66 | 23.33 11.55 11.78,https://racing.hkjc.com/en-us/local/information/archive/localresults?racedate=2024/09/22&racecourse=ST&RaceNo=4,false
2024-09-22_ST_05,2024-09-22_ST,2024-09-22,ST,5,41,Class 4,Class 4 - 1000M - (60-40),1000,60-40,GOOD,"TURF - ""B+2"" Course",GOLDEN SIXTY HANDICAP,1170000,13.05 | 20.57 10.09 10.48 | 23.33 11.26 12.07,https://racing.hkjc.com/en-us/local/information/archive/localresults?racedate=2024/09/22&racecourse=ST&RaceNo=5,false
2024-09-22_ST_06,2024-09-22_ST,2024-09-22,ST,6,42,Class 3,Class 3 - 1600M - (80-60),1600,80-60,GOOD TO YIELDING,"TURF - ""B+2"" Course",SUNBIRD HANDICAP,2050000,25.14 | 23.15 | 23.64 11.77 11.87 | 24.32 11.78 12.54,https://racing.hkjc.com/en-us/local/information/archive/localresults?racedate=2024/09/22&racecourse=ST&RaceNo=6,false
2024-09-22_ST_07,2024-09-22_ST,2024-09-22,ST,7,43,Group Three,Group Three - 1400M,1400,,GOOD TO YIELDING,"TURF - ""B+2"" Course",THE CELEBRATION CUP (HANDICAP),4200000,13.57 | 22.46 | 23.32 11.81 11.51 | 23.39 11.37 12.02,https://racing.hkjc.com/en-us/local/information/archive/localresults?racedate=2024/09/22&racecourse=ST&RaceNo=7,false
2024-09-22_ST_08,2024-09-22_ST,2024-09-22,ST,8,44,Class 4,Class 4 - 1400M - (60-40),1400,60-40,YIELDING,"TURF - ""B+2"" Course",SWALLOW HANDICAP,1170000,13.53 | 21.65 | 23.59 11.70 11.89 | 24.03 12.02 12.01,https://racing.hkjc.com/en-us/local/information/archive/localresults?racedate=2024/09/22&racecourse=ST&RaceNo=8,false
2024-09-22_ST_09,2024-09-22_ST,2024-09-22,ST,9,45,Class 3,Class 3 - 1200M - (80-60),1200,80-60,YIELDING,"TURF - ""B+2"" Course",TAILORBIRD HANDICAP,1860000,23.61 | 22.52 11.17 11.35 | 23.52 11.32 12.20,https://racing.hkjc.com/en-us/local/information/archive/localresults?racedate=2024/09/22&racecourse=ST&RaceNo=9,false
2024-09-22_ST_10,2024-09-22_ST,2024-09-22,ST,10,46,Class 2,Class 2 - 1200M - (100-80),1200,100-80,YIELDING,"TURF - ""B+2"" Course",WOODPECKER HANDICAP,2840000,23.43 | 22.25 10.98 11.27 | 23.67 11.49 12.18,https://racing.hkjc.com/en-us/local/information/archive/localresults?racedate=2024/09/22&racecourse=ST&RaceNo=10,false
2024-09-25_HV_01,2024-09-25_HV,2024-09-25,HV,1,47,Class 5,Class 5 - 1800M - (40-0),1800,40-0,GOOD,"TURF - ""C"" Course",WAN CHAI HANDICAP,875000,13.54 | 23.71 | 24.30 | 24.29 12.27 12.02 | 23.70 11.69 12.01,https://racing.hkjc.com/en-us/local/information/archive/localresults?racedate=2024/09/25&racecourse=HV&RaceNo=1,false
2024-09-25_HV_02,2024-09-25_HV,2024-09-25,HV,2,48,Class 5,Class 5 - 1200M - (40-0),1200,40-0,GOOD,"TURF - ""C"" Course",QUARRY BAY HANDICAP,875000,23.83 | 23.21 11.22 11.99 | 23.55 11.52 12.03,https://racing.hkjc.com/en-us/local/information/archive/localresults?racedate=2024/09/25&racecourse=HV&RaceNo=2,false
2024-09-25_HV_03,2024-09-25_HV,2024-09-25,HV,3,49,Class 4,Class 4 - 1200M - (60-40),1200,60-40,GOOD,"TURF - ""C"" Course",NORTH POINT HANDICAP,1170000,23.86 | 22.79 11.36 11.43 | 23.52 11.44 12.08,https://racing.hkjc.com/en-us/local/information/archive/localresults?racedate=2024/09/25&racecourse=HV&RaceNo=3,false
2024-09-25_HV_04,2024-09-25_HV,2024-09-25,HV,4,50,Class 4,Class 4 - 1650M - (60-40),1650,60-40,GOOD,"TURF - ""C"" Course",KWUN TONG HANDICAP,1170000,28.15 | 24.22 | 23.27 11.36 11.91 | 24.65 11.89 12.76,https://racing.hkjc.com/en-us/local/information/archive/localresults?racedate=2024/09/25&racecourse=HV&RaceNo=4,false
2024-09-25_HV_05,2024-09-25_HV,2024-09-25,HV,5,51,Class 3,Class 3 - 1650M - (80-60),1650,80-60,GOOD,"TURF - ""C"" Course",CENTRAL HANDICAP,2050000,28.23 | 23.86 | 24.08 11.79 12.29 | 23.38 11.55 11.83,https://racing.hkjc.com/en-us/local/information/archive/localresults?racedate=2024/09/25&racecourse=HV&RaceNo=5,false
2024-09-25_HV_06,2024-09-25_HV,2024-09-25,HV,6,52,Class 4,Class 4 - 1650M - (60-40),1650,60-40,GOOD,"TURF - ""C"" Course",KWUN TONG HANDICAP,1170000,27.94 | 23.63 | 24.72 12.15 12.57 | 23.72 11.92 11.80,https://racing.hkjc.com/en-us/local/information/archive/localresults?racedate=2024/09/25&racecourse=HV&RaceNo=6,false
2024-09-25_HV_07,2024-09-25_HV,2024-09-25,HV,7,53,Class 4,Class 4 - 1200M - (60-40),1200,60-40,GOOD,"TURF - ""C"" Course",NORTH POINT HANDICAP,1170000,23.69 | 22.55 10.86 11.69 | 23.68 11.66 12.02,https://racing.hkjc.com/en-us/local/information/archive/localresults?racedate=2024/09/25&racecourse=HV&RaceNo=7,false
2024-09-25_HV_08,2024-09-25_HV,2024-09-25,HV,8,54,Class 3,Class 3 - 1000M - (80-60),1000,80-60,GOOD,"TURF - ""C"" Course",CAUSEWAY BAY HANDICAP,1860000,12.49 | 21.52 10.52 11.00 | 22.95 11.22 11.73,https://racing.hkjc.com/en-us/local/information/archive/localresults?racedate=2024/09/25&racecourse=HV&RaceNo=8,false
2024-09-28_ST_01,2024-09-28_ST,2024-09-28,ST,1,55,Class 5,Class 5 - 1200M - (40-0),1200,40-0,GOOD,ALL WEATHER TRACK,HO PUI HANDICAP,875000,23.48 | 22.82 10.99 11.83 | 23.80 11.45 12.35,https://racing.hkjc.com/en-us/local/information/archive/localresults?racedate=2024/09/28&racecourse=ST&RaceNo=1,false
2024-09-28_ST_02,2024-09-28_ST,2024-09-28,ST,2,56,Class 5,Class 5 - 1600M - (40-0),1600,40-0,GOOD,"TURF - ""C"" Course",HOI PA HANDICAP,875000,25.18 | 23.46 | 23.84 12.05 11.79 | 23.07 11.32 11.75,https://racing.hkjc.com/en-us/local/information/archive/localresults?racedate=2024/09/28&racecourse=ST&RaceNo=2,false
2024-09-28_ST_03,2024-09-28_ST,2024-09-28,ST,3,57,Class 4,Class 4 - 1200M - (60-40),1200,60-40,GOOD,"TURF - ""C"" Course",SHA TSUI HANDICAP,1170000,24.21 | 23.48 11.71 11.77 | 22.18 10.94 11.24,https://racing.hkjc.com/en-us/local/information/archive/localresults?racedate=2024/09/28&racecourse=ST&RaceNo=3,false
2024-09-28_ST_04,2024-09-28_ST,2024-09-28,ST,4,58,Class 4,Class 4 - 1200M - (60-40),1200,60-40,GOOD,ALL WEATHER TRACK,TAI HO HANDICAP,1170000,23.67 | 22.35 10.82 11.53 | 23.20 11.16 12.04,https://racing.hkjc.com/en-us/local/information/archive/localresults?racedate=2024/09/28&racecourse=ST&RaceNo=4,false
2024-09-28_ST_05,2024-09-28_ST,2024-09-28,ST,5,59,Class 4,Class 4 - 1400M - (60-40),1400,60-40,GOOD,"TURF - ""C"" Course",TAK WAH HANDICAP,1170000,13.56 | 21.87 | 23.46 11.69 11.77 | 22.92 11.28 11.64,https://racing.hkjc.com/en-us/local/information/archive/localresults?racedate=2024/09/28&racecourse=ST&RaceNo=5,false
2024-09-28_ST_06,2024-09-28_ST,2024-09-28,ST,6,60,Class 4,Class 4 - 1400M - (60-40),1400,60-40,GOOD,"TURF - ""C"" Course",TAK WAH HANDICAP,1170000,13.69 | 22.85 | 23.30 11.79 11.51 | 22.82 11.22 11.60,https://racing.hkjc.com/en-us/local/information/archive/localresults?racedate=2024/09/28&racecourse=ST&RaceNo=6,false
2024-09-28_ST_07,2024-09-28_ST,2024-09-28,ST,7,61,Class 3,Class 3 - 1200M - (80-60),1200,80-60,GOOD,"TURF - ""C"" Course",THE YAN CHAI TROPHY (HANDICAP),1860000,24.15 | 22.44 11.22 11.22 | 22.41 10.78 11.63,https://racing.hkjc.com/en-us/local/information/archive/localresults?racedate=2024/09/28&racecourse=ST&RaceNo=7,false
2024-09-28_ST_08,2024-09-28_ST,2024-09-28,ST,8,62,Class 4,Class 4 - 1200M - (60-40),1200,60-40,GOOD,"TURF - ""C"" Course",SHA TSUI HANDICAP,1170000,23.89 | 22.35 10.75 11.60 | 23.19 11.38 11.81,https://racing.hkjc.com/en-us/local/information/archive/localresults?racedate=2024/09/28&racecourse=ST&RaceNo=8,false
2024-09-28_ST_09,2024-09-28_ST,2024-09-28,ST,9,63,Class 3,Class 3 - 1600M - (80-60),1600,80-60,GOOD,"TURF - ""C"" Course",TSUEN LOK HANDICAP,2050000,24.06 | 22.88 | 23.60 11.67 11.93 | 23.74 11.78 11.96,https://racing.hkjc.com/en-us/local/information/archive/localresults?racedate=2024/09/28&racecourse=ST&RaceNo=9,false
2024-09-28_ST_10,2024-09-28_ST,2024-09-28,ST,10,64,Class 3,Class 3 - 1400M - (80-60),1400,80-60,GOOD,"TURF - ""C"" Course",YEUNG UK HANDICAP,1860000,13.40 | 21.75 | 23.07 11.22 11.85 | 23.81 11.58 12.23,https://racing.hkjc.com/en-us/local/information/archive/localresults?racedate=2024/09/28&racecourse=ST&RaceNo=10,false
2024-10-01_ST_01,2024-10-01_ST,2024-10-01,ST,1,65,Class 5,Class 5 - 1400M - (40-0),1400,40-0,GOOD TO FIRM,"TURF - ""C+3"" Course",SHENYANG HANDICAP,875000,13.24 | 22.00 | 22.89 11.25 11.64 | 23.95 11.94 12.01,https://racing.hkjc.com/en-us/local/information/archive/localresults?racedate=2024/10/01&racecourse=ST&RaceNo=1,false
2024-10-01_ST_02,2024-10-01_ST,2024-10-01,ST,2,66,Class 5,Class 5 - 1200M - (40-0),1200,40-0,GOOD TO FIRM,"TURF - ""C+3"" Course",NANNING HANDICAP,875000,24.73 | 22.48 11.18 11.30 | 22.44 11.18 11.26,https://racing.hkjc.com/en-us/local/information/archive/localresults?racedate=2024/10/01&racecourse=ST&RaceNo=2,false
2024-10-01_ST_03,2024-10-01_ST,2024-10-01,ST,3,67,Class 4,Class 4 - 1200M - (60-40),1200,60-40,GOOD TO FIRM,"TURF - ""C+3"" Course",CHONGQING HANDICAP,1170000,23.44 | 22.22 10.77 11.45 | 23.42 11.60 11.82,https://racing.hkjc.com/en-us/local/information/archive/localresults?racedate=2024/10/01&racecourse=ST&RaceNo=3,false
2024-10-01_ST_04,2024-10-01_ST,2024-10-01,ST,4,68,Class 4,Class 4 - 1200M - (60-40),1200,60-40,GOOD TO FIRM,"TURF - ""C+3"" Course",CHONGQING HANDICAP,1170000,23.90 | 22.25 10.90 11.35 | 23.18 11.61 11.57,https://racing.hkjc.com/en-us/local/information/archive/localresults?racedate=2024/10/01&racecourse=ST&RaceNo=4,false
2024-10-01_ST_05,2024-10-01_ST,2024-10-01,ST,5,69,Class 4,Class 4 - 1400M - (60-40),1400,60-40,GOOD TO FIRM,"TURF - ""C+3"" Course",CHENGDU HANDICAP,1170000,13.49 | 22.18 | 23.10 11.51 11.59 | 23.19 11.57 11.62,https://racing.hkjc.com/en-us/local/information/archive/localresults?racedate=2024/10/01&racecourse=ST&RaceNo=5,false
2024-10-01_ST_06,2024-10-01_ST,2024-10-01,ST,6,70,Class 4,Class 4 - 1800M - (60-40),1800,60-40,GOOD TO FIRM,"TURF - ""C+3"" Course",JINAN HANDICAP,1170000,13.89 | 22.36 | 23.79 | 23.86 12.05 11.81 | 23.84 11.72 12.12,https://racing.hkjc.com/en-us/local/information/archive/localresults?racedate=2024/10/01&racecourse=ST&RaceNo=6,false
2024-10-01_ST_07,2024-10-01_ST,2024-10-01,ST,7,71,Group Three,Group Three - 1000M,1000,,GOOD TO FIRM,"TURF - ""C+3"" Course",THE NATIONAL DAY CUP (HANDICAP),4200000,13.00 | 20.81 10.21 10.60 | 21.91 10.74 11.17,https://racing.hkjc.com/en-us/local/information/archive/localresults?racedate=2024/10/01&racecourse=ST&RaceNo=7,false
2024-10-01_ST_08,2024-10-01_ST,2024-10-01,ST,8,72,Class 2,Class 2 - 1400M - (100-80),1400,100-80,GOOD TO FIRM,"TURF - ""C+3"" Course",BEIJING HANDICAP,2840000,13.32 | 22.22 | 23.04 11.49 11.55 | 22.83 11.24 11.59,https://racing.hkjc.com/en-us/local/information/archive/localresults?racedate=2024/10/01&racecourse=ST&RaceNo=8,false
2024-10-01_ST_09,2024-10-01_ST,2024-10-01,ST,9,73,Class 3,Class 3 - 1200M - (80-60),1200,80-60,GOOD TO FIRM,"TURF - ""C+3"" Course",SHANGHAI HANDICAP,1860000,23.61 | 22.91 11.27 11.64 | 22.92 11.10 11.82,https://racing.hkjc.com/en-us/local/information/archive/localresults?racedate=2024/10/01&racecourse=ST&RaceNo=9,false
2024-10-01_ST_10,2024-10-01_ST,2024-10-01,ST,10,74,Class 3,Class 3 - 1400M - (80-60),1400,80-60,GOOD TO FIRM,"TURF - ""C+3"" Course",TIANJIN HANDICAP,1860000,13.29 | 21.49 | 23.68 11.71 11.97 | 23.49 11.53 11.96,https://racing.hkjc.com/en-us/local/information/archive/localresults?racedate=2024/10/01&racecourse=ST&RaceNo=10,false
2024-10-06_ST_01,2024-10-06_ST,2024-10-06,ST,1,75,Class 5,Class 5 - 1800M - (40-0),1800,40-0,GOOD TO FIRM,"TURF - ""A"" Course",TUNG LUNG CHAU HANDICAP,875000,13.81 | 22.17 | 23.78 | 23.96 12.03 11.93 | 23.77 11.80 11.97,https://racing.hkjc.com/en-us/local/information/archive/localresults?racedate=2024/10/06&racecourse=ST&RaceNo=1,false
2024-10-06_ST_02,2024-10-06_ST,2024-10-06,ST,2,76,Class 5,Class 5 - 1400M - (40-0),1400,40-0,GOOD TO FIRM,"TURF - ""A"" Course",LAMMA ISLAND HANDICAP,875000,13.49 | 21.19 | 23.91 11.72 12.19 | 23.88 11.77 12.11,https://racing.hkjc.com/en-us/local/information/archive/localresults?racedate=2024/10/06&racecourse=ST&RaceNo=2,false
2024-10-06_ST_03,2024-10-06_ST,2024-10-06,ST,3,77,Class 4,Class 4 - 1650M - (60-40),1650,60-40,GOOD,ALL WEATHER TRACK,HIGH WEST HANDICAP,1170000,28.13 | 23.38 | 24.12 11.73 12.39 | 24.07 11.85 12.22,https://racing.hkjc.com/en-us/local/information/archive/localresults?racedate=2024/10/06&racecourse=ST&RaceNo=3,false
2024-10-06_ST_04,2024-10-06_ST,2024-10-06,ST,4,78,Class 4,Class 4 - 1000M - (60-40),1000,60-40,GOOD TO FIRM,"TURF - ""A"" Course",MIDDLE BAY HANDICAP,1170000,13.20 | 21.53 10.35 11.18 | 22.44 10.96 11.48,https://racing.hkjc.com/en-us/local/information/archive/localresults?racedate=2024/10/06&racecourse=ST&RaceNo=4,false
2024-10-06_ST_05,2024-10-06_ST,2024-10-06,ST,5,79,Class 4,Class 4 - 1200M - (60-40),1200,60-40,GOOD TO FIRM,"TURF - ""A"" Course",THE CHINESE RECREATION CLUB CHALLENGE CUP (HANDICAP),1170000,23.78 | 22.70 11.06 11.64 | 22.66 11.24 11.42,https://racing.hkjc.com/en-us/local/information/archive/localresults?racedate=2024/10/06&racecourse=ST&RaceNo=5,false
2024-10-06_ST_06,2024-10-06_ST,2024-10-06,ST,6,80,Class 4,Class 4 - 1400M - (60-40),1400,60-40,GOOD TO FIRM,"TURF - ""A"" Course",PAK TAM AU HANDICAP,1170000,13.65 | 22.33 | 23.35 11.71 11.64 | 22.52 10.97 11.55,https://racing.hkjc.com/en-us/local/information/archive/localresults?racedate=2024/10/06&racecourse=ST&RaceNo=6,false
2024-10-06_ST_07,2024-10-06_ST,2024-10-06,ST,7,81,Class 3,Class 3 - 1000M - (80-60),1000,80-60,GOOD TO FIRM,"TURF - ""A"" Course",THE FEDERATION OF HK GUANGDONG COMMUNITY TROPHY (HANDICAP),1860000,13.07 | 21.00 10.39 10.61 | 22.36 10.89 11.47,https://racing.hkjc.com/en-us/local/information/archive/localresults?racedate=2024/10/06&racecourse=ST&RaceNo=7,false
2024-10-06_ST_08,2024-10-06_ST,2024-10-06,ST,8,82,Class 4,Class 4 - 1400M - (60-40),1400,60-40,GOOD TO FIRM,"TURF - ""A"" Course",PAK TAM AU HANDICAP,1170000,13.37 | 21.47 | 23.90 12.01 11.89 | 23.01 11.47 11.54,https://racing.hkjc.com/en-us/local/information/archive/localresults?racedate=2024/10/06&racecourse=ST&RaceNo=8,false
2024-10-06_ST_09,2024-10-06_ST,2024-10-06,ST,9,83,Class 3,Class 3 - 1200M - (80-60),1200,80-60,GOOD TO FIRM,"TURF - ""A"" Course",SAI WAN SHAN HANDICAP,1860000,23.14 | 22.47 10.94 11.53 | 23.22 11.27 11.95,https://racing.hkjc.com/en-us/local/information/archive/localresults?racedate=2024/10/06&racecourse=ST&RaceNo=9,false
2024-10-06_ST_10,2024-10-06_ST,2024-10-06,ST,10,84,Class 2,Class 2 - 1650M - (100-75),1650,100-75,GOOD,ALL WEATHER TRACK,NAM LONG SHAN HANDICAP,3120000,28.17 | 23.22 | 23.22 11.53 11.69 | 23.33 11.43 11.90,https://racing.hkjc.com/en-us/local/information/archive/localresults?racedate=2024/10/06&racecourse=ST&RaceNo=10,false
2024-10-09_HV_01,2024-10-09_HV,2024-10-09,HV,1,85,Class 5,Class 5 - 1650M - (40-0),1650,40-0,GOOD,"TURF - ""A"" Course",LI YUEN HANDICAP,875000,29.59 | 25.69 | 23.27 11.59 11.68 | 23.37 11.58 11.79,https://racing.hkjc.com/en-us/local/information/archive/localresults?racedate=2024/10/09&racecourse=HV&RaceNo=1,false
2024-10-09_HV_02,2024-10-09_HV,2024-10-09,HV,2,86,Class 5,Class 5 - 1000M - (40-0),1000,40-0,GOOD,"TURF - ""A"" Course",MAN CHEUNG HANDICAP,875000,12.52 | 21.47 10.23 11.24 | 23.52 11.72 11.80,https://racing.hkjc.com/en-us/local/information/archive/localresults?racedate=2024/10/09&racecourse=HV&RaceNo=2,false
2024-10-09_HV_03,2024-10-09_HV,2024-10-09,HV,3,87,Class 4,Class 4 - 1650M - (60-40),1650,60-40,GOOD,"TURF - ""A"" Course",MAN YIU HANDICAP,1170000,27.67 | 23.45 | 24.21 12.08 12.13 | 24.27 12.18 12.09,https://racing.hkjc.com/en-us/local/information/archive/localresults?racedate=2024/10/09&racecourse=HV&RaceNo=3,false
2024-10-09_HV_04,2024-10-09_HV,2024-10-09,HV,4,88,Class 4,Class 4 - 1200M - (60-40),1200,60-40,GOOD,"TURF - ""A"" Course",HARBOUR VIEW HANDICAP,1170000,23.44 | 22.81 11.01 11.80 | 23.75 11.89 11.86,https://racing.hkjc.com/en-us/local/information/archive/localresults?racedate=2024/10/09&racecourse=HV&RaceNo=4,false
2024-10-09_HV_05,2024-10-09_HV,2024-10-09,HV,5,89,Class 4,Class 4 - 1200M - (60-40),1200,60-40,GOOD,"TURF - ""A"" Course",THE HKEX CUP (HANDICAP),1170000,23.78 | 23.39 11.39 12.00 | 23.32 11.57 11.75,https://racing.hkjc.com/en-us/local/information/archive/localresults?racedate=2024/10/09&racecourse=HV&RaceNo=5,false
2024-10-09_HV_06,2024-10-09_HV,2024-10-09,HV,6,90,Class 4,Class 4 - 1200M - (60-40),1200,60-40,GOOD,"TURF - ""A"" Course",HARBOUR VIEW HANDICAP,1170000,23.32 | 23.18 11.22 11.96 | 23.62 11.93 11.69,https://racing.hkjc.com/en-us/local/information/archive/localresults?racedate=2024/10/09&racecourse=HV&RaceNo=6,false
2024-10-09_HV_07,2024-10-09_HV,2024-10-09,HV,7,91,Class 3,Class 3 - 1650M - (80-60),1650,80-60,GOOD,"TURF - ""A"" Course",PEDDER HANDICAP,2050000,27.51 | 23.85 | 24.65 12.32 12.33 | 24.11 12.06 12.05,https://racing.hkjc.com/en-us/local/information/archive/localresults?racedate=2024/10/09&racecourse=HV&RaceNo=7,false
2024-10-09_HV_08,2024-10-09_HV,2024-10-09,HV,8,92,Class 3,Class 3 - 1200M - (80-60),1200,80-60,GOOD,"TURF - ""A"" Course",POTTINGER HANDICAP,1860000,23.70 | 22.85 11.19 11.66 | 23.39 11.65 11.74,https://racing.hkjc.com/en-us/local/information/archive/localresults?racedate=2024/10/09&racecourse=HV&RaceNo=8,false
2024-10-13_ST_01,2024-10-13_ST,2024-10-13,ST,1,93,Class 4 (Restricted),Class 4 (Restricted) - 1200M - (60-40),1200,60-40,GOOD TO FIRM,"TURF - ""A+3"" Course",SWIMMING 1200M HANDICAP,1170000,24.34 | 22.24 10.82 11.42 | 22.85 11.27 11.58,https://racing.hkjc.com/en-us/local/information/archive/localresults?racedate=2024/10/13&racecourse=ST&RaceNo=1,false
2024-10-13_ST_02,2024-10-13_ST,2024-10-13,ST,2,94,Class 3,Class 3 - 1200M - (80-60),1200,80-60,GOOD TO FIRM,"TURF - ""A+3"" Course",ATHLETICS AND JUDO 1200M HANDICAP,1860000,24.02 | 21.87 10.63 11.24 | 22.69 11.22 11.47,https://racing.hkjc.com/en-us/local/information/archive/localresults?racedate=2024/10/13&racecourse=ST&RaceNo=2,false
2024-10-13_ST_03,2024-10-13_ST,2024-10-13,ST,3,95,Class 3,Class 3 - 2000M - (85-60),2000,85-60,GOOD TO FIRM,"TURF - ""A+3"" Course","THE HONG KONG, CHINA'S PARIS 2024 OLYMPIC TEAM CELEBRATION CUP (HANDICAP)",2050000,26.76 | 23.83 | 24.40 | 23.27 11.67 11.60 | 23.18 11.57 11.61,https://racing.hkjc.com/en-us/local/information/archive/localresults?racedate=2024/10/13&racecourse=ST&RaceNo=3,false
2024-10-13_ST_04,2024-10-13_ST,2024-10-13,ST,4,96,Class 5,Class 5 - 1400M - (40-0),1400,40-0,GOOD TO FIRM,"TURF - ""A+3"" Course",BADMINTON AND CYCLING 1400M HANDICAP,875000,13.36 | 21.93 | 22.90 11.26 11.64 | 23.90 11.71 12.19,https://racing.hkjc.com/en-us/local/information/archive/localresults?racedate=2024/10/13&racecourse=ST&RaceNo=4,false
2024-10-13_ST_05,2024-10-13_ST,2024-10-13,ST,5,97,Class 4,Class 4 - 1200M - (60-40),1200,60-40,GOOD TO FIRM,"TURF - ""A+3"" Course",FENCING 1200M HANDICAP,1170000,24.37 | 22.17 10.95 11.22 | 22.35 11.02 11.33,https://racing.hkjc.com/en-us/local/information/archive/localresults?racedate=2024/10/13&racecourse=ST&RaceNo=5,false
2024-10-13_ST_06,2024-10-13_ST,2024-10-13,ST,6,98,Class 4,Class 4 - 1600M - (60-40),1600,60-40,GOOD TO FIRM,"TURF - ""A+3"" Course",SAILING 1600M HANDICAP,1170000,24.46 | 22.53 | 23.48 11.62 11.86 | 23.80 12.02 11.78,https://racing.hkjc.com/en-us/local/information/archive/localresults?racedate=2024/10/13&racecourse=ST&RaceNo=6,false
2024-10-13_ST_07,2024-10-13_ST,2024-10-13,ST,7,99,Group Two,Group Two - 1600M,1600,,GOOD TO FIRM,"TURF - ""A+3"" Course",THE SHA TIN TROPHY (HANDICAP),5350000,25.25 | 23.23 | 22.62 11.36 11.26 | 22.39 11.06 11.33,https://racing.hkjc.com/en-us/local/information/archive/localresults?racedate=2024/10/13&racecourse=ST&RaceNo=7,false
2024-10-13_ST_08,2024-10-13_ST,2024-10-13,ST,8,100,Class 4,Class 4 - 1400M - (60-40),1400,60-40,GOOD TO FIRM,"TURF - ""A+3"" Course",ROWING AND TABLE TENNIS 1400M HANDICAP,1170000,13.56 | 21.66 | 23.40 11.59 11.81 | 23.00 11.49 11.51,https://racing.hkjc.com/en-us/local/information/archive/localresults?racedate=2024/10/13&racecourse=ST&RaceNo=8,false
2024-10-13_ST_09,2024-10-13_ST,2024-10-13,ST,9,101,Class 3,Class 3 - 1400M - (80-60),1400,80-60,GOOD TO FIRM,"TURF - ""A+3"" Course",TAEKWONDO 1400M HANDICAP,1860000,13.54 | 22.41 | 22.99 11.36 11.63 | 22.77 11.21 11.56,https://racing.hkjc.com/en-us/local/information/archive/localresults?racedate=2024/10/13&racecourse=ST&RaceNo=9,false
2024-10-13_ST_10,2024-10-13_ST,2024-10-13,ST,10,102,Class 2,Class 2 - 1200M - (100-80),1200,100-80,GOOD TO FIRM,"TURF - ""A+3"" Course",ARTISTIC GYMNASTICS AND TRIATHLON 1200M HANDICAP,2840000,23.36 | 22.29 10.94 11.35 | 22.64 11.08 11.56,https://racing.hkjc.com/en-us/local/information/archive/localresults?racedate=2024/10/13&racecourse=ST&RaceNo=10,false
2024-10-16_HV_01,2024-10-16_HV,2024-10-16,HV,1,103,Class 5,Class 5 - 1200M - (40-0),1200,40-0,GOOD,"TURF - ""B"" Course",SUCCESS HANDICAP,875000,23.68 | 22.96 11.30 11.66 | 23.48 11.46 12.02,https://racing.hkjc.com/en-us/local/information/archive/localresults?racedate=2024/10/16&racecourse=HV&RaceNo=1,false
2024-10-16_HV_02,2024-10-16_HV,2024-10-16,HV,2,104,Class 4,Class 4 - 1000M - (60-40),1000,60-40,GOOD,"TURF - ""B"" Course",SWIFTY HANDICAP,1170000,12.48 | 21.47 10.46 11.01 | 23.14 11.24 11.90,https://racing.hkjc.com/en-us/local/information/archive/localresults?racedate=2024/10/16&racecourse=HV&RaceNo=2,false
2024-10-16_HV_03,2024-10-16_HV,2024-10-16,HV,3,105,Class 4,Class 4 - 1650M - (60-40),1650,60-40,GOOD,"TURF - ""B"" Course",RACING SPIRIT HANDICAP,1170000,28.03 | 23.51 | 23.71 11.80 11.91 | 24.43 12.20 12.23,https://racing.hkjc.com/en-us/local/information/archive/localresults?racedate=2024/10/16&racecourse=HV&RaceNo=3,false
2024-10-16_HV_04,2024-10-16_HV,2024-10-16,HV,4,106,Class 4,Class 4 - 1200M - (60-40),1200,60-40,GOOD TO FIRM,"TURF - ""B"" Course",SPEEDY HANDICAP,1170000,23.42 | 22.51 11.13 11.38 | 23.66 11.57 12.09,https://racing.hkjc.com/en-us/local/information/archive/localresults?racedate=2024/10/16&racecourse=HV&RaceNo=4,false
2024-10-16_HV_05,2024-10-16_HV,2024-10-16,HV,5,107,Class 4,Class 4 - 1200M - (60-40),1200,60-40,GOOD TO FIRM,"TURF - ""B"" Course",SPEEDY HANDICAP,1170000,23.44 | 22.47 10.87 11.60 | 23.33 11.83 11.50,https://racing.hkjc.com/en-us/local/information/archive/localresults?racedate=2024/10/16&racecourse=HV&RaceNo=5,false
2024-10-16_HV_06,2024-10-16_HV,2024-10-16,HV,6,108,Class 3,Class 3 - 1200M - (80-60),1200,80-60,GOOD TO FIRM,"TURF - ""B"" Course",THE LONGINES CUP (HANDICAP),1860000,23.31 | 22.81 11.15 11.66 | 23.31 11.40 11.91,https://racing.hkjc.com/en-us/local/information/archive/localresults?racedate=2024/10/16&racecourse=HV&RaceNo=6,false
2024-10-16_HV_07,2024-10-16_HV,2024-10-16,HV,7,109,Class 3,Class 3 - 1650M - (80-60),1650,80-60,GOOD TO FIRM,"TURF - ""B"" Course",SONGS OF VICTORY HANDICAP,2050000,27.50 | 23.44 | 23.60 11.86 11.74 | 24.25 12.14 12.11,https://racing.hkjc.com/en-us/local/information/archive/localresults?racedate=2024/10/16&racecourse=HV&RaceNo=7,false
2024-10-16_HV_08,2024-10-16_HV,2024-10-16,HV,8,110,Class 3,Class 3 - 1200M - (80-60),1200,80-60,GOOD TO FIRM,"TURF - ""B"" Course",FLYING HANDICAP,1860000,23.48 | 22.59 10.80 11.79 | 23.58 11.75 11.83,https://racing.hkjc.com/en-us/local/information/archive/localresults?racedate=2024/10/16&racecourse=HV&RaceNo=8,false
2024-10-20_ST_01,2024-10-20_ST,2024-10-20,ST,1,111,Class 5,Class 5 - 1600M - (40-0),1600,40-0,GOOD TO FIRM,"TURF - ""B+2"" Course",THE WITH YOU. THEN. NOW. ALWAYS. 1600M HANDICAP,875000,24.53 | 22.70 | 23.67 11.92 11.75 | 23.92 11.89 12.03,https://racing.hkjc.com/en-us/local/information/archive/localresults?racedate=2024/10/20&racecourse=ST&RaceNo=1,false
2024-10-20_ST_02,2024-10-20_ST,2024-10-20,ST,2,112,Class 4,Class 4 - 1400M - (60-40),1400,60-40,GOOD TO FIRM,"TURF - ""B+2"" Course",THE YOU MAKE GOOD POSSIBLE 1400M HANDICAP,1170000,13.18 | 22.41 | 23.09 11.64 11.45 | 22.84 11.24 11.60,https://racing.hkjc.com/en-us/local/information/archive/localresults?racedate=2024/10/20&racecourse=ST&RaceNo=2,false
2024-10-20_ST_03,2024-10-20_ST,2024-10-20,ST,3,113,Class 4,Class 4 - 1400M - (60-40),1400,60-40,GOOD TO FIRM,"TURF - ""B+2"" Course",THE COMMUNITY GROWTH 1400M HANDICAP,1170000,13.68 | 21.94 | 23.30 11.67 11.63 | 23.03 11.44 11.59,https://racing.hkjc.com/en-us/local/information/archive/localresults?racedate=2024/10/20&racecourse=ST&RaceNo=3,false
2024-10-20_ST_04,2024-10-20_ST,2024-10-20,ST,4,114,Class 4,Class 4 - 1200M - (60-40),1200,60-40,GOOD TO FIRM,"TURF - ""B+2"" Course",THE STRIDING ON TOGETHER 1200M HANDICAP,1170000,23.84 | 22.14 11.00 11.14 | 23.11 11.31 11.80,https://racing.hkjc.com/en-us/local/information/archive/localresults?racedate=2024/10/20&racecourse=ST&RaceNo=4,false
2024-10-20_ST_05,2024-10-20_ST,2024-10-20,ST,5,115,Class 2,Class 2 - 1600M - (100-80),1600,100-80,GOOD TO FIRM,"TURF - ""B+2"" Course",THE HKJC 140TH ANNIVERSARY CUP (HANDICAP),3120000,24.19 | 22.56 | 23.54 11.76 11.78 | 23.47 11.63 11.84,https://racing.hkjc.com/en-us/local/information/archive/localresults?racedate=2024/10/20&racecourse=ST&RaceNo=5,false
2024-10-20_ST_06,2024-10-20_ST,2024-10-20,ST,6,116,Class 4,Class 4 - 1200M - (60-40),1200,60-40,GOOD TO FIRM,"TURF - ""B+2"" Course",THE INSPIRING COMMUNITY 1200M HANDICAP,1170000,23.40 | 22.13 10.76 11.37 | 23.65 11.57 12.08,https://racing.hkjc.com/en-us/local/information/archive/localresults?racedate=2024/10/20&racecourse=ST&RaceNo=6,false
2024-10-20_ST_07,2024-10-20_ST,2024-10-20,ST,7,117,Group Two,Group Two - 1200M,1200,,GOOD TO FIRM,"TURF - ""B+2"" Course",THE PREMIER BOWL (HANDICAP),5350000,23.26 | 21.95 10.82 11.13 | 22.36 10.97 11.39,https://racing.hkjc.com/en-us/local/information/archive/localresults?racedate=2024/10/20&racecourse=ST&RaceNo=7,false
2024-10-20_ST_08,2024-10-20_ST,2024-10-20,ST,8,118,Class 3,Class 3 - 1200M - (80-60),1200,80-60,GOOD TO FIRM,"TURF - ""B+2"" Course",THE SHARED PROSPERITY 1200M HANDICAP,1860000,23.99 | 22.68 11.28 11.40 | 22.42 11.00 11.42,https://racing.hkjc.com/en-us/local/information/archive/localresults?racedate=2024/10/20&racecourse=ST&RaceNo=8,false
2024-10-20_ST_09,2024-10-20_ST,2024-10-20,ST,9,119,Class 3,Class 3 - 1600M - (80-60),1600,80-60,GOOD TO FIRM,"TURF - ""B+2"" Course",THE CREATIVE SPIRIT 1600M HANDICAP,2050000,24.80 | 22.77 | 23.87 12.05 11.82 | 23.24 11.44 11.80,https://racing.hkjc.com/en-us/local/information/archive/localresults?racedate=2024/10/20&racecourse=ST&RaceNo=9,false
2024-10-20_ST_10,2024-10-20_ST,2024-10-20,ST,10,120,Class 3,Class 3 - 1400M - (80-60),1400,80-60,GOOD TO FIRM,"TURF - ""B+2"" Course",THE LOVE RACING 1400M HANDICAP,1860000,13.53 | 21.54 | 23.38 11.73 11.65 | 23.03 11.47 11.56,https://racing.hkjc.com/en-us/local/information/archive/localresults?racedate=2024/10/20&racecourse=ST&RaceNo=10,false
2024-10-23_ST_01,2024-10-23_ST,2024-10-23,ST,1,121,Class 5,Class 5 - 1800M - (40-0),1800,40-0,GOOD,ALL WEATHER TRACK,HEBE HILL HANDICAP,875000,13.65 | 23.04 | 24.04 | 25.10 12.34 12.76 | 24.43 11.92 12.51,https://racing.hkjc.com/en-us/local/information/archive/localresults?racedate=2024/10/23&racecourse=ST&RaceNo=1,false
2024-10-23_ST_02,2024-10-23_ST,2024-10-23,ST,2,122,Class 5,Class 5 - 1200M - (40-0),1200,40-0,GOOD,ALL WEATHER TRACK,SHEK UK SHAN HANDICAP,875000,23.92 | 21.93 10.52 11.41 | 24.41 12.21 12.20,https://racing.hkjc.com/en-us/local/information/archive/localresults?racedate=2024/10/23&racecourse=ST&RaceNo=2,false
2024-10-23_ST_03,2024-10-23_ST,2024-10-23,ST,3,123,Class 4,Class 4 - 1650M - (60-40),1650,60-40,GOOD,ALL WEATHER TRACK,TIN HA SHAN HANDICAP,1170000,28.60 | 22.89 | 23.93 11.63 12.30 | 24.79 12.22 12.57,https://racing.hkjc.com/en-us/local/information/archive/localresults?racedate=2024/10/23&racecourse=ST&RaceNo=3,false
2024-10-23_ST_04,2024-10-23_ST,2024-10-23,ST,4,124,Class 4,Class 4 - 1650M - (60-40),1650,60-40,GOOD,ALL WEATHER TRACK,TIN HA SHAN HANDICAP,1170000,28.52 | 23.43 | 23.59 11.54 12.05 | 23.82 11.93 11.89,https://racing.hkjc.com/en-us/local/information/archive/localresults?racedate=2024/10/23&racecourse=ST&RaceNo=4,false
2024-10-23_ST_05,2024-10-23_ST,2024-10-23,ST,5,125,Class 4,Class 4 - 1200M - (60-40),1200,60-40,GOOD,ALL WEATHER TRACK,THE JCI HONG KONG SENATE CUP (HANDICAP),1170000,23.35 | 22.37 10.71 11.66 | 23.96 11.63 12.33,https://racing.hkjc.com/en-us/local/information/archive/localresults?racedate=2024/10/23&racecourse=ST&RaceNo=5,false
2024-10-23_ST_06,2024-10-23_ST,2024-10-23,ST,6,126,Class 4,Class 4 - 1200M - (60-40),1200,60-40,GOOD,ALL WEATHER TRACK,TIU YUE YUNG HANDICAP,1170000,23.37 | 22.13 10.76 11.37 | 23.62 11.49 12.13,https://racing.hkjc.com/en-us/local/information/archive/localresults?racedate=2024/10/23&racecourse=ST&RaceNo=6,false
2024-10-23_ST_07,2024-10-23_ST,2024-10-23,ST,7,127,Class 3,Class 3 - 1650M - (80-60),1650,80-60,GOOD,ALL WEATHER TRACK,TSIM MEI FUNG HANDICAP,2050000,27.85 | 22.86 | 24.37 11.96 12.41 | 24.72 12.09 12.63,https://racing.hkjc.com/en-us/local/information/archive/localresults?racedate=2024/10/23&racecourse=ST&RaceNo=7,false
2024-10-23_ST_08,2024-10-23_ST,2024-10-23,ST,8,128,Class 3,Class 3 - 1200M - (80-60),1200,80-60,GOOD,ALL WEATHER TRACK,WA MEI SHAN HANDICAP,1860000,23.23 | 22.38 10.72 11.66 | 23.21 11.31 11.90,https://racing.hkjc.com/en-us/local/information/archive/localresults?racedate=2024/10/23&racecourse=ST&RaceNo=8,false
2024-10-27_HV_01,2024-10-27_HV,2024-10-27,HV,1,129,Class 5,Class 5 - 1200M - (40-0),1200,40-0,GOOD,"TURF - ""C"" Course",CHAOZHOU HANDICAP,875000,23.96 | 22.51 10.92 11.59 | 23.75 11.61 12.14,https://racing.hkjc.com/en-us/local/information/archive/localresults?racedate=2024/10/27&racecourse=HV&RaceNo=1,false
2024-10-27_HV_02,2024-10-27_HV,2024-10-27,HV,2,130,Class 3,Class 3 - 1800M - (80-60),1800,80-60,GOOD,"TURF - ""C"" Course",DONGGUAN HANDICAP,2050000,13.84 | 23.14 | 23.71 | 24.32 12.17 12.15 | 24.05 12.00 12.05,https://racing.hkjc.com/en-us/local/information/archive/localresults?racedate=2024/10/27&racecourse=HV&RaceNo=2,false
2024-10-27_HV_03,2024-10-27_HV,2024-10-27,HV,3,131,Class 4,Class 4 - 1650M - (60-40),1650,60-40,GOOD,"TURF - ""C"" Course",FOSHAN HANDICAP,1170000,28.26 | 24.07 | 24.32 12.21 12.11 | 23.73 11.83 11.90,https://racing.hkjc.com/en-us/local/information/archive/localresults?racedate=2024/10/27&racecourse=HV&RaceNo=3,false
2024-10-27_HV_04,2024-10-27_HV,2024-10-27,HV,4,132,Class 4,Class 4 - 1200M - (60-40),1200,60-40,GOOD,"TURF - ""C"" Course",HUIZHOU HANDICAP,1170000,23.70 | 22.72 11.12 11.60 | 23.70 11.77 11.93,https://racing.hkjc.com/en-us/local/information/archive/localresults?racedate=2024/10/27&racecourse=HV&RaceNo=4,false
2024-10-27_HV_05,2024-10-27_HV,2024-10-27,HV,5,133,Class 4,Class 4 - 1200M - (60-40),1200,60-40,GOOD,"TURF - ""C"" Course",HUIZHOU HANDICAP,1170000,23.64 | 23.31 10.93 12.38 | 23.41 11.42 11.99,https://racing.hkjc.com/en-us/local/information/archive/localresults?racedate=2024/10/27&racecourse=HV&RaceNo=5,false
2024-10-27_HV_06,2024-10-27_HV,2024-10-27,HV,6,134,Class 4,Class 4 - 1800M - (60-40),1800,60-40,GOOD,"TURF - ""C"" Course",SHENZHEN HANDICAP,1170000,13.71 | 23.33 | 24.04 | 24.46 12.11 12.35 | 24.07 11.88 12.19,https://racing.hkjc.com/en-us/local/information/archive/localresults?racedate=2024/10/27&racecourse=HV&RaceNo=6,false
2024-10-27_HV_07,2024-10-27_HV,2024-10-27,HV,7,135,Class 4,Class 4 - 1000M - (60-40),1000,60-40,GOOD,"TURF - ""C"" Course",THE KWANGTUNG HANDICAP CUP (HANDICAP),1170000,12.53 | 21.51 10.30 11.21 | 23.38 11.53 11.85,https://racing.hkjc.com/en-us/local/information/archive/localresults?racedate=2024/10/27&racecourse=HV&RaceNo=7,false
2024-10-27_HV_08,2024-10-27_HV,2024-10-27,HV,8,136,Class 3,Class 3 - 1200M - (80-60),1200,80-60,GOOD,"TURF - ""C"" Course",ZHAOQING HANDICAP,1860000,23.45 | 22.79 10.90 11.89 | 23.55 11.78 11.77,https://racing.hkjc.com/en-us/local/information/archive/localresults?racedate=2024/10/27&racecourse=HV&RaceNo=8,false
2024-10-27_HV_09,2024-10-27_HV,2024-10-27,HV,9,137,Class 3,Class 3 - 1000M - (80-60),1000,80-60,GOOD,"TURF - ""C"" Course",ZHUHAI HANDICAP,1860000,12.56 | 21.57 10.33 11.24 | 22.85 11.09 11.76,https://racing.hkjc.com/en-us/local/information/archive/localresults?racedate=2024/10/27&racecourse=HV&RaceNo=9,false
2024-10-27_HV_10,2024-10-27_HV,2024-10-27,HV,10,138,Class 2,Class 2 - 1200M - (100-80),1200,100-80,GOOD,"TURF - ""C"" Course",GUANGZHOU HANDICAP,2840000,23.33 | 22.43 10.85 11.58 | 23.55 11.75 11.80,https://racing.hkjc.com/en-us/local/information/archive/localresults?racedate=2024/10/27&racecourse=HV&RaceNo=10,false
2024-10-30_HV_01,2024-10-30_HV,2024-10-30,HV,1,139,Class 4,Class 4 - 1650M - (60-40),1650,60-40,GOOD,"TURF - ""C+3"" Course",BEDFORD HANDICAP,1170000,28.84 | 23.64 | 24.07 12.00 12.07 | 23.76 11.74 12.02,https://racing.hkjc.com/en-us/local/information/archive/localresults?racedate=2024/10/30&racecourse=HV&RaceNo=1,false
2024-10-30_HV_02,2024-10-30_HV,2024-10-30,HV,2,140,Class 5,Class 5 - 1650M - (40-0),1650,40-0,GOOD,"TURF - ""C+3"" Course",CHEONG WAN HANDICAP,875000,27.67 | 23.72 | 24.86 12.46 12.40 | 24.41 12.37 12.04,https://racing.hkjc.com/en-us/local/information/archive/localresults?racedate=2024/10/30&racecourse=HV&RaceNo=2,false
2024-10-30_HV_03,2024-10-30_HV,2024-10-30,HV,3,141,Class 4,Class 4 - 1200M - (60-40),1200,60-40,GOOD,"TURF - ""C+3"" Course",THE CHINESE GENERAL CHAMBER OF COMMERCE CUP (HANDICAP),1170000,23.64 | 22.88 11.17 11.71 | 23.57 11.74 11.83,https://racing.hkjc.com/en-us/local/information/archive/localresults?racedate=2024/10/30&racecourse=HV&RaceNo=3,false
2024-10-30_HV_04,2024-10-30_HV,2024-10-30,HV,4,142,Class 5,Class 5 - 1000M - (40-0),1000,40-0,GOOD,"TURF - ""C+3"" Course",CHEUNG SHUN HANDICAP,875000,12.31 | 21.44 10.30 11.14 | 23.76 11.43 12.33,https://racing.hkjc.com/en-us/local/information/archive/localresults?racedate=2024/10/30&racecourse=HV&RaceNo=4,false
2024-10-30_HV_05,2024-10-30_HV,2024-10-30,HV,5,143,Class 4,Class 4 - 1650M - (60-40),1650,60-40,GOOD,"TURF - ""C+3"" Course",BEDFORD HANDICAP,1170000,27.88 | 23.55 | 24.36 11.81 12.55 | 24.80 12.28 12.52,https://racing.hkjc.com/en-us/local/information/archive/localresults?racedate=2024/10/30&racecourse=HV&RaceNo=5,false
2024-10-30_HV_06,2024-10-30_HV,2024-10-30,HV,6,144,Class 4,Class 4 - 1200M - (60-40),1200,60-40,GOOD,"TURF - ""C+3"" Course",FAT TSEUNG HANDICAP,1170000,24.09 | 22.94 11.31 11.63 | 23.42 11.60 11.82,https://racing.hkjc.com/en-us/local/information/archive/localresults?racedate=2024/10/30&racecourse=HV&RaceNo=6,false
2024-10-30_HV_07,2024-10-30_HV,2024-10-30,HV,7,145,Class 3,Class 3 - 1650M - (80-60),1650,80-60,GOOD,"TURF - ""C+3"" Course",FIFE HANDICAP,2050000,28.34 | 23.35 | 24.06 12.14 11.92 | 23.98 12.04 11.94,https://racing.hkjc.com/en-us/local/information/archive/localresults?racedate=2024/10/30&racecourse=HV&RaceNo=7,false
2024-10-30_HV_08,2024-10-30_HV,2024-10-30,HV,8,146,Class 3,Class 3 - 1200M - (80-60),1200,80-60,GOOD,"TURF - ""C+3"" Course",HING YIP HANDICAP,1860000,23.27 | 22.69 11.02 11.67 | 23.71 11.83 11.88,https://racing.hkjc.com/en-us/local/information/archive/localresults?racedate=2024/10/30&racecourse=HV&RaceNo=8,false
2024-11-03_ST_01,2024-11-03_ST,2024-11-03,ST,1,147,Class 5,Class 5 - 1800M - (40-0),1800,40-0,GOOD,"TURF - ""C+3"" Course",L'OREAL PARIS HANDICAP,875000,14.00 | 22.28 | 23.25 | 24.14 12.06 12.08 | 24.60 12.13 12.47,https://racing.hkjc.com/en-us/local/information/archive/localresults?racedate=2024/11/03&racecourse=ST&RaceNo=1,false
2024-11-03_ST_02,2024-11-03_ST,2024-11-03,ST,2,148,Class 4,Class 4 - 1200M - (60-40),1200,60-40,GOOD TO FIRM,"TURF - ""C+3"" Course",KATE TOKYO HANDICAP,1170000,23.54 | 22.22 10.90 11.32 | 23.18 11.55 11.63,https://racing.hkjc.com/en-us/local/information/archive/localresults?racedate=2024/11/03&racecourse=ST&RaceNo=2,false
2024-11-03_ST_03,2024-11-03_ST,2024-11-03,ST,3,149,Class 4,Class 4 - 1600M - (60-40),1600,60-40,GOOD TO FIRM,"TURF - ""C+3"" Course",GRACE ONE HANDICAP,1170000,24.42 | 22.66 | 24.10 12.22 11.88 | 23.30 11.49 11.81,https://racing.hkjc.com/en-us/local/information/archive/localresults?racedate=2024/11/03&racecourse=ST&RaceNo=3,false
2024-11-03_ST_04,2024-11-03_ST,2024-11-03,ST,4,150,Class 4,Class 4 - 1200M - (60-40),1200,60-40,GOOD TO FIRM,"TURF - ""C+3"" Course",CANMAKE TOKYO HANDICAP,1170000,24.16 | 22.28 10.91 11.37 | 23.03 11.38 11.65,https://racing.hkjc.com/en-us/local/information/archive/localresults?racedate=2024/11/03&racecourse=ST&RaceNo=4,false
2024-11-03_ST_05,2024-11-03_ST,2024-11-03,ST,5,151,Class 4,Class 4 - 1400M - (60-40),1400,60-40,GOOD TO FIRM,"TURF - ""C+3"" Course",ELEANOR HANDICAP,1170000,13.39 | 21.77 | 23.48 11.80 11.68 | 23.08 11.35 11.73,https://racing.hkjc.com/en-us/local/information/archive/localresults?racedate=2024/11/03&racecourse=ST&RaceNo=5,false
2024-11-03_ST_06,2024-11-03_ST,2024-11-03,ST,6,152,Class 4,Class 4 - 1400M - (60-40),1400,60-40,GOOD TO FIRM,"TURF - ""C+3"" Course",LA ESTEPHE HANDICAP,1170000,13.53 | 21.96 | 23.01 11.41 11.60 | 23.62 11.72 11.90,https://racing.hkjc.com/en-us/local/information/archive/localresults?racedate=2024/11/03&racecourse=ST&RaceNo=6,false
2024-11-03_ST_07,2024-11-03_ST,2024-11-03,ST,7,153,Group Three,Group Three - 1800M,1800,,GOOD TO FIRM,"TURF - ""C+3"" Course",THE SA SA LADIES' PURSE (HANDICAP),4200000,13.81 | 22.94 | 23.53 | 22.93 11.21 11.72 | 23.20 11.57 11.63,https://racing.hkjc.com/en-us/local/information/archive/localresults?racedate=2024/11/03&racecourse=ST&RaceNo=7,false
2024-11-03_ST_08,2024-11-03_ST,2024-11-03,ST,8,154,Class 3,Class 3 - 1200M - (80-60),1200,80-60,GOOD TO FIRM,"TURF - ""C+3"" Course",SUISSE PROGRAMME HANDICAP,1860000,23.86 | 22.38 11.06 11.32 | 22.57 11.07 11.50,https://racing.hkjc.com/en-us/local/information/archive/localresults?racedate=2024/11/03&racecourse=ST&RaceNo=8,false
2024-11-03_ST_09,2024-11-03_ST,2024-11-03,ST,9,155,Class 3,Class 3 - 1400M - (80-60),1400,80-60,GOOD TO FIRM,"TURF - ""C+3"" Course",SANTA MONICA HANDICAP,1860000,13.47 | 21.84 | 22.93 11.47 11.46 | 23.09 11.35 11.74,https://racing.hkjc.com/en-us/local/information/archive/localresults?racedate=2024/11/03&racecourse=ST&RaceNo=9,false
2024-11-03_ST_10,2024-11-03_ST,2024-11-03,ST,10,156,Class 3,Class 3 - 1400M - (80-60),1400,80-60,GOOD TO FIRM,"TURF - ""C+3"" Course",DR.G HANDICAP,1860000,13.55 | 21.49 | 22.98 11.30 11.68 | 23.74 11.77 11.97,https://racing.hkjc.com/en-us/local/information/archive/localresults?racedate=2024/11/03&racecourse=ST&RaceNo=10,false
2024-11-06_HV_01,2024-11-06_HV,2024-11-06,HV,1,157,Class 5,Class 5 - 1200M - (40-0),1200,40-0,GOOD,"TURF - ""A"" Course",TAI LAM CHUNG HANDICAP,875000,23.64 | 22.41 10.94 11.47 | 23.85 11.77 12.08,https://racing.hkjc.com/en-us/local/information/archive/localresults?racedate=2024/11/06&racecourse=HV&RaceNo=1,false
2024-11-06_HV_02,2024-11-06_HV,2024-11-06,HV,2,158,Class 5,Class 5 - 1200M - (40-0),1200,40-0,GOOD,"TURF - ""A"" Course",TAI LAM CHUNG HANDICAP,875000,23.47 | 22.49 11.08 11.41 | 23.84 11.63 12.21,https://racing.hkjc.com/en-us/local/information/archive/localresults?racedate=2024/11/06&racecourse=HV&RaceNo=2,false
2024-11-06_HV_03,2024-11-06_HV,2024-11-06,HV,3,159,Class 5,Class 5 - 1200M - (40-0),1200,40-0,GOOD,"TURF - ""A"" Course",TAI LAM CHUNG HANDICAP,875000,23.99 | 22.66 11.12 11.54 | 23.57 11.73 11.84,https://racing.hkjc.com/en-us/local/information/archive/localresults?racedate=2024/11/06&racecourse=HV&RaceNo=3,false
2024-11-06_HV_04,2024-11-06_HV,2024-11-06,HV,4,160,Class 4,Class 4 - 1650M - (60-40),1650,60-40,GOOD,"TURF - ""A"" Course",SHEK PIK HANDICAP,1170000,28.37 | 23.15 | 24.33 11.99 12.34 | 24.36 12.09 12.27,https://racing.hkjc.com/en-us/local/information/archive/localresults?racedate=2024/11/06&racecourse=HV&RaceNo=4,false
2024-11-06_HV_05,2024-11-06_HV,2024-11-06,HV,5,161,Class 4,Class 4 - 1200M - (60-40),1200,60-40,GOOD,"TURF - ""A"" Course",THE AMERICAN CLUB CHALLENGE CUP (HANDICAP),1170000,23.61 | 22.35 10.99 11.36 | 23.70 11.61 12.09,https://racing.hkjc.com/en-us/local/information/archive/localresults?racedate=2024/11/06&racecourse=HV&RaceNo=5,false
2024-11-06_HV_06,2024-11-06_HV,2024-11-06,HV,6,162,Class 4,Class 4 - 1200M - (60-40),1200,60-40,GOOD,"TURF - ""A"" Course",TAI TAM HANDICAP,1170000,23.90 | 22.96 11.22 11.74 | 22.96 11.67 11.29,https://racing.hkjc.com/en-us/local/information/archive/localresults?racedate=2024/11/06&racecourse=HV&RaceNo=6,false
2024-11-06_HV_07,2024-11-06_HV,2024-11-06,HV,7,163,Class 3,Class 3 - 1800M - (80-60),1800,80-60,GOOD,"TURF - ""A"" Course",SHEK LEI PUI HANDICAP,2050000,13.58 | 22.44 | 24.44 | 24.54 12.30 12.24 | 23.84 12.11 11.73,https://racing.hkjc.com/en-us/local/information/archive/localresults?racedate=2024/11/06&racecourse=HV&RaceNo=7,false
2024-11-06_HV_08,2024-11-06_HV,2024-11-06,HV,8,164,Class 3,Class 3 - 1200M - (80-60),1200,80-60,GOOD,"TURF - ""A"" Course",PLOVER COVE HANDICAP,1860000,23.30 | 22.58 11.01 11.57 | 23.63 11.63 12.00,https://racing.hkjc.com/en-us/local/information/archive/localresults?racedate=2024/11/06&racecourse=HV&RaceNo=8,false
2024-11-06_HV_09,2024-11-06_HV,2024-11-06,HV,9,165,Class 2,Class 2 - 1650M - (100-80),1650,100-80,GOOD,"TURF - ""A"" Course",HIGH ISLAND HANDICAP,3120000,27.66 | 24.32 | 24.01 12.19 11.82 | 23.48 11.67 11.81,https://racing.hkjc.com/en-us/local/information/archive/localresults?racedate=2024/11/06&racecourse=HV&RaceNo=9,false
2024-11-09_ST_01,2024-11-09_ST,2024-11-09,ST,1,166,Class 5,Class 5 - 1650M - (40-0),1650,40-0,GOOD,ALL WEATHER TRACK,PANASHOP HANDICAP,875000,27.97 | 22.56 | 23.90 11.76 12.14 | 24.38 11.78 12.60,https://racing.hkjc.com/en-us/local/information/archive/localresults?racedate=2024/11/09&racecourse=ST&RaceNo=1,false
2024-11-09_ST_02,2024-11-09_ST,2024-11-09,ST,2,167,Class 4 (Restricted),Class 4 (Restricted) - 1200M - (60-40),1200,60-40,GOOD,"TURF - ""A+3"" Course",PANASONIC SMALLER MULTI-SPLIT AIR CONDITIONER HANDICAP,1170000,24.57 | 22.81 11.25 11.56 | 22.33 10.92 11.41,https://racing.hkjc.com/en-us/local/information/archive/localresults?racedate=2024/11/09&racecourse=ST&RaceNo=2,false
2024-11-09_ST_03,2024-11-09_ST,2024-11-09,ST,3,168,Class 4,Class 4 - 1200M - (60-40),1200,60-40,GOOD,"TURF - ""A+3"" Course",PANASONIC MINI LED TV HANDICAP,1170000,23.79 | 22.00 10.64 11.36 | 23.75 11.41 12.34,https://racing.hkjc.com/en-us/local/information/archive/localresults?racedate=2024/11/09&racecourse=ST&RaceNo=3,false
2024-11-09_ST_04,2024-11-09_ST,2024-11-09,ST,4,169,Class 4,Class 4 - 2000M - (60-40),2000,60-40,GOOD,"TURF - ""A+3"" Course",PANASONIC SMART LOCK HANDICAP,1170000,26.32 | 24.12 | 24.60 | 23.57 11.66 11.91 | 23.25 11.45 11.80,https://racing.hkjc.com/en-us/local/information/archive/localresults?racedate=2024/11/09&racecourse=ST&RaceNo=4,false
2024-11-09_ST_05,2024-11-09_ST,2024-11-09,ST,5,170,Class 4,Class 4 - 1650M - (60-40),1650,60-40,GOOD,ALL WEATHER TRACK,PANASONIC IH WARM JAR HANDICAP,1170000,27.94 | 22.39 | 23.89 11.54 12.35 | 24.15 11.70 12.45,https://racing.hkjc.com/en-us/local/information/archive/localresults?racedate=2024/11/09&racecourse=ST&RaceNo=5,false
2024-11-09_ST_06,2024-11-09_ST,2024-11-09,ST,6,171,Class 2,Class 2 - 1000M - (100-80),1000,100-80,GOOD,"TURF - ""A+3"" Course",PANASONIC JAPAN MADE SYSTEM KITCHEN HANDICAP,2840000,13.25 | 20.92 10.38 10.54 | 22.19 10.84 11.35,https://racing.hkjc.com/en-us/local/information/archive/localresults?racedate=2024/11/09&racecourse=ST&RaceNo=6,false
2024-11-09_ST_07,2024-11-09_ST,2024-11-09,ST,7,172,Class 2,Class 2 - 1400M - (105-80),1400,105-80,GOOD TO FIRM,"TURF - ""A+3"" Course",THE PANASONIC CUP (HANDICAP),2840000,13.16 | 21.52 | 22.54 11.37 11.17 | 23.12 11.26 11.86,https://racing.hkjc.com/en-us/local/information/archive/localresults?racedate=2024/11/09&racecourse=ST&RaceNo=7,false
2024-11-09_ST_08,2024-11-09_ST,2024-11-09,ST,8,173,Class 4,Class 4 - 1400M - (60-40),1400,60-40,GOOD TO FIRM,"TURF - ""A+3"" Course",PANASONIC ZIAINO AIR TREATMENT HANDICAP,1170000,13.36 | 21.78 | 23.03 11.35 11.68 | 23.26 11.52 11.74,https://racing.hkjc.com/en-us/local/information/archive/localresults?racedate=2024/11/09&racecourse=ST&RaceNo=8,false
2024-11-09_ST_09,2024-11-09_ST,2024-11-09,ST,9,174,Class 3,Class 3 - 1200M - (80-60),1200,80-60,GOOD TO FIRM,"TURF - ""A+3"" Course",PANASONIC 2-IN-1 WASHER DRYER HANDICAP,1860000,23.29 | 21.88 10.68 11.20 | 23.38 11.55 11.83,https://racing.hkjc.com/en-us/local/information/archive/localresults?racedate=2024/11/09&racecourse=ST&RaceNo=9,false
2024-11-09_ST_10,2024-11-09_ST,2024-11-09,ST,10,175,Class 3,Class 3 - 1600M - (80-60),1600,80-60,GOOD TO FIRM,"TURF - ""A+3"" Course",PANASONIC THERMO VENTILATOR HANDICAP,2050000,23.96 | 22.42 | 23.66 11.87 11.79 | 23.85 11.60 12.25,https://racing.hkjc.com/en-us/local/information/archive/localresults?racedate=2024/11/09&racecourse=ST&RaceNo=10,false
2024-11-13_HV_01,2024-11-13_HV,2024-11-13,HV,1,176,Class 5,Class 5 - 2200M - (40-0),2200,40-0,GOOD,"TURF - ""B"" Course",NGAU CHI WAN HANDICAP,875000,14.31 | 24.04 | 24.49 | 24.33 | 25.09 12.73 12.36 | 24.52 12.15 12.37,https://racing.hkjc.com/en-us/local/information/archive/localresults?racedate=2024/11/13&racecourse=HV&RaceNo=1,false
2024-11-13_HV_02,2024-11-13_HV,2024-11-13,HV,2,177,Class 4,Class 4 - 1650M - (60-40),1650,60-40,GOOD,"TURF - ""B"" Course",LUNG CHEUNG HANDICAP,1170000,28.14 | 24.30 | 23.29 11.47 11.82 | 24.00 12.13 11.87,https://racing.hkjc.com/en-us/local/information/archive/localresults?racedate=2024/11/13&racecourse=HV&RaceNo=2,false
2024-11-13_HV_03,2024-11-13_HV,2024-11-13,HV,3,178,Class 4,Class 4 - 1650M - (60-40),1650,60-40,GOOD,"TURF - ""B"" Course",LUNG CHEUNG HANDICAP,1170000,27.41 | 23.47 | 24.57 12.26 12.31 | 24.45 12.23 12.22,https://racing.hkjc.com/en-us/local/information/archive/localresults?racedate=2024/11/13&racecourse=HV&RaceNo=3,false
2024-11-13_HV_04,2024-11-13_HV,2024-11-13,HV,4,179,Class 4,Class 4 - 1000M - (60-40),1000,60-40,GOOD,"TURF - ""B"" Course",HUNG LUEN HANDICAP,1170000,12.41 | 21.10 10.16 10.94 | 23.72 11.57 12.15,https://racing.hkjc.com/en-us/local/information/archive/localresults?racedate=2024/11/13&racecourse=HV&RaceNo=4,false
2024-11-13_HV_05,2024-11-13_HV,2024-11-13,HV,5,180,Class 4,Class 4 - 1200M - (60-40),1200,60-40,GOOD,"TURF - ""B"" Course",LEI YUE MUN HANDICAP,1170000,23.75 | 22.68 10.99 11.69 | 23.65 11.83 11.82,https://racing.hkjc.com/en-us/local/information/archive/localresults?racedate=2024/11/13&racecourse=HV&RaceNo=5,false
2024-11-13_HV_06,2024-11-13_HV,2024-11-13,HV,6,181,Class 4,Class 4 - 1200M - (60-40),1200,60-40,GOOD,"TURF - ""B"" Course",LEI YUE MUN HANDICAP,1170000,23.45 | 22.58 10.90 11.68 | 24.03 11.96 12.07,https://racing.hkjc.com/en-us/local/information/archive/localresults?racedate=2024/11/13&racecourse=HV&RaceNo=6,false
2024-11-13_HV_07,2024-11-13_HV,2024-11-13,HV,7,,,,,,,,,,,https://racing.hkjc.com/en-us/local/information/localresults?racedate=2024/11/13&Racecourse=HV&RaceNo=7,true
2024-11-13_HV_08,2024-11-13_HV,2024-11-13,HV,8,,,,,,,,,,,https://racing.hkjc.com/en-us/local/information/localresults?racedate=2024/11/13&Racecourse=HV&RaceNo=8,true
2024-11-13_HV_09,2024-11-13_HV,2024-11-13,HV,9,,,,,,,,,,,https://racing.hkjc.com/en-us/local/information/localresults?racedate=2024/11/13&Racecourse=HV&RaceNo=9,true
2024-11-17_ST_01,2024-11-17_ST,2024-11-17,ST,1,182,Class 4,Class 4 - 1200M - (60-40),1200,60-40,GOOD,"TURF - ""B+2"" Course",BOCHK CROSS-BORDER SERVICES HANDICAP,1170000,23.66 | 22.11 10.94 11.17 | 23.26 11.04 12.22,https://racing.hkjc.com/en-us/local/information/archive/localresults?racedate=2024/11/17&racecourse=ST&RaceNo=1,false
2024-11-17_ST_02,2024-11-17_ST,2024-11-17,ST,2,183,Class 4,Class 4 - 1400M - (60-40),1400,60-40,GOOD,"TURF - ""B+2"" Course",BOCHK SME IN ONE HANDICAP,1170000,13.43 | 21.41 | 23.45 11.52 11.93 | 23.55 11.46 12.09,https://racing.hkjc.com/en-us/local/information/archive/localresults?racedate=2024/11/17&racecourse=ST&RaceNo=2,false
2024-11-17_ST_03,2024-11-17_ST,2024-11-17,ST,3,184,Class 4,Class 4 - 1200M - (60-40),1200,60-40,GOOD,"TURF - ""B+2"" Course",BOC LIFE HANDICAP,1170000,23.78 | 22.36 10.98 11.38 | 22.80 11.07 11.73,https://racing.hkjc.com/en-us/local/information/archive/localresults?racedate=2024/11/17&racecourse=ST&RaceNo=3,false
2024-11-17_ST_04,2024-11-17_ST,2024-11-17,ST,4,185,Class 4,Class 4 - 1400M - (60-40),1400,60-40,GOOD,"TURF - ""B+2"" Course","BOCHK ""BANKING TRENDYTOO"" HANDICAP",1170000,13.61 | 21.81 | 23.50 11.90 11.60 | 22.71 11.19 11.52,https://racing.hkjc.com/en-us/local/information/archive/localresults?racedate=2024/11/17&racecourse=ST&RaceNo=4,false
2024-11-17_ST_05,2024-11-17_ST,2024-11-17,ST,5,186,Class 3,Class 3 - 1000M - (80-60),1000,80-60,GOOD,"TURF - ""B+2"" Course",BOCHK WEALTH MANAGEMENT HANDICAP,1860000,12.91 | 20.73 10.10 10.63 | 22.19 11.05 11.14,https://racing.hkjc.com/en-us/local/information/archive/localresults?racedate=2024/11/17&racecourse=ST&RaceNo=5,false
2024-11-17_ST_06,2024-11-17_ST,2024-11-17,ST,6,187,Class 3,Class 3 - 2000M - (80-60),2000,80-60,GOOD,"TURF - ""B+2"" Course",BOC CREDIT CARD HANDICAP,2050000,25.83 | 23.84 | 24.65 | 23.67 11.90 11.77 | 23.47 11.54 11.93,https://racing.hkjc.com/en-us/local/information/archive/localresults?racedate=2024/11/17&racecourse=ST&RaceNo=6,false
2024-11-17_ST_07,2024-11-17_ST,2024-11-17,ST,7,188,Group Two,Group Two - 1200M,1200,,GOOD,"TURF - ""B+2"" Course",THE BOCHK PRIVATE BANKING JOCKEY CLUB SPRINT,5350000,23.12 | 21.97 10.73 11.24 | 22.34 11.10 11.24,https://racing.hkjc.com/en-us/local/information/archive/localresults?racedate=2024/11/17&racecourse=ST&RaceNo=7,false
2024-11-17_ST_08,2024-11-17_ST,2024-11-17,ST,8,189,Group Two,Group Two - 1600M,1600,,GOOD,"TURF - ""B+2"" Course",THE BOCHK PRIVATE WEALTH JOCKEY CLUB MILE,5350000,24.40 | 22.46 | 23.19 11.59 11.60 | 22.77 11.09 11.68,https://racing.hkjc.com/en-us/local/information/archive/localresults?racedate=2024/11/17&racecourse=ST&RaceNo=8,false
2024-11-17_ST_09,2024-11-17_ST,2024-11-17,ST,9,190,Group Two,Group Two - 2000M,2000,,GOOD,"TURF - ""B+2"" Course",THE BOCHK JOCKEY CLUB CUP,5350000,25.83 | 23.43 | 23.27 | 23.45 11.49 11.96 | 23.72 11.47 12.25,https://racing.hkjc.com/en-us/local/information/archive/localresults?racedate=2024/11/17&racecourse=ST&RaceNo=9,false
2024-11-17_ST_10,2024-11-17_ST,2024-11-17,ST,10,191,Class 3,Class 3 - 1400M - (80-60),1400,80-60,GOOD,"TURF - ""B+2"" Course",BOCHK BOC PAY HANDICAP,1860000,13.40 | 22.20 | 23.46 11.89 11.57 | 22.60 10.96 11.64,https://racing.hkjc.com/en-us/local/information/archive/localresults?racedate=2024/11/17&racecourse=ST&RaceNo=10,false
2024-11-17_ST_11,2024-11-17_ST,2024-11-17,ST,11,192,Class 3,Class 3 - 1200M - (80-60),1200,80-60,GOOD,"TURF - ""B+2"" Course",BOCHK ASSET MANAGEMENT HANDICAP,1860000,23.35 | 22.41 10.90 11.51 | 23.05 11.18 11.87,https://racing.hkjc.com/en-us/local/information/archive/localresults?racedate=2024/11/17&racecourse=ST&RaceNo=11,false
2024-11-20_HV_01,2024-11-20_HV,2024-11-20,HV,1,193,Class 5,Class 5 - 1650M - (40-0),1650,40-0,GOOD TO YIELDING,"TURF - ""C"" Course",LAU FAU SHAN HANDICAP,875000,28.19 | 23.42 | 24.37 12.04 12.33 | 24.52 12.30 12.22,https://racing.hkjc.com/en-us/local/information/archive/localresults?racedate=2024/11/20&racecourse=HV&RaceNo=1,false
2024-11-20_HV_02,2024-11-20_HV,2024-11-20,HV,2,194,Class 4,Class 4 - 1650M - (60-40),1650,60-40,GOOD TO YIELDING,"TURF - ""C"" Course",YUEN LONG HANDICAP,1170000,27.88 | 22.69 | 24.54 11.82 12.72 | 24.56 12.53 12.03,https://racing.hkjc.com/en-us/local/information/archive/localresults?racedate=2024/11/20&racecourse=HV&RaceNo=2,false
2024-11-20_HV_03,2024-11-20_HV,2024-11-20,HV,3,195,Class 5,Class 5 - 1200M - (40-0),1200,40-0,GOOD TO YIELDING,"TURF - ""C"" Course",KAI TAK HANDICAP,875000,23.93 | 23.00 11.22 11.78 | 23.34 11.47 11.87,https://racing.hkjc.com/en-us/local/information/archive/localresults?racedate=2024/11/20&racecourse=HV&RaceNo=3,false
2024-11-20_HV_04,2024-11-20_HV,2024-11-20,HV,4,196,Class 4,Class 4 - 1650M - (60-40),1650,60-40,GOOD TO YIELDING,"TURF - ""C"" Course",KWU TUNG HANDICAP,1170000,28.42 | 23.12 | 24.24 11.96 12.28 | 24.63 12.12 12.51,https://racing.hkjc.com/en-us/local/information/archive/localresults?racedate=2024/11/20&racecourse=HV&RaceNo=4,false
2024-11-20_HV_05,2024-11-20_HV,2024-11-20,HV,5,197,Class 4,Class 4 - 1200M - (60-40),1200,60-40,GOOD TO YIELDING,"TURF - ""C"" Course",THE HONG KONG INSTITUTE OF SURVEYORS 40TH ANNIVERSARY CUP (HANDICAP),1170000,23.63 | 22.69 11.17 11.52 | 23.49 11.46 12.03,https://racing.hkjc.com/en-us/local/information/archive/localresults?racedate=2024/11/20&racecourse=HV&RaceNo=5,false
2024-11-20_HV_06,2024-11-20_HV,2024-11-20,HV,6,198,Class 4,Class 4 - 1200M - (60-40),1200,60-40,GOOD TO YIELDING,"TURF - ""C"" Course",SAN TIN HANDICAP,1170000,23.49 | 22.50 10.79 11.71 | 23.88 11.80 12.08,https://racing.hkjc.com/en-us/local/information/archive/localresults?racedate=2024/11/20&racecourse=HV&RaceNo=6,false
2024-11-20_HV_07,2024-11-20_HV,2024-11-20,HV,7,199,Class 3,Class 3 - 1650M - (80-60),1650,80-60,GOOD TO YIELDING,"TURF - ""C"" Course",HUNG SHUI KIU HANDICAP,2050000,27.68 | 23.34 | 24.59 12.20 12.39 | 23.99 11.94 12.05,https://racing.hkjc.com/en-us/local/information/archive/localresults?racedate=2024/11/20&racecourse=HV&RaceNo=7,false
2024-11-20_HV_08,2024-11-20_HV,2024-11-20,HV,8,200,Class 2,Class 2 - 1200M - (100-80),1200,100-80,GOOD TO YIELDING,"TURF - ""C"" Course",CHEK LAP KOK HANDICAP,2840000,23.03 | 22.81 11.01 11.80 | 23.59 11.77 11.82,https://racing.hkjc.com/en-us/local/information/archive/localresults?racedate=2024/11/20&racecourse=HV&RaceNo=8,false
2024-11-20_HV_09,2024-11-20_HV,2024-11-20,HV,9,201,Class 3,Class 3 - 1200M - (80-60),1200,80-60,GOOD TO YIELDING,"TURF - ""C"" Course",FANLING HANDICAP,1860000,23.53 | 22.67 10.98 11.69 | 23.97 11.80 12.17,https://racing.hkjc.com/en-us/local/information/archive/localresults?racedate=2024/11/20&racecourse=HV&RaceNo=9,false
2024-11-24_ST_01,2024-11-24_ST,2024-11-24,ST,1,202,Class 5,Class 5 - 1400M - (40-0),1400,40-0,GOOD,"TURF - ""C"" Course",CHEVALIER E&M ENGINEERING HANDICAP,875000,13.43 | 21.85 | 23.71 11.64 12.07 | 23.37 11.45 11.92,https://racing.hkjc.com/en-us/local/information/archive/localresults?racedate=2024/11/24&racecourse=ST&RaceNo=1,false
2024-11-24_ST_02,2024-11-24_ST,2024-11-24,ST,2,203,Class 4,Class 4 - 1000M - (60-40),1000,60-40,GOOD,"TURF - ""C"" Course",CHEVALIER ENTERPRISE DIGITAL SOLUTIONS HANDICAP,1170000,13.25 | 20.98 10.42 10.56 | 22.59 10.85 11.74,https://racing.hkjc.com/en-us/local/information/archive/localresults?racedate=2024/11/24&racecourse=ST&RaceNo=2,false
2024-11-24_ST_03,2024-11-24_ST,2024-11-24,ST,3,204,Class 4,Class 4 - 1200M - (60-40),1200,60-40,GOOD,"TURF - ""C"" Course",CHEVALIER ENVIRONMENTAL ENGINEERING HANDICAP,1170000,23.51 | 22.42 10.84 11.58 | 23.40 11.57 11.83,https://racing.hkjc.com/en-us/local/information/archive/localresults?racedate=2024/11/24&racecourse=ST&RaceNo=3,false
2024-11-24_ST_04,2024-11-24_ST,2024-11-24,ST,4,205,Class 4,Class 4 - 1200M - (60-40),1200,60-40,GOOD,ALL WEATHER TRACK,CHEVALIER HEALTHCARE INVESTMENT HANDICAP,1170000,23.29 | 22.35 10.67 11.68 | 22.95 11.17 11.78,https://racing.hkjc.com/en-us/local/information/archive/localresults?racedate=2024/11/24&racecourse=ST&RaceNo=4,false
2024-11-24_ST_05,2024-11-24_ST,2024-11-24,ST,5,206,Class 3,Class 3 - 1200M - (80-60),1200,80-60,GOOD,ALL WEATHER TRACK,CHEVALIER INSURANCE HANDICAP,1860000,23.18 | 22.00 10.46 11.54 | 22.94 11.09 11.85,https://racing.hkjc.com/en-us/local/information/archive/localresults?racedate=2024/11/24&racecourse=ST&RaceNo=5,false
2024-11-24_ST_06,2024-11-24_ST,2024-11-24,ST,6,207,Class 4,Class 4 - 1600M - (60-40),1600,60-40,GOOD,"TURF - ""C"" Course",CHEVALIER LIFTS & ESCALATORS HANDICAP,1170000,24.11 | 22.20 | 23.59 11.64 11.95 | 24.25 12.10 12.15,https://racing.hkjc.com/en-us/local/information/archive/localresults?racedate=2024/11/24&racecourse=ST&RaceNo=6,false
2024-11-24_ST_07,2024-11-24_ST,2024-11-24,ST,7,208,Class 2,Class 2 - 1600M - (105-80),1600,105-80,GOOD TO FIRM,"TURF - ""C"" Course",THE CHEVALIER CUP (HANDICAP),3120000,24.33 | 22.90 | 23.17 11.62 11.55 | 22.94 11.43 11.51,https://racing.hkjc.com/en-us/local/information/archive/localresults?racedate=2024/11/24&racecourse=ST&RaceNo=7,false
2024-11-24_ST_08,2024-11-24_ST,2024-11-24,ST,8,209,Class 3,Class 3 - 1400M - (80-60),1400,80-60,GOOD TO FIRM,"TURF - ""C"" Course",CHEVALIER PROPERTY DEVELOPMENT HANDICAP,1860000,13.21 | 21.12 | 23.32 11.56 11.76 | 23.72 11.76 11.96,https://racing.hkjc.com/en-us/local/information/archive/localresults?racedate=2024/11/24&racecourse=ST&RaceNo=8,false
2024-11-24_ST_09,2024-11-24_ST,2024-11-24,ST,9,210,Class 3,Class 3 - 1200M - (80-60),1200,80-60,GOOD TO FIRM,"TURF - ""C"" Course",CHEVALIER PROPERTY MANAGEMENT HANDICAP,1860000,23.66 | 22.05 10.70 11.35 | 22.74 11.29 11.45,https://racing.hkjc.com/en-us/local/information/archive/localresults?racedate=2024/11/24&racecourse=ST&RaceNo=9,false
2024-11-24_ST_10,2024-11-24_ST,2024-11-24,ST,10,211,Class 3,Class 3 - 1600M - (80-60),1600,80-60,GOOD TO FIRM,"TURF - ""C"" Course",CHEVALIER ALUMINIUM ENGINEERING HANDICAP,2050000,24.47 | 23.10 | 23.31 11.68 11.63 | 23.55 11.50 12.05,https://racing.hkjc.com/en-us/local/information/archive/localresults?racedate=2024/11/24&racecourse=ST&RaceNo=10,false
2024-11-27_HV_01,2024-11-27_HV,2024-11-27,HV,1,212,Class 5,Class 5 - 1800M - (40-0),1800,40-0,GOOD,"TURF - ""C+3"" Course",BRIDGE OF WEIR HANDICAP,875000,13.53 | 22.72 | 24.19 | 24.28 12.22 12.06 | 24.30 12.11 12.19,https://racing.hkjc.com/en-us/local/information/archive/localresults?racedate=2024/11/27&racecourse=HV&RaceNo=1,false
2024-11-27_HV_02,2024-11-27_HV,2024-11-27,HV,2,213,Class 5,Class 5 - 1000M - (40-0),1000,40-0,GOOD,"TURF - ""C+3"" Course",CRAMOND ISLAND HANDICAP,875000,12.48 | 21.23 10.23 11.00 | 23.77 11.80 11.97,https://racing.hkjc.com/en-us/local/information/archive/localresults?racedate=2024/11/27&racecourse=HV&RaceNo=2,false
2024-11-27_HV_03,2024-11-27_HV,2024-11-27,HV,3,214,Class 4,Class 4 - 1650M - (60-40),1650,60-40,GOOD,"TURF - ""C+3"" Course",RAEBURN PLACE HANDICAP,1170000,29.05 | 23.99 | 24.33 12.03 12.30 | 23.73 11.91 11.82,https://racing.hkjc.com/en-us/local/information/archive/localresults?racedate=2024/11/27&racecourse=HV&RaceNo=3,false
2024-11-27_HV_04,2024-11-27_HV,2024-11-27,HV,4,215,Class 4,Class 4 - 2200M - (60-40),2200,60-40,GOOD,"TURF - ""C+3"" Course",BEN NEVIS HANDICAP,1170000,14.19 | 23.83 | 24.62 | 24.91 | 24.95 12.39 12.56 | 23.89 12.30 11.59,https://racing.hkjc.com/en-us/local/information/archive/localresults?racedate=2024/11/27&racecourse=HV&RaceNo=4,false
2024-11-27_HV_05,2024-11-27_HV,2024-11-27,HV,5,216,Class 4,Class 4 - 1200M - (60-40),1200,60-40,GOOD,"TURF - ""C+3"" Course",THE ST ANDREW'S CHALLENGE QUAICH (HANDICAP),1170000,23.48 | 22.68 10.92 11.76 | 23.84 11.78 12.06,https://racing.hkjc.com/en-us/local/information/archive/localresults?racedate=2024/11/27&racecourse=HV&RaceNo=5,false
2024-11-27_HV_06,2024-11-27_HV,2024-11-27,HV,6,217,Class 4,Class 4 - 1200M - (60-40),1200,60-40,GOOD,"TURF - ""C+3"" Course",EDINBURGH HANDICAP,1170000,24.01 | 22.95 11.21 11.74 | 23.07 11.57 11.50,https://racing.hkjc.com/en-us/local/information/archive/localresults?racedate=2024/11/27&racecourse=HV&RaceNo=6,false
2024-11-27_HV_07,2024-11-27_HV,2024-11-27,HV,7,218,Class 4,Class 4 - 1200M - (60-40),1200,60-40,GOOD,"TURF - ""C+3"" Course",EDINBURGH HANDICAP,1170000,23.41 | 22.78 11.12 11.66 | 23.53 11.95 11.58,https://racing.hkjc.com/en-us/local/information/archive/localresults?racedate=2024/11/27&racecourse=HV&RaceNo=7,false
2024-11-27_HV_08,2024-11-27_HV,2024-11-27,HV,8,219,Class 3,Class 3 - 1000M - (80-60),1000,80-60,GOOD,"TURF - ""C+3"" Course",LOCH LOMOND HANDICAP,1860000,12.38 | 20.94 10.09 10.85 | 23.44 11.51 11.93,https://racing.hkjc.com/en-us/local/information/archive/localresults?racedate=2024/11/27&racecourse=HV&RaceNo=8,false
2024-11-27_HV_09,2024-11-27_HV,2024-11-27,HV,9,220,Class 3,Class 3 - 1800M - (80-60),1800,80-60,GOOD,"TURF - ""C+3"" Course",INVERNESS HANDICAP,2050000,13.89 | 23.36 | 23.80 | 24.30 12.16 12.14 | 24.03 12.03 12.00,https://racing.hkjc.com/en-us/local/information/archive/localresults?racedate=2024/11/27&racecourse=HV&RaceNo=9,false
2024-12-01_ST_01,2024-12-01_ST,2024-12-01,ST,1,221,Class 5,Class 5 - 1650M - (40-0),1650,40-0,GOOD,ALL WEATHER TRACK,ASHLEY HANDICAP,875000,27.38 | 22.31 | 24.34 11.96 12.38 | 24.95 12.24 12.71,https://racing.hkjc.com/en-us/local/information/archive/localresults?racedate=2024/12/01&racecourse=ST&RaceNo=1,false
2024-12-01_ST_02,2024-12-01_ST,2024-12-01,ST,2,222,Class 4,Class 4 - 1200M - (60-40),1200,60-40,GOOD,"TURF - ""C+3"" Course",CAMERON HANDICAP,1170000,23.65 | 22.28 11.02 11.26 | 23.70 11.54 12.16,https://racing.hkjc.com/en-us/local/information/archive/localresults?racedate=2024/12/01&racecourse=ST&RaceNo=2,false
2024-12-01_ST_03,2024-12-01_ST,2024-12-01,ST,3,223,Class 5,Class 5 - 1200M - (40-0),1200,40-0,GOOD,ALL WEATHER TRACK,CARNARVON HANDICAP,875000,23.73 | 22.40 10.79 11.61 | 23.48 11.47 12.01,https://racing.hkjc.com/en-us/local/information/archive/localresults?racedate=2024/12/01&racecourse=ST&RaceNo=3,false
2024-12-01_ST_04,2024-12-01_ST,2024-12-01,ST,4,224,Class 4,Class 4 - 1200M - (60-40),1200,60-40,GOOD,ALL WEATHER TRACK,HANKOW HANDICAP,1170000,23.04 | 22.10 10.57 11.53 | 24.48 11.80 12.68,https://racing.hkjc.com/en-us/local/information/archive/localresults?racedate=2024/12/01&racecourse=ST&RaceNo=4,false
2024-12-01_ST_05,2024-12-01_ST,2024-12-01,ST,5,225,Class 3,Class 3 - 1000M - (80-60),1000,80-60,GOOD,"TURF - ""C+3"" Course",HUMPHREYS HANDICAP,1860000,13.16 | 20.63 10.09 10.54 | 22.92 10.91 12.01,https://racing.hkjc.com/en-us/local/information/archive/localresults?racedate=2024/12/01&racecourse=ST&RaceNo=5,false
2024-12-01_ST_06,2024-12-01_ST,2024-12-01,ST,6,226,Class 4,Class 4 - 1800M - (60-40),1800,60-40,GOOD,ALL WEATHER TRACK,MIDDLE HANDICAP,1170000,13.31 | 22.90 | 23.61 | 23.87 11.65 12.22 | 24.77 12.23 12.54,https://racing.hkjc.com/en-us/local/information/archive/localresults?racedate=2024/12/01&racecourse=ST&RaceNo=6,false
2024-12-01_ST_07,2024-12-01_ST,2024-12-01,ST,7,227,Class 2,Class 2 - 1200M - (100-80),1200,100-80,GOOD,ALL WEATHER TRACK,THE PENINSULA GOLDEN JUBILEE CHALLENGE CUP (HANDICAP),2840000,22.97 | 22.23 10.83 11.40 | 23.17 11.31 11.86,https://racing.hkjc.com/en-us/local/information/archive/localresults?racedate=2024/12/01&racecourse=ST&RaceNo=7,false
2024-12-01_ST_08,2024-12-01_ST,2024-12-01,ST,8,228,Class 3,Class 3 - 1650M - (80-60),1650,80-60,GOOD,ALL WEATHER TRACK,MODY HANDICAP,2050000,27.90 | 22.69 | 23.66 11.62 12.04 | 23.99 11.98 12.01,https://racing.hkjc.com/en-us/local/information/archive/localresults?racedate=2024/12/01&racecourse=ST&RaceNo=8,false
2024-12-01_ST_09,2024-12-01_ST,2024-12-01,ST,9,229,Class 4,Class 4 - 1400M - (60-40),1400,60-40,GOOD,"TURF - ""C+3"" Course",NATHAN HANDICAP,1170000,13.69 | 21.95 | 23.90 11.89 12.01 | 22.62 11.14 11.48,https://racing.hkjc.com/en-us/local/information/archive/localresults?racedate=2024/12/01&racecourse=ST&RaceNo=9,false
2024-12-01_ST_10,2024-12-01_ST,2024-12-01,ST,10,230,Class 3,Class 3 - 1400M - (80-60),1400,80-60,GOOD,"TURF - ""C+3"" Course",SALISBURY HANDICAP,1860000,13.33 | 21.35 | 23.20 11.27 11.93 | 23.32 11.42 11.90,https://racing.hkjc.com/en-us/local/information/archive/localresults?racedate=2024/12/01&racecourse=ST&RaceNo=10,false
2024-12-04_HV_01,2024-12-04_HV,2024-12-04,HV,1,231,Class 5,Class 5 - 1650M - (40-0),1650,40-0,GOOD,"TURF - ""A"" Course",AUSTRALIA HANDICAP,875000,27.49 | 24.05 | 24.91 12.40 12.51 | 24.36 12.40 11.96,https://racing.hkjc.com/en-us/local/information/archive/localresults?racedate=2024/12/04&racecourse=HV&RaceNo=1,false
2024-12-04_HV_02,2024-12-04_HV,2024-12-04,HV,2,232,Class 5,Class 5 - 1200M - (40-0),1200,40-0,GOOD,"TURF - ""A"" Course",FRANCE HANDICAP,875000,23.95 | 22.71 11.17 11.54 | 23.99 12.06 11.93,https://racing.hkjc.com/en-us/local/information/archive/localresults?racedate=2024/12/04&racecourse=HV&RaceNo=2,false
2024-12-04_HV_03,2024-12-04_HV,2024-12-04,HV,3,233,Class 4,Class 4 - 1650M - (60-40),1650,60-40,GOOD,"TURF - ""A"" Course",GREAT BRITAIN HANDICAP,1170000,28.38 | 23.91 | 24.51 12.32 12.19 | 24.03 11.93 12.10,https://racing.hkjc.com/en-us/local/information/archive/localresults?racedate=2024/12/04&racecourse=HV&RaceNo=3,false
2024-12-04_HV_04,2024-12-04_HV,2024-12-04,HV,4,234,Class 4,Class 4 - 1000M - (60-40),1000,60-40,GOOD,"TURF - ""A"" Course",LONGINES INTERNATIONAL JOCKEYS' CHAMPIONSHIP (HANDICAP) - 1ST LEG,1404000,12.57 | 21.23 10.05 11.18 | 23.48 11.55 11.93,https://racing.hkjc.com/en-us/local/information/archive/localresults?racedate=2024/12/04&racecourse=HV&RaceNo=4,false
2024-12-04_HV_05,2024-12-04_HV,2024-12-04,HV,5,235,Class 4,Class 4 - 1650M - (60-40),1650,60-40,GOOD,"TURF - ""A"" Course",LONGINES INTERNATIONAL JOCKEYS' CHAMPIONSHIP (HANDICAP) - 2ND LEG,1404000,27.78 | 23.49 | 24.83 12.38 12.45 | 24.76 12.24 12.52,https://racing.hkjc.com/en-us/local/information/archive/localresults?racedate=2024/12/04&racecourse=HV&RaceNo=5,false
2024-12-04_HV_06,2024-12-04_HV,2024-12-04,HV,6,236,Class 4,Class 4 - 1200M - (60-40),1200,60-40,GOOD,"TURF - ""A"" Course",IRELAND HANDICAP,1170000,24.22 | 22.71 11.11 11.60 | 23.36 11.80 11.56,https://racing.hkjc.com/en-us/local/information/archive/localresults?racedate=2024/12/04&racecourse=HV&RaceNo=6,false
2024-12-04_HV_07,2024-12-04_HV,2024-12-04,HV,7,237,Class 3,Class 3 - 1650M - (80-60),1650,80-60,GOOD,"TURF - ""A"" Course",LONGINES INTERNATIONAL JOCKEYS' CHAMPIONSHIP (HANDICAP) - 3RD LEG,2460000,27.80 | 24.28 | 24.90 12.63 12.27 | 23.53 11.79 11.74,https://racing.hkjc.com/en-us/local/information/archive/localresults?racedate=2024/12/04&racecourse=HV&RaceNo=7,false
2024-12-04_HV_08,2024-12-04_HV,2024-12-04,HV,8,238,Class 3,Class 3 - 1200M - (80-60),1200,80-60,GOOD,"TURF - ""A"" Course",LONGINES INTERNATIONAL JOCKEYS' CHAMPIONSHIP (HANDICAP) - 4TH LEG,2232000,23.58 | 22.91 11.09 11.82 | 23.01 11.65 11.36,https://racing.hkjc.com/en-us/local/information/archive/localresults?racedate=2024/12/04&racecourse=HV&RaceNo=8,false
2024-12-04_HV_09,2024-12-04_HV,2024-12-04,HV,9,239,Class 2,Class 2 - 1800M - (100-80),1800,100-80,GOOD,"TURF - ""A"" Course",JAPAN HANDICAP,3120000,13.77 | 22.46 | 23.61 | 24.31 12.09 12.22 | 24.90 12.33 12.57,https://racing.hkjc.com/en-us/local/information/archive/localresults?racedate=2024/12/04&racecourse=HV&RaceNo=9,false
2024-12-08_ST_01,2024-12-08_ST,2024-12-08,ST,1,240,Class 4,Class 4 - 1200M - (60-40),1200,60-40,GOOD,"TURF - ""A"" Course",SILENT WITNESS HANDICAP,1170000,23.69 | 22.49 11.18 11.31 | 23.11 11.34 11.77,https://racing.hkjc.com/en-us/local/information/archive/localresults?racedate=2024/12/08&racecourse=ST&RaceNo=1,false
2024-12-08_ST_02,2024-12-08_ST,2024-12-08,ST,2,241,Class 4,Class 4 - 1400M - (60-40),1400,60-40,GOOD,"TURF - ""A"" Course",BEAUTY GENERATION HANDICAP,1170000,13.43 | 21.64 | 23.95 11.81 12.14 | 22.89 11.38 11.51,https://racing.hkjc.com/en-us/local/information/archive/localresults?racedate=2024/12/08&racecourse=ST&RaceNo=2,false
2024-12-08_ST_03,2024-12-08_ST,2024-12-08,ST,3,242,Class 3,Class 3 - 1200M - (80-60),1200,80-60,GOOD,"TURF - ""A"" Course",LORD KANALOA HANDICAP,1860000,23.19 | 22.38 10.91 11.47 | 23.21 11.30 11.91,https://racing.hkjc.com/en-us/local/information/archive/localresults?racedate=2024/12/08&racecourse=ST&RaceNo=3,false
2024-12-08_ST_04,2024-12-08_ST,2024-12-08,ST,4,243,Group One,Group One - 2400M,2400,,GOOD,"TURF - ""A"" Course",THE LONGINES HONG KONG VASE,24000000,25.64 | 24.58 | 25.86 | 24.32 | 23.87 11.82 12.05 | 23.26 11.61 11.65,https://racing.hkjc.com/en-us/local/information/archive/localresults?racedate=2024/12/08&racecourse=ST&RaceNo=4,false
2024-12-08_ST_05,2024-12-08_ST,2024-12-08,ST,5,244,Group One,Group One - 1200M,1200,,GOOD,"TURF - ""A"" Course",THE LONGINES HONG KONG SPRINT,26000000,23.38 | 22.27 11.01 11.26 | 22.50 10.85 11.65,https://racing.hkjc.com/en-us/local/information/archive/localresults?racedate=2024/12/08&racecourse=ST&RaceNo=5,false
2024-12-08_ST_06,2024-12-08_ST,2024-12-08,ST,6,245,Class 3,Class 3 - 1800M - (80-60),1800,80-60,GOOD,"TURF - ""A"" Course",JIM AND TONIC HANDICAP,2050000,13.86 | 22.45 | 23.91 | 23.57 12.05 11.52 | 23.68 11.52 12.16,https://racing.hkjc.com/en-us/local/information/archive/localresults?racedate=2024/12/08&racecourse=ST&RaceNo=6,false
2024-12-08_ST_07,2024-12-08_ST,2024-12-08,ST,7,246,Group One,Group One - 1600M,1600,,GOOD,"TURF - ""A"" Course",THE LONGINES HONG KONG MILE,36000000,24.70 | 22.32 | 23.28 11.81 11.47 | 23.04 11.16 11.88,https://racing.hkjc.com/en-us/local/information/archive/localresults?racedate=2024/12/08&racecourse=ST&RaceNo=7,false
2024-12-08_ST_08,2024-12-08_ST,2024-12-08,ST,8,247,Group One,Group One - 2000M,2000,,GOOD,"TURF - ""A"" Course",THE LONGINES HONG KONG CUP,40000000,26.34 | 24.11 | 23.71 | 23.68 11.89 11.79 | 22.67 11.09 11.58,https://racing.hkjc.com/en-us/local/information/archive/localresults?racedate=2024/12/08&racecourse=ST&RaceNo=8,false
2024-12-08_ST_09,2024-12-08_ST,2024-12-08,ST,9,248,Class 3,Class 3 - 1400M - (80-60),1400,80-60,GOOD,"TURF - ""A"" Course",MAURICE HANDICAP,1860000,13.69 | 21.79 | 23.13 11.54 11.59 | 22.91 11.26 11.65,https://racing.hkjc.com/en-us/local/information/archive/localresults?racedate=2024/12/08&racecourse=ST&RaceNo=9,false
2024-12-08_ST_10,2024-12-08_ST,2024-12-08,ST,10,249,Class 2,Class 2 - 1400M - (105-80),1400,105-80,GOOD,"TURF - ""A"" Course",HIGHLAND REEL HANDICAP,2840000,13.31 | 21.67 | 23.51 11.76 11.75 | 22.80 11.11 11.69,https://racing.hkjc.com/en-us/local/information/archive/localresults?racedate=2024/12/08&racecourse=ST&RaceNo=10,false
2024-12-11_HV_01,2024-12-11_HV,2024-12-11,HV,1,250,Class 5,Class 5 - 2200M - (40-0),2200,40-0,GOOD,"TURF - ""B"" Course",SAND MARTIN HANDICAP,875000,14.86 | 23.46 | 25.49 | 25.02 | 24.27 12.10 12.17 | 24.16 11.87 12.29,https://racing.hkjc.com/en-us/local/information/archive/localresults?racedate=2024/12/11&racecourse=HV&RaceNo=1,false
2024-12-11_HV_02,2024-12-11_HV,2024-12-11,HV,2,251,Class 5,Class 5 - 1000M - (40-0),1000,40-0,GOOD,"TURF - ""B"" Course",LARK HANDICAP,875000,12.75 | 21.76 10.76 11.00 | 23.09 11.39 11.70,https://racing.hkjc.com/en-us/local/information/archive/localresults?racedate=2024/12/11&racecourse=HV&RaceNo=2,false
2024-12-11_HV_03,2024-12-11_HV,2024-12-11,HV,3,252,Class 4,Class 4 - 1200M - (60-40),1200,60-40,GOOD,"TURF - ""B"" Course",ALBATROSS HANDICAP,1170000,23.76 | 22.53 10.92 11.61 | 23.78 11.87 11.91,https://racing.hkjc.com/en-us/local/information/archive/localresults?racedate=2024/12/11&racecourse=HV&RaceNo=3,false
2024-12-11_HV_04,2024-12-11_HV,2024-12-11,HV,4,253,Class 4,Class 4 - 1200M - (60-40),1200,60-40,GOOD,"TURF - ""B"" Course",ALBATROSS HANDICAP,1170000,23.45 | 23.02 11.28 11.74 | 23.65 11.91 11.74,https://racing.hkjc.com/en-us/local/information/archive/localresults?racedate=2024/12/11&racecourse=HV&RaceNo=4,false
2024-12-11_HV_05,2024-12-11_HV,2024-12-11,HV,5,254,Class 4,Class 4 - 1800M - (60-40),1800,60-40,GOOD,"TURF - ""B"" Course",THE HONG KONG GOLF CLUB CENTENARY CUP (HANDICAP),1170000,13.46 | 22.32 | 23.78 | 24.45 12.19 12.26 | 24.84 12.44 12.40,https://racing.hkjc.com/en-us/local/information/archive/localresults?racedate=2024/12/11&racecourse=HV&RaceNo=5,false
2024-12-11_HV_06,2024-12-11_HV,2024-12-11,HV,6,255,Class 4,Class 4 - 1650M - (60-40),1650,60-40,GOOD,"TURF - ""B"" Course",MESIA HANDICAP,1170000,29.00 | 24.44 | 23.58 12.20 11.38 | 23.75 11.61 12.14,https://racing.hkjc.com/en-us/local/information/archive/localresults?racedate=2024/12/11&racecourse=HV&RaceNo=6,false
2024-12-11_HV_07,2024-12-11_HV,2024-12-11,HV,7,256,Class 3,Class 3 - 1000M - (80-60),1000,80-60,GOOD,"TURF - ""B"" Course",NIGHTJAR HANDICAP,1860000,12.49 | 20.81 09.99 10.82 | 23.81 11.41 12.40,https://racing.hkjc.com/en-us/local/information/archive/localresults?racedate=2024/12/11&racecourse=HV&RaceNo=7,false
2024-12-11_HV_08,2024-12-11_HV,2024-12-11,HV,8,257,Class 4,Class 4 - 1200M - (60-40),1200,60-40,GOOD,"TURF - ""B"" Course",ALBATROSS HANDICAP,1170000,23.68 | 23.04 11.33 11.71 | 23.39 11.55 11.84,https://racing.hkjc.com/en-us/local/information/archive/localresults?racedate=2024/12/11&racecourse=HV&RaceNo=8,false
2024-12-11_HV_09,2024-12-11_HV,2024-12-11,HV,9,258,Class 3,Class 3 - 1650M - (80-60),1650,80-60,GOOD,"TURF - ""B"" Course",SEA EAGLE HANDICAP,2050000,28.95 | 24.10 | 24.11 12.14 11.97 | 23.32 11.48 11.84,https://racing.hkjc.com/en-us/local/information/archive/localresults?racedate=2024/12/11&racecourse=HV&RaceNo=9,false
2024-12-15_ST_01,2024-12-15_ST,2024-12-15,ST,1,259,Class 5,Class 5 - 1400M - (40-0),1400,40-0,GOOD,"TURF - ""C+3"" Course",LUKFOOK JEWELLERY HEXICON HANDICAP,875000,13.29 | 22.55 | 23.07 11.64 11.43 | 23.07 11.32 11.75,https://racing.hkjc.com/en-us/local/information/archive/localresults?racedate=2024/12/15&racecourse=ST&RaceNo=1,false
2024-12-15_ST_02,2024-12-15_ST,2024-12-15,ST,2,260,Class 5,Class 5 - 1400M - (40-0),1400,40-0,GOOD,"TURF - ""C+3"" Course",LUKFOOK JEWELLERY WEDDING COLLECTION HANDICAP,875000,13.33 | 21.30 | 23.39 11.62 11.77 | 24.37 12.05 12.32,https://racing.hkjc.com/en-us/local/information/archive/localresults?racedate=2024/12/15&racecourse=ST&RaceNo=2,false
2024-12-15_ST_03,2024-12-15_ST,2024-12-15,ST,3,261,Class 4,Class 4 - 1200M - (60-40),1200,60-40,GOOD,"TURF - ""C+3"" Course",LUKFOOK JEWELLERY DIAPURE HANDICAP,1170000,24.42 | 23.59 11.94 11.65 | 22.24 10.92 11.32,https://racing.hkjc.com/en-us/local/information/archive/localresults?racedate=2024/12/15&racecourse=ST&RaceNo=3,false
2024-12-15_ST_04,2024-12-15_ST,2024-12-15,ST,4,262,Class 4,Class 4 - 1000M - (60-40),1000,60-40,GOOD,"TURF - ""C+3"" Course",LUKFOOK JEWELLERY LOVE IS BEAUTY COLLECTION HANDICAP,1170000,13.33 | 20.60 10.14 10.46 | 22.47 10.87 11.60,https://racing.hkjc.com/en-us/local/information/archive/localresults?racedate=2024/12/15&racecourse=ST&RaceNo=4,false
2024-12-15_ST_05,2024-12-15_ST,2024-12-15,ST,5,263,Class 4,Class 4 - 1600M - (60-40),1600,60-40,GOOD,"TURF - ""C+3"" Course",LUKFOOK JEWELLERY GOLDSTYLE HANDICAP,1170000,24.38 | 22.54 | 23.97 11.94 12.03 | 23.59 11.57 12.02,https://racing.hkjc.com/en-us/local/information/archive/localresults?racedate=2024/12/15&racecourse=ST&RaceNo=5,false
2024-12-15_ST_06,2024-12-15_ST,2024-12-15,ST,6,264,Class 4,Class 4 - 1400M - (60-40),1400,60-40,GOOD,"TURF - ""C+3"" Course",LUKFOOK JEWELLERY HEIRLOOM FORTUNE COLLECTION HANDICAP,1170000,13.63 | 22.20 | 23.42 11.68 11.74 | 22.65 10.95 11.70,https://racing.hkjc.com/en-us/local/information/archive/localresults?racedate=2024/12/15&racecourse=ST&RaceNo=6,false
2024-12-15_ST_07,2024-12-15_ST,2024-12-15,ST,7,265,Class 2,Class 2 - 1000M - (90-65),1000,90-65,GOOD,"TURF - ""C+3"" Course",THE LUKFOOK JEWELLERY CUP (HANDICAP),2840000,13.15 | 20.69 10.40 10.29 | 22.06 10.70 11.36,https://racing.hkjc.com/en-us/local/information/archive/localresults?racedate=2024/12/15&racecourse=ST&RaceNo=7,false
2024-12-15_ST_08,2024-12-15_ST,2024-12-15,ST,8,266,Class 3,Class 3 - 1400M - (80-60),1400,80-60,GOOD,"TURF - ""C+3"" Course",LUKFOOK JEWELLERY BELOVED COLLECTION HANDICAP,1860000,13.54 | 21.98 | 23.38 11.73 11.65 | 22.52 11.07 11.45,https://racing.hkjc.com/en-us/local/information/archive/localresults?racedate=2024/12/15&racecourse=ST&RaceNo=8,false
2024-12-15_ST_09,2024-12-15_ST,2024-12-15,ST,9,267,Class 3,Class 3 - 1200M - (80-60),1200,80-60,GOOD,"TURF - ""C+3"" Course",LUKFOOK JOAILLERIE HANDICAP,1860000,24.71 | 22.60 11.26 11.34 | 22.30 11.01 11.29,https://racing.hkjc.com/en-us/local/information/archive/localresults?racedate=2024/12/15&racecourse=ST&RaceNo=9,false
2024-12-15_ST_10,2024-12-15_ST,2024-12-15,ST,10,268,Class 3,Class 3 - 1600M - (80-60),1600,80-60,GOOD,"TURF - ""C+3"" Course",LUKFOOK JEWELLERY DEAR Q HANDICAP,2050000,24.30 | 22.99 | 23.59 11.99 11.60 | 23.13 11.34 11.79,https://racing.hkjc.com/en-us/local/information/archive/localresults?racedate=2024/12/15&racecourse=ST&RaceNo=10,false
2024-12-18_ST_01,2024-12-18_ST,2024-12-18,ST,1,269,Class 5,Class 5 - 1200M - (40-0),1200,40-0,GOOD,ALL WEATHER TRACK,BANYAN HANDICAP,875000,23.20 | 22.07 10.59 11.48 | 24.53 11.79 12.74,https://racing.hkjc.com/en-us/local/information/archive/localresults?racedate=2024/12/18&racecourse=ST&RaceNo=1,false
2024-12-18_ST_02,2024-12-18_ST,2024-12-18,ST,2,270,Class 5,Class 5 - 1800M - (40-0),1800,40-0,GOOD,ALL WEATHER TRACK,SHA LEK HANDICAP,875000,13.87 | 23.67 | 23.83 | 23.77 11.85 11.92 | 24.49 12.02 12.47,https://racing.hkjc.com/en-us/local/information/archive/localresults?racedate=2024/12/18&racecourse=ST&RaceNo=2,false
2024-12-18_ST_03,2024-12-18_ST,2024-12-18,ST,3,271,Class 4,Class 4 - 1200M - (60-40),1200,60-40,GOOD,ALL WEATHER TRACK,SHA TIN WAI HANDICAP,1170000,23.12 | 22.21 10.72 11.49 | 23.43 11.63 11.80,https://racing.hkjc.com/en-us/local/information/archive/localresults?racedate=2024/12/18&racecourse=ST&RaceNo=3,false
2024-12-18_ST_04,2024-12-18_ST,2024-12-18,ST,4,272,Class 4,Class 4 - 1200M - (60-40),1200,60-40,GOOD,ALL WEATHER TRACK,SHA TIN WAI HANDICAP,1170000,23.51 | 21.82 10.56 11.26 | 23.70 11.65 12.05,https://racing.hkjc.com/en-us/local/information/archive/localresults?racedate=2024/12/18&racecourse=ST&RaceNo=4,false
2024-12-18_ST_05,2024-12-18_ST,2024-12-18,ST,5,273,Class 4,Class 4 - 1650M - (60-40),1650,60-40,GOOD,ALL WEATHER TRACK,THE PRINCE OF WALES HOSPITAL 40TH ANNIVERSARY CUP (HANDICAP),1170000,28.49 | 23.16 | 23.43 11.78 11.65 | 23.82 11.75 12.07,https://racing.hkjc.com/en-us/local/information/archive/localresults?racedate=2024/12/18&racecourse=ST&RaceNo=5,false
2024-12-18_ST_06,2024-12-18_ST,2024-12-18,ST,6,274,Class 4,Class 4 - 1650M - (60-40),1650,60-40,GOOD,ALL WEATHER TRACK,NGAN SHING HANDICAP,1170000,27.99 | 22.59 | 23.59 11.63 11.96 | 24.78 12.06 12.72,https://racing.hkjc.com/en-us/local/information/archive/localresults?racedate=2024/12/18&racecourse=ST&RaceNo=6,false
2024-12-18_ST_07,2024-12-18_ST,2024-12-18,ST,7,275,Class 3,Class 3 - 1200M - (80-60),1200,80-60,GOOD,ALL WEATHER TRACK,SIU LEK YUEN HANDICAP,1860000,23.17 | 21.47 10.29 11.18 | 23.62 11.26 12.36,https://racing.hkjc.com/en-us/local/information/archive/localresults?racedate=2024/12/18&racecourse=ST&RaceNo=7,false
2024-12-18_ST_08,2024-12-18_ST,2024-12-18,ST,8,276,Class 3,Class 3 - 1650M - (85-60),1650,85-60,GOOD,ALL WEATHER TRACK,YUEN CHAU KOK HANDICAP,2050000,27.98 | 22.54 | 23.36 11.49 11.87 | 24.30 11.93 12.37,https://racing.hkjc.com/en-us/local/information/archive/localresults?racedate=2024/12/18&racecourse=ST&RaceNo=8,false
2024-12-22_ST_01,2024-12-22_ST,2024-12-22,ST,1,277,Class 5,Class 5 - 1600M - (40-0),1600,40-0,GOOD,"TURF - ""A+3"" Course",AMARYLLIS HANDICAP,875000,24.45 | 22.55 | 24.29 12.07 12.22 | 24.12 11.83 12.29,https://racing.hkjc.com/en-us/local/information/archive/localresults?racedate=2024/12/22&racecourse=ST&RaceNo=1,false
2024-12-22_ST_02,2024-12-22_ST,2024-12-22,ST,2,278,Class 4 (Restricted),Class 4 (Restricted) - 1400M - (60-40),1400,60-40,GOOD,"TURF - ""A+3"" Course",ERICA HANDICAP,1170000,13.59 | 21.84 | 23.84 12.00 11.84 | 22.95 11.23 11.72,https://racing.hkjc.com/en-us/local/information/archive/localresults?racedate=2024/12/22&racecourse=ST&RaceNo=2,false
2024-12-22_ST_03,2024-12-22_ST,2024-12-22,ST,3,279,Class 4,Class 4 - 1200M - (60-40),1200,60-40,GOOD,"TURF - ""A+3"" Course",HIBISCUS HANDICAP,1170000,23.60 | 21.86 10.73 11.13 | 23.58 11.62 11.96,https://racing.hkjc.com/en-us/local/information/archive/localresults?racedate=2024/12/22&racecourse=ST&RaceNo=3,false
2024-12-22_ST_04,2024-12-22_ST,2024-12-22,ST,4,280,Class 4,Class 4 - 1400M - (60-40),1400,60-40,GOOD,"TURF - ""A+3"" Course",HOLLY HANDICAP,1170000,13.42 | 21.65 | 23.52 11.71 11.81 | 23.21 11.48 11.73,https://racing.hkjc.com/en-us/local/information/archive/localresults?racedate=2024/12/22&racecourse=ST&RaceNo=4,false
2024-12-22_ST_05,2024-12-22_ST,2024-12-22,ST,5,281,Class 4,Class 4 - 1200M - (60-40),1200,60-40,GOOD,"TURF - ""A+3"" Course",HIBISCUS HANDICAP,1170000,23.65 | 22.38 11.12 11.26 | 23.33 11.45 11.88,https://racing.hkjc.com/en-us/local/information/archive/localresults?racedate=2024/12/22&racecourse=ST&RaceNo=5,false
2024-12-22_ST_06,2024-12-22_ST,2024-12-22,ST,6,282,Class 4,Class 4 - 2000M - (60-40),2000,60-40,GOOD,"TURF - ""A+3"" Course",IVY HANDICAP,1170000,26.48 | 24.73 | 24.51 | 24.14 12.23 11.91 | 23.59 11.64 11.95,https://racing.hkjc.com/en-us/local/information/archive/localresults?racedate=2024/12/22&racecourse=ST&RaceNo=6,false
2024-12-22_ST_07,2024-12-22_ST,2024-12-22,ST,7,283,Class 3,Class 3 - 1200M - (80-60),1200,80-60,GOOD,"TURF - ""A+3"" Course",THE POK OI CUP (HANDICAP),1860000,23.51 | 21.95 10.82 11.13 | 23.31 11.31 12.00,https://racing.hkjc.com/en-us/local/information/archive/localresults?racedate=2024/12/22&racecourse=ST&RaceNo=7,false
2024-12-22_ST_08,2024-12-22_ST,2024-12-22,ST,8,284,Class 3,Class 3 - 1200M - (80-60),1200,80-60,GOOD,"TURF - ""A+3"" Course",TULIP HANDICAP,1860000,24.32 | 22.81 11.49 11.32 | 22.16 10.78 11.38,https://racing.hkjc.com/en-us/local/information/archive/localresults?racedate=2024/12/22&racecourse=ST&RaceNo=8,false
2024-12-22_ST_09,2024-12-22_ST,2024-12-22,ST,9,285,Class 3,Class 3 - 1400M - (80-60),1400,80-60,GOOD,"TURF - ""A+3"" Course",SPRUCE HANDICAP,1860000,13.63 | 21.31 | 23.03 11.42 11.61 | 23.51 11.42 12.09,https://racing.hkjc.com/en-us/local/information/archive/localresults?racedate=2024/12/22&racecourse=ST&RaceNo=9,false
2024-12-22_ST_10,2024-12-22_ST,2024-12-22,ST,10,286,Class 2,Class 2 - 1200M - (100-80),1200,100-80,GOOD,"TURF - ""A+3"" Course",POINSETTIA HANDICAP,2840000,23.16 | 22.25 10.82 11.43 | 23.20 11.34 11.86,https://racing.hkjc.com/en-us/local/information/archive/localresults?racedate=2024/12/22&racecourse=ST&RaceNo=10,false
2024-12-26_HV_01,2024-12-26_HV,2024-12-26,HV,1,287,Class 5,Class 5 - 1200M - (40-0),1200,40-0,GOOD,"TURF - ""C+3"" Course",MERCURY HANDICAP,875000,23.99 | 23.07 11.29 11.78 | 23.09 11.63 11.46,https://racing.hkjc.com/en-us/local/information/archive/localresults?racedate=2024/12/26&racecourse=HV&RaceNo=1,false
2024-12-26_HV_02,2024-12-26_HV,2024-12-26,HV,2,288,Class 4,Class 4 - 1000M - (60-40),1000,60-40,GOOD,"TURF - ""C+3"" Course",VENUS HANDICAP,1170000,12.39 | 21.38 10.32 11.06 | 23.35 11.72 11.63,https://racing.hkjc.com/en-us/local/information/archive/localresults?racedate=2024/12/26&racecourse=HV&RaceNo=2,false
2024-12-26_HV_03,2024-12-26_HV,2024-12-26,HV,3,289,Class 3,Class 3 - 2200M - (80-60),2200,80-60,GOOD,"TURF - ""C+3"" Course",MARS HANDICAP,2050000,14.43 | 23.47 | 23.57 | 23.85 | 25.30 12.60 12.70 | 24.86 12.32 12.54,https://racing.hkjc.com/en-us/local/information/archive/localresults?racedate=2024/12/26&racecourse=HV&RaceNo=3,false
2024-12-26_HV_04,2024-12-26_HV,2024-12-26,HV,4,290,Class 4,Class 4 - 1200M - (60-40),1200,60-40,GOOD,"TURF - ""C+3"" Course",JUPITER HANDICAP,1170000,23.78 | 23.14 11.35 11.79 | 22.85 11.24 11.61,https://racing.hkjc.com/en-us/local/information/archive/localresults?racedate=2024/12/26&racecourse=HV&RaceNo=4,false
2024-12-26_HV_05,2024-12-26_HV,2024-12-26,HV,5,291,Class 4,Class 4 - 1650M - (60-40),1650,60-40,GOOD,"TURF - ""C+3"" Course",SATURN HANDICAP,1170000,27.70 | 23.08 | 24.62 12.21 12.41 | 24.05 12.28 11.77,https://racing.hkjc.com/en-us/local/information/archive/localresults?racedate=2024/12/26&racecourse=HV&RaceNo=5,false
2024-12-26_HV_06,2024-12-26_HV,2024-12-26,HV,6,292,Class 4,Class 4 - 1200M - (60-40),1200,60-40,GOOD,"TURF - ""C+3"" Course",JUPITER HANDICAP,1170000,24.33 | 23.20 11.36 11.84 | 22.86 11.44 11.42,https://racing.hkjc.com/en-us/local/information/archive/localresults?racedate=2024/12/26&racecourse=HV&RaceNo=6,false
2024-12-26_HV_07,2024-12-26_HV,2024-12-26,HV,7,293,Class 4,Class 4 - 1650M - (60-40),1650,60-40,GOOD,"TURF - ""C+3"" Course",SATURN HANDICAP,1170000,28.03 | 23.64 | 24.30 12.10 12.20 | 23.95 12.12 11.83,https://racing.hkjc.com/en-us/local/information/archive/localresults?racedate=2024/12/26&racecourse=HV&RaceNo=7,false
2024-12-26_HV_08,2024-12-26_HV,2024-12-26,HV,8,294,Class 4,Class 4 - 1650M - (60-40),1650,60-40,GOOD,"TURF - ""C+3"" Course",SATURN HANDICAP,1170000,28.23 | 23.60 | 23.93 11.92 12.01 | 23.97 11.81 12.16,https://racing.hkjc.com/en-us/local/information/archive/localresults?racedate=2024/12/26&racecourse=HV&RaceNo=8,false
2024-12-26_HV_09,2024-12-26_HV,2024-12-26,HV,9,295,Class 3,Class 3 - 1200M - (80-60),1200,80-60,GOOD,"TURF - ""C+3"" Course",URANUS HANDICAP,1860000,23.62 | 22.34 11.01 11.33 | 23.19 11.59 11.60,https://racing.hkjc.com/en-us/local/information/archive/localresults?racedate=2024/12/26&racecourse=HV&RaceNo=9,false
2024-12-26_HV_10,2024-12-26_HV,2024-12-26,HV,10,296,Class 3,Class 3 - 1650M - (80-60),1650,80-60,GOOD,"TURF - ""C+3"" Course",NEPTUNE HANDICAP,2050000,28.17 | 23.73 | 24.20 12.16 12.04 | 23.31 11.77 11.54,https://racing.hkjc.com/en-us/local/information/archive/localresults?racedate=2024/12/26&racecourse=HV&RaceNo=10,false
2024-12-29_ST_01,2024-12-29_ST,2024-12-29,ST,1,297,Class 5,Class 5 - 1000M - (40-0),1000,40-0,GOOD,"TURF - ""B+2"" Course",PORT SHELTER HANDICAP,875000,13.01 | 21.23 10.42 10.81 | 23.02 11.21 11.81,https://racing.hkjc.com/en-us/local/information/archive/localresults?racedate=2024/12/29&racecourse=ST&RaceNo=1,false
2024-12-29_ST_02,2024-12-29_ST,2024-12-29,ST,2,298,Class 5,Class 5 - 1400M - (40-0),1400,40-0,GOOD,"TURF - ""B+2"" Course",TURTLE COVE HANDICAP,875000,13.65 | 21.43 | 23.28 11.80 11.48 | 23.76 11.46 12.30,https://racing.hkjc.com/en-us/local/information/archive/localresults?racedate=2024/12/29&racecourse=ST&RaceNo=2,false
2024-12-29_ST_03,2024-12-29_ST,2024-12-29,ST,3,299,Class 2,Class 2 - 2000M - (100-75),2000,100-75,GOOD,"TURF - ""B+2"" Course",BUFFALO HILL HANDICAP,3120000,26.65 | 24.21 | 23.31 | 23.17 11.80 11.37 | 23.62 11.49 12.13,https://racing.hkjc.com/en-us/local/information/archive/localresults?racedate=2024/12/29&racecourse=ST&RaceNo=3,false
2024-12-29_ST_04,2024-12-29_ST,2024-12-29,ST,4,300,Class 4,Class 4 - 1400M - (60-40),1400,60-40,GOOD,"TURF - ""B+2"" Course",LUNG FU SHAN HANDICAP,1170000,13.58 | 21.29 | 23.75 11.73 12.02 | 23.17 11.49 11.68,https://racing.hkjc.com/en-us/local/information/archive/localresults?racedate=2024/12/29&racecourse=ST&RaceNo=4,false
2024-12-29_ST_05,2024-12-29_ST,2024-12-29,ST,5,301,Class 4,Class 4 - 1200M - (60-40),1200,60-40,GOOD,"TURF - ""B+2"" Course",HO CHUNG HANDICAP,1170000,23.67 | 22.43 10.78 11.65 | 23.03 11.33 11.70,https://racing.hkjc.com/en-us/local/information/archive/localresults?racedate=2024/12/29&racecourse=ST&RaceNo=5,false
2024-12-29_ST_06,2024-12-29_ST,2024-12-29,ST,6,302,Class 4,Class 4 - 1200M - (60-40),1200,60-40,GOOD,ALL WEATHER TRACK,LUK KENG HANDICAP,1170000,23.70 | 22.28 10.93 11.35 | 23.06 11.18 11.88,https://racing.hkjc.com/en-us/local/information/archive/localresults?racedate=2024/12/29&racecourse=ST&RaceNo=6,false
2024-12-29_ST_07,2024-12-29_ST,2024-12-29,ST,7,303,Class 4,Class 4 - 1400M - (60-40),1400,60-40,GOOD,"TURF - ""B+2"" Course",LUNG FU SHAN HANDICAP,1170000,13.37 | 21.14 | 23.74 11.67 12.07 | 23.56 11.77 11.79,https://racing.hkjc.com/en-us/local/information/archive/localresults?racedate=2024/12/29&racecourse=ST&RaceNo=7,false
2024-12-29_ST_08,2024-12-29_ST,2024-12-29,ST,8,304,Class 3,Class 3 - 1000M - (80-60),1000,80-60,GOOD,"TURF - ""B+2"" Course",BUTTERFLY BAY HANDICAP,1860000,12.99 | 20.64 10.21 10.43 | 22.97 11.29 11.68,https://racing.hkjc.com/en-us/local/information/archive/localresults?racedate=2024/12/29&racecourse=ST&RaceNo=8,false
2024-12-29_ST_09,2024-12-29_ST,2024-12-29,ST,9,305,Class 3,Class 3 - 1200M - (85-60),1200,85-60,GOOD,ALL WEATHER TRACK,D'AGUILAR PEAK HANDICAP,1860000,23.24 | 22.24 10.92 11.32 | 22.92 11.13 11.79,https://racing.hkjc.com/en-us/local/information/archive/localresults?racedate=2024/12/29&racecourse=ST&RaceNo=9,false
2024-12-29_ST_10,2024-12-29_ST,2024-12-29,ST,10,306,Class 3,Class 3 - 1400M - (80-60),1400,80-60,GOOD,"TURF - ""B+2"" Course",EAGLE'S NEST HANDICAP,1860000,13.67 | 22.45 | 23.29 11.82 11.47 | 22.79 11.16 11.63,https://racing.hkjc.com/en-us/local/information/archive/localresults?racedate=2024/12/29&racecourse=ST&RaceNo=10,false
2025-01-01_ST_01,2025-01-01_ST,2025-01-01,ST,1,307,Class 4,Class 4 - 1200M - (60-40),1200,60-40,GOOD,"TURF - ""C"" Course",LAI CHI CHONG HANDICAP,1170000,23.39 | 22.21 10.79 11.42 | 24.38 11.74 12.64,https://racing.hkjc.com/en-us/local/information/archive/localresults?racedate=2025/01/01&racecourse=ST&RaceNo=1,false
2025-01-01_ST_02,2025-01-01_ST,2025-01-01,ST,2,308,Class 5,Class 5 - 1800M - (40-0),1800,40-0,GOOD,"TURF - ""C"" Course",YAU KOM TAU HANDICAP,875000,14.03 | 22.39 | 23.93 | 24.61 12.27 12.34 | 24.22 11.85 12.37,https://racing.hkjc.com/en-us/local/information/archive/localresults?racedate=2025/01/01&racecourse=ST&RaceNo=2,false
2025-01-01_ST_03,2025-01-01_ST,2025-01-01,ST,3,309,Class 4,Class 4 - 1200M - (60-40),1200,60-40,GOOD,"TURF - ""C"" Course",LAI CHI CHONG HANDICAP,1170000,24.00 | 22.59 11.03 11.56 | 23.08 11.20 11.88,https://racing.hkjc.com/en-us/local/information/archive/localresults?racedate=2025/01/01&racecourse=ST&RaceNo=3,false
2025-01-01_ST_04,2025-01-01_ST,2025-01-01,ST,4,310,Group Three,Group Three - 1000M,1000,,GOOD,"TURF - ""C"" Course",THE BAUHINIA SPRINT TROPHY (HANDICAP),4200000,13.15 | 20.65 10.18 10.47 | 22.36 10.72 11.64,https://racing.hkjc.com/en-us/local/information/archive/localresults?racedate=2025/01/01&racecourse=ST&RaceNo=4,false
2025-01-01_ST_05,2025-01-01_ST,2025-01-01,ST,5,311,Class 4,Class 4 - 1400M - (60-40),1400,60-40,GOOD,"TURF - ""C"" Course",LEI MUK SHUE HANDICAP,1170000,13.59 | 22.37 | 23.00 11.62 11.38 | 23.39 11.28 12.11,https://racing.hkjc.com/en-us/local/information/archive/localresults?racedate=2025/01/01&racecourse=ST&RaceNo=5,false
2025-01-01_ST_06,2025-01-01_ST,2025-01-01,ST,6,312,Class 4,Class 4 - 1400M - (60-40),1400,60-40,GOOD,"TURF - ""C"" Course",LEI MUK SHUE HANDICAP,1170000,13.33 | 21.68 | 23.61 11.75 11.86 | 23.57 11.52 12.05,https://racing.hkjc.com/en-us/local/information/archive/localresults?racedate=2025/01/01&racecourse=ST&RaceNo=6,false
2025-01-01_ST_07,2025-01-01_ST,2025-01-01,ST,7,313,Class 4,Class 4 - 1600M - (60-40),1600,60-40,GOOD,"TURF - ""C"" Course",TSUNG PAK LONG HANDICAP,1170000,24.67 | 23.61 | 23.87 11.83 12.04 | 23.31 11.43 11.88,https://racing.hkjc.com/en-us/local/information/archive/localresults?racedate=2025/01/01&racecourse=ST&RaceNo=7,false
2025-01-01_ST_08,2025-01-01_ST,2025-01-01,ST,8,314,Group Three,Group Three - 1400M,1400,,GOOD,"TURF - ""C"" Course",THE CHINESE CLUB CHALLENGE CUP (HANDICAP),4200000,13.27 | 21.48 | 22.93 11.50 11.43 | 23.23 11.29 11.94,https://racing.hkjc.com/en-us/local/information/archive/localresults?racedate=2025/01/01&racecourse=ST&RaceNo=8,false
2025-01-01_ST_09,2025-01-01_ST,2025-01-01,ST,9,315,Class 3,Class 3 - 1200M - (80-60),1200,80-60,GOOD,"TURF - ""C"" Course",CHA KWO LING HANDICAP,1860000,23.92 | 22.24 11.01 11.23 | 23.37 11.32 12.05,https://racing.hkjc.com/en-us/local/information/archive/localresults?racedate=2025/01/01&racecourse=ST&RaceNo=9,false
2025-01-01_ST_10,2025-01-01_ST,2025-01-01,ST,10,316,Class 3,Class 3 - 1200M - (80-60),1200,80-60,GOOD,"TURF - ""C"" Course",CHA KWO LING HANDICAP,1860000,23.96 | 22.15 10.87 11.28 | 23.03 11.12 11.91,https://racing.hkjc.com/en-us/local/information/archive/localresults?racedate=2025/01/01&racecourse=ST&RaceNo=10,false
2025-01-01_ST_11,2025-01-01_ST,2025-01-01,ST,11,317,Class 3,Class 3 - 1600M - (85-60),1600,85-60,GOOD,"TURF - ""C"" Course",CHUK YUEN HANDICAP,2050000,24.67 | 23.65 | 23.52 11.84 11.68 | 23.12 11.44 11.68,https://racing.hkjc.com/en-us/local/information/archive/localresults?racedate=2025/01/01&racecourse=ST&RaceNo=11,false
2025-01-05_ST_01,2025-01-05_ST,2025-01-05,ST,1,318,Class 5,Class 5 - 1200M - (40-0),1200,40-0,GOOD,"TURF - ""C+3"" Course",TSAM CHUK WAN HANDICAP,875000,23.47 | 22.11 10.82 11.29 | 23.82 11.66 12.16,https://racing.hkjc.com/en-us/local/information/archive/localresults?racedate=2025/01/05&racecourse=ST&RaceNo=1,false
2025-01-05_ST_02,2025-01-05_ST,2025-01-05,ST,2,319,Class 4,Class 4 - 1000M - (60-40),1000,60-40,GOOD,"TURF - ""C+3"" Course",TAI MONG TSAI HANDICAP,1170000,13.33 | 20.66 10.18 10.48 | 22.53 10.98 11.55,https://racing.hkjc.com/en-us/local/information/archive/localresults?racedate=2025/01/05&racecourse=ST&RaceNo=2,false
2025-01-05_ST_03,2025-01-05_ST,2025-01-05,ST,3,320,Class 2,Class 2 - 1650M - (105-80),1650,105-80,GOOD,ALL WEATHER TRACK,PAK TAM CHUNG HANDICAP,3120000,28.35 | 23.63 | 23.11 11.55 11.56 | 23.39 11.43 11.96,https://racing.hkjc.com/en-us/local/information/archive/localresults?racedate=2025/01/05&racecourse=ST&RaceNo=3,false
2025-01-05_ST_04,2025-01-05_ST,2025-01-05,ST,4,321,Class 4,Class 4 - 1200M - (60-40),1200,60-40,GOOD,"TURF - ""C+3"" Course",TAI LAM HANDICAP,1170000,23.71 | 22.44 10.99 11.45 | 23.12 11.32 11.80,https://racing.hkjc.com/en-us/local/information/archive/localresults?racedate=2025/01/05&racecourse=ST&RaceNo=4,false
2025-01-05_ST_05,2025-01-05_ST,2025-01-05,ST,5,322,Class 4,Class 4 - 1800M - (60-40),1800,60-40,GOOD,ALL WEATHER TRACK,THE PO LEUNG KUK CUP (HANDICAP),1170000,13.81 | 23.25 | 24.03 | 23.90 11.99 11.91 | 23.72 11.65 12.07,https://racing.hkjc.com/en-us/local/information/archive/localresults?racedate=2025/01/05&racecourse=ST&RaceNo=5,false
2025-01-05_ST_06,2025-01-05_ST,2025-01-05,ST,6,323,Class 3,Class 3 - 1000M - (80-60),1000,80-60,GOOD,"TURF - ""C+3"" Course",TAI TONG SHAN HANDICAP,1860000,13.38 | 20.67 10.24 10.43 | 22.27 10.74 11.53,https://racing.hkjc.com/en-us/local/information/archive/localresults?racedate=2025/01/05&racecourse=ST&RaceNo=6,false
2025-01-05_ST_07,2025-01-05_ST,2025-01-05,ST,7,324,Class 2,Class 2 - 1200M - (105-80),1200,105-80,GOOD,"TURF - ""C+3"" Course",TAI TONG HANDICAP,2840000,23.18 | 22.16 10.74 11.42 | 22.98 11.17 11.81,https://racing.hkjc.com/en-us/local/information/archive/localresults?racedate=2025/01/05&racecourse=ST&RaceNo=7,false
2025-01-05_ST_08,2025-01-05_ST,2025-01-05,ST,8,325,Class 3,Class 3 - 1200M - (80-60),1200,80-60,GOOD,"TURF - ""C+3"" Course",LEIGHTON HANDICAP,1860000,23.93 | 22.85 11.62 11.23 | 22.62 11.12 11.50,https://racing.hkjc.com/en-us/local/information/archive/localresults?racedate=2025/01/05&racecourse=ST&RaceNo=8,false
2025-01-05_ST_09,2025-01-05_ST,2025-01-05,ST,9,326,Class 4,Class 4 - 1400M - (60-40),1400,60-40,GOOD,"TURF - ""C+3"" Course",CAROLINE HILL HANDICAP,1170000,13.43 | 21.51 | 23.28 11.54 11.74 | 23.47 11.47 12.00,https://racing.hkjc.com/en-us/local/information/archive/localresults?racedate=2025/01/05&racecourse=ST&RaceNo=9,false
2025-01-05_ST_10,2025-01-05_ST,2025-01-05,ST,10,327,Class 3,Class 3 - 1400M - (80-60),1400,80-60,GOOD,"TURF - ""C+3"" Course",BROADWOOD HANDICAP,1860000,13.52 | 22.67 | 24.09 12.39 11.70 | 22.07 10.89 11.18,https://racing.hkjc.com/en-us/local/information/archive/localresults?racedate=2025/01/05&racecourse=ST&RaceNo=10,false
2025-01-08_HV_01,2025-01-08_HV,2025-01-08,HV,1,328,Class 5,Class 5 - 1650M - (40-0),1650,40-0,GOOD,"TURF - ""A"" Course",PATERSON HANDICAP,875000,29.28 | 24.90 | 24.50 12.27 12.23 | 23.66 11.83 11.83,https://racing.hkjc.com/en-us/local/information/archive/localresults?racedate=2025/01/08&racecourse=HV&RaceNo=1,false
2025-01-08_HV_02,2025-01-08_HV,2025-01-08,HV,2,329,Class 4,Class 4 - 1200M - (60-40),1200,60-40,GOOD,"TURF - ""A"" Course",GREAT GEORGE HANDICAP,1170000,23.62 | 22.88 11.11 11.77 | 23.29 11.55 11.74,https://racing.hkjc.com/en-us/local/information/archive/localresults?racedate=2025/01/08&racecourse=HV&RaceNo=2,false
2025-01-08_HV_03,2025-01-08_HV,2025-01-08,HV,3,330,Class 4,Class 4 - 1650M - (60-40),1650,60-40,GOOD,"TURF - ""A"" Course",KINGSTON HANDICAP,1170000,28.29 | 23.87 | 24.07 11.79 12.28 | 24.30 12.39 11.91,https://racing.hkjc.com/en-us/local/information/archive/localresults?racedate=2025/01/08&racecourse=HV&RaceNo=3,false
2025-01-08_HV_04,2025-01-08_HV,2025-01-08,HV,4,331,Class 4,Class 4 - 1200M - (60-40),1200,60-40,GOOD,"TURF - ""A"" Course",GREAT GEORGE HANDICAP,1170000,23.92 | 23.03 11.21 11.82 | 23.70 11.72 11.98,https://racing.hkjc.com/en-us/local/information/archive/localresults?racedate=2025/01/08&racecourse=HV&RaceNo=4,false
2025-01-08_HV_05,2025-01-08_HV,2025-01-08,HV,5,332,Class 4,Class 4 - 1200M - (60-40),1200,60-40,GOOD,"TURF - ""A"" Course",GREAT GEORGE HANDICAP,1170000,23.66 | 22.81 11.17 11.64 | 23.92 11.93 11.99,https://racing.hkjc.com/en-us/local/information/archive/localresults?racedate=2025/01/08&racecourse=HV&RaceNo=5,false
2025-01-08_HV_06,2025-01-08_HV,2025-01-08,HV,6,333,Class 4,Class 4 - 1650M - (60-40),1650,60-40,GOOD,"TURF - ""A"" Course",KINGSTON HANDICAP,1170000,28.73 | 24.11 | 24.24 12.02 12.22 | 23.95 11.85 12.10,https://racing.hkjc.com/en-us/local/information/archive/localresults?racedate=2025/01/08&racecourse=HV&RaceNo=6,false
2025-01-08_HV_07,2025-01-08_HV,2025-01-08,HV,7,334,Group Three,Group Three - 1800M,1800,,GOOD,"TURF - ""A"" Course",THE JANUARY CUP (HANDICAP),4200000,13.83 | 23.09 | 24.69 | 23.69 11.67 12.02 | 23.89 12.07 11.82,https://racing.hkjc.com/en-us/local/information/archive/localresults?racedate=2025/01/08&racecourse=HV&RaceNo=7,false
2025-01-08_HV_08,2025-01-08_HV,2025-01-08,HV,8,335,Class 3,Class 3 - 1200M - (80-60),1200,80-60,GOOD,"TURF - ""A"" Course",CAUSEWAY HANDICAP,1860000,23.60 | 22.26 10.76 11.50 | 23.70 11.99 11.71,https://racing.hkjc.com/en-us/local/information/archive/localresults?racedate=2025/01/08&racecourse=HV&RaceNo=8,false
2025-01-08_HV_09,2025-01-08_HV,2025-01-08,HV,9,336,Class 3,Class 3 - 1800M - (80-60),1800,80-60,GOOD,"TURF - ""A"" Course",CLEVELAND HANDICAP,2050000,13.57 | 22.44 | 24.38 | 25.28 12.53 12.75 | 23.89 12.16 11.73,https://racing.hkjc.com/en-us/local/information/archive/localresults?racedate=2025/01/08&racecourse=HV&RaceNo=9,false
2025-01-12_ST_01,2025-01-12_ST,2025-01-12,ST,1,337,Class 5,Class 5 - 1200M - (40-0),1200,40-0,GOOD,ALL WEATHER TRACK,WU KAI SHA HANDICAP,875000,23.28 | 22.15 10.61 11.54 | 24.33 11.79 12.54,https://racing.hkjc.com/en-us/local/information/archive/localresults?racedate=2025/01/12&racecourse=ST&RaceNo=1,false
2025-01-12_ST_02,2025-01-12_ST,2025-01-12,ST,2,338,Class 4,Class 4 - 1200M - (60-40),1200,60-40,GOOD,"TURF - ""C+3"" Course",WU KAU TANG HANDICAP,1170000,24.18 | 22.85 11.32 11.53 | 22.98 11.04 11.94,https://racing.hkjc.com/en-us/local/information/archive/localresults?racedate=2025/01/12&racecourse=ST&RaceNo=2,false
2025-01-12_ST_03,2025-01-12_ST,2025-01-12,ST,3,339,Class 4,Class 4 - 1200M - (60-40),1200,60-40,GOOD,ALL WEATHER TRACK,CHEK KENG HANDICAP,1170000,23.04 | 22.09 10.64 11.45 | 24.08 11.67 12.41,https://racing.hkjc.com/en-us/local/information/archive/localresults?racedate=2025/01/12&racecourse=ST&RaceNo=3,false
2025-01-12_ST_04,2025-01-12_ST,2025-01-12,ST,4,340,Class 4,Class 4 - 1200M - (60-40),1200,60-40,GOOD,"TURF - ""C+3"" Course",WU KAU TANG HANDICAP,1170000,23.55 | 22.21 10.82 11.39 | 23.73 11.42 12.31,https://racing.hkjc.com/en-us/local/information/archive/localresults?racedate=2025/01/12&racecourse=ST&RaceNo=4,false
2025-01-12_ST_05,2025-01-12_ST,2025-01-12,ST,5,341,Class 4,Class 4 - 1400M - (60-40),1400,60-40,GOOD,"TURF - ""C+3"" Course",HUNG HOM BAY HANDICAP,1170000,13.31 | 21.96 | 23.26 11.51 11.75 | 23.45 11.60 11.85,https://racing.hkjc.com/en-us/local/information/archive/localresults?racedate=2025/01/12&racecourse=ST&RaceNo=5,false
2025-01-12_ST_06,2025-01-12_ST,2025-01-12,ST,6,342,Class 3,Class 3 - 1200M - (80-60),1200,80-60,GOOD,ALL WEATHER TRACK,HUNG MUI KUK HANDICAP,1860000,23.25 | 21.95 10.57 11.38 | 23.16 11.00 12.16,https://racing.hkjc.com/en-us/local/information/archive/localresults?racedate=2025/01/12&racecourse=ST&RaceNo=6,false
2025-01-12_ST_07,2025-01-12_ST,2025-01-12,ST,7,343,Class 2,Class 2 - 1400M - (100-80),1400,100-80,GOOD,"TURF - ""C+3"" Course",THE RACING CLUB CUP (HANDICAP),2840000,13.52 | 21.68 | 22.67 11.23 11.44 | 23.02 11.18 11.84,https://racing.hkjc.com/en-us/local/information/archive/localresults?racedate=2025/01/12&racecourse=ST&RaceNo=7,false
2025-01-12_ST_08,2025-01-12_ST,2025-01-12,ST,8,344,Class 3,Class 3 - 1200M - (80-60),1200,80-60,GOOD,"TURF - ""C+3"" Course",HEBE HAVEN HANDICAP,1860000,23.97 | 22.22 11.12 11.10 | 22.92 11.07 11.85,https://racing.hkjc.com/en-us/local/information/archive/localresults?racedate=2025/01/12&racecourse=ST&RaceNo=8,false
2025-01-12_ST_09,2025-01-12_ST,2025-01-12,ST,9,345,Class 3 (Restricted),Class 3 (Restricted) - 1600M - (85-60),1600,85-60,GOOD,"TURF - ""C+3"" Course",PAK SHEK AU HANDICAP,2050000,24.66 | 23.18 | 23.03 11.57 11.46 | 23.32 11.26 12.06,https://racing.hkjc.com/en-us/local/information/archive/localresults?racedate=2025/01/12&racecourse=ST&RaceNo=9,false
2025-01-12_ST_10,2025-01-12_ST,2025-01-12,ST,10,346,Class 3,Class 3 - 1600M - (80-60),1600,80-60,GOOD,"TURF - ""C+3"" Course",PAK TIN HANDICAP,2050000,24.37 | 22.51 | 24.25 12.36 11.89 | 23.33 11.53 11.80,https://racing.hkjc.com/en-us/local/information/archive/localresults?racedate=2025/01/12&racecourse=ST&RaceNo=10,false
2025-01-15_HV_01,2025-01-15_HV,2025-01-15,HV,1,347,Class 5,Class 5 - 1800M - (40-0),1800,40-0,GOOD,"TURF - ""B"" Course",ICE HOUSE HANDICAP,875000,13.79 | 22.30 | 23.68 | 25.52 12.72 12.80 | 24.54 12.35 12.19,https://racing.hkjc.com/en-us/local/information/archive/localresults?racedate=2025/01/15&racecourse=HV&RaceNo=1,false
2025-01-15_HV_02,2025-01-15_HV,2025-01-15,HV,2,348,Class 4,Class 4 - 1800M - (60-40),1800,60-40,GOOD,"TURF - ""B"" Course",LAMBETH HANDICAP,1170000,13.53 | 22.11 | 23.88 | 25.07 12.44 12.63 | 24.60 12.53 12.07,https://racing.hkjc.com/en-us/local/information/archive/localresults?racedate=2025/01/15&racecourse=HV&RaceNo=2,false
2025-01-15_HV_03,2025-01-15_HV,2025-01-15,HV,3,349,Class 4,Class 4 - 1650M - (60-40),1650,60-40,GOOD,"TURF - ""B"" Course",MURRAY HANDICAP,1170000,28.19 | 23.19 | 24.64 12.24 12.40 | 24.09 12.24 11.85,https://racing.hkjc.com/en-us/local/information/archive/localresults?racedate=2025/01/15&racecourse=HV&RaceNo=3,false
2025-01-15_HV_04,2025-01-15_HV,2025-01-15,HV,4,350,Class 2,Class 2 - 1000M - (100-75),1000,100-75,GOOD,"TURF - ""B"" Course",JACKSON HANDICAP,2840000,12.45 | 20.63 09.92 10.71 | 23.35 11.25 12.10,https://racing.hkjc.com/en-us/local/information/archive/localresults?racedate=2025/01/15&racecourse=HV&RaceNo=4,false
2025-01-15_HV_05,2025-01-15_HV,2025-01-15,HV,5,351,Class 4,Class 4 - 1000M - (60-40),1000,60-40,GOOD,"TURF - ""B"" Course",THE HONG KONG CLUB CHALLENGE CUP (HANDICAP),1170000,12.58 | 21.49 10.34 11.15 | 23.10 11.37 11.73,https://racing.hkjc.com/en-us/local/information/archive/localresults?racedate=2025/01/15&racecourse=HV&RaceNo=5,false
2025-01-15_HV_06,2025-01-15_HV,2025-01-15,HV,6,352,Class 4,Class 4 - 1200M - (60-40),1200,60-40,GOOD,"TURF - ""B"" Course",CLUB HANDICAP,1170000,23.75 | 23.16 11.30 11.86 | 23.24 11.64 11.60,https://racing.hkjc.com/en-us/local/information/archive/localresults?racedate=2025/01/15&racecourse=HV&RaceNo=6,false
2025-01-15_HV_07,2025-01-15_HV,2025-01-15,HV,7,353,Class 4,Class 4 - 1200M - (60-40),1200,60-40,GOOD,"TURF - ""B"" Course",CLUB HANDICAP,1170000,23.50 | 22.76 11.11 11.65 | 23.86 11.79 12.07,https://racing.hkjc.com/en-us/local/information/archive/localresults?racedate=2025/01/15&racecourse=HV&RaceNo=7,false
2025-01-15_HV_08,2025-01-15_HV,2025-01-15,HV,8,354,Class 3,Class 3 - 1650M - (80-60),1650,80-60,GOOD,"TURF - ""B"" Course",CHATER HANDICAP,2050000,27.39 | 23.61 | 24.87 12.48 12.39 | 23.70 11.80 11.90,https://racing.hkjc.com/en-us/local/information/archive/localresults?racedate=2025/01/15&racecourse=HV&RaceNo=8,false
2025-01-15_HV_09,2025-01-15_HV,2025-01-15,HV,9,355,Class 3,Class 3 - 1200M - (80-60),1200,80-60,GOOD,"TURF - ""B"" Course",CONNAUGHT HANDICAP,1860000,23.82 | 23.28 11.31 11.97 | 23.13 11.82 11.31,https://racing.hkjc.com/en-us/local/information/archive/localresults?racedate=2025/01/15&racecourse=HV&RaceNo=9,false
2025-01-19_ST_01,2025-01-19_ST,2025-01-19,ST,1,356,Class 4,Class 4 - 1200M - (60-40),1200,60-40,GOOD,"TURF - ""A"" Course",BEAT THE CLOCK HANDICAP,1170000,23.76 | 22.90 11.35 11.55 | 22.76 10.94 11.82,https://racing.hkjc.com/en-us/local/information/archive/localresults?racedate=2025/01/19&racecourse=ST&RaceNo=1,false
2025-01-19_ST_02,2025-01-19_ST,2025-01-19,ST,2,357,Class 4,Class 4 - 1200M - (60-40),1200,60-40,GOOD,"TURF - ""A"" Course",PENIAPHOBIA HANDICAP,1170000,23.89 | 22.82 11.26 11.56 | 23.06 11.33 11.73,https://racing.hkjc.com/en-us/local/information/archive/localresults?racedate=2025/01/19&racecourse=ST&RaceNo=2,false
2025-01-19_ST_03,2025-01-19_ST,2025-01-19,ST,3,358,Class 4,Class 4 - 1600M - (60-40),1600,60-40,GOOD,"TURF - ""A"" Course",HELENE PARAGON HANDICAP,1170000,24.10 | 22.71 | 23.53 11.78 11.75 | 24.12 11.84 12.28,https://racing.hkjc.com/en-us/local/information/archive/localresults?racedate=2025/01/19&racecourse=ST&RaceNo=3,false
2025-01-19_ST_04,2025-01-19_ST,2025-01-19,ST,4,359,Class 4,Class 4 - 1400M - (60-40),1400,60-40,GOOD,"TURF - ""A"" Course",WAIKUKU HANDICAP,1170000,13.30 | 21.21 | 23.23 11.41 11.82 | 23.95 11.72 12.23,https://racing.hkjc.com/en-us/local/information/archive/localresults?racedate=2025/01/19&racecourse=ST&RaceNo=4,false
2025-01-19_ST_05,2025-01-19_ST,2025-01-19,ST,5,360,Class 4,Class 4 - 1400M - (60-40),1400,60-40,GOOD,"TURF - ""A"" Course",SEASONS BLOOM HANDICAP,1170000,13.51 | 21.40 | 23.05 11.43 11.62 | 23.82 11.41 12.41,https://racing.hkjc.com/en-us/local/information/archive/localresults?racedate=2025/01/19&racecourse=ST&RaceNo=5,false
2025-01-19_ST_06,2025-01-19_ST,2025-01-19,ST,6,361,Group One,Group One - 1200M,1200,,GOOD,"TURF - ""A"" Course",THE CENTENARY SPRINT CUP,13000000,23.30 | 21.54 10.78 10.76 | 22.36 10.59 11.77,https://racing.hkjc.com/en-us/local/information/archive/localresults?racedate=2025/01/19&racecourse=ST&RaceNo=6,false
2025-01-19_ST_07,2025-01-19_ST,2025-01-19,ST,7,362,Class 3,Class 3 - 1400M - (80-60),1400,80-60,GOOD TO FIRM,"TURF - ""A"" Course",SOUND PRINT HANDICAP,1860000,13.56 | 21.81 | 22.85 11.40 11.45 | 23.25 11.34 11.91,https://racing.hkjc.com/en-us/local/information/archive/localresults?racedate=2025/01/19&racecourse=ST&RaceNo=7,false
2025-01-19_ST_08,2025-01-19_ST,2025-01-19,ST,8,363,Group One,Group One - 1600M,1600,,GOOD TO FIRM,"TURF - ""A"" Course",THE STEWARDS' CUP,13000000,24.57 | 22.78 | 23.99 12.15 11.84 | 22.24 10.74 11.50,https://racing.hkjc.com/en-us/local/information/archive/localresults?racedate=2025/01/19&racecourse=ST&RaceNo=8,false
2025-01-19_ST_09,2025-01-19_ST,2025-01-19,ST,9,364,Class 3,Class 3 - 1400M - (80-60),1400,80-60,GOOD TO FIRM,"TURF - ""A"" Course",MR VITALITY HANDICAP,1860000,13.52 | 21.61 | 23.76 11.96 11.80 | 22.70 11.28 11.42,https://racing.hkjc.com/en-us/local/information/archive/localresults?racedate=2025/01/19&racecourse=ST&RaceNo=9,false
2025-01-19_ST_10,2025-01-19_ST,2025-01-19,ST,10,365,Class 2,Class 2 - 2000M - (95-70),2000,95-70,GOOD TO FIRM,"TURF - ""A"" Course",ABLE FRIEND HANDICAP,3120000,25.48 | 24.16 | 24.30 | 23.53 11.87 11.66 | 23.42 11.35 12.07,https://racing.hkjc.com/en-us/local/information/archive/localresults?racedate=2025/01/19&racecourse=ST&RaceNo=10,false
2025-01-19_ST_11,2025-01-19_ST,2025-01-19,ST,11,366,Class 3,Class 3 - 1200M - (80-60),1200,80-60,GOOD TO FIRM,"TURF - ""A"" Course",AEROVELOCITY HANDICAP,1860000,24.43 | 22.72 11.33 11.39 | 22.41 10.88 11.53,https://racing.hkjc.com/en-us/local/information/archive/localresults?racedate=2025/01/19&racecourse=ST&RaceNo=11,false
2025-01-22_HV_01,2025-01-22_HV,2025-01-22,HV,1,367,Class 5,Class 5 - 1000M - (40-0),1000,40-0,GOOD,"TURF - ""C"" Course",SHAN KWONG ROAD PARK HANDICAP,875000,12.75 | 21.52 10.38 11.14 | 22.85 11.22 11.63,https://racing.hkjc.com/en-us/local/information/archive/localresults?racedate=2025/01/22&racecourse=HV&RaceNo=1,false
2025-01-22_HV_02,2025-01-22_HV,2025-01-22,HV,2,368,Class 4,Class 4 - 1200M - (60-40),1200,60-40,GOOD,"TURF - ""C"" Course",KOWLOON PARK HANDICAP,1170000,23.19 | 22.78 11.18 11.60 | 24.14 11.77 12.37,https://racing.hkjc.com/en-us/local/information/archive/localresults?racedate=2025/01/22&racecourse=HV&RaceNo=2,false
2025-01-22_HV_03,2025-01-22_HV,2025-01-22,HV,3,369,Class 4,Class 4 - 1200M - (60-40),1200,60-40,GOOD,"TURF - ""C"" Course",KOWLOON PARK HANDICAP,1170000,23.91 | 22.76 11.10 11.66 | 23.32 11.58 11.74,https://racing.hkjc.com/en-us/local/information/archive/localresults?racedate=2025/01/22&racecourse=HV&RaceNo=3,false
2025-01-22_HV_04,2025-01-22_HV,2025-01-22,HV,4,370,Class 4,Class 4 - 1650M - (60-40),1650,60-40,GOOD,"TURF - ""C"" Course",MORSE PARK HANDICAP,1170000,27.93 | 24.79 | 24.09 12.00 12.09 | 23.80 11.74 12.06,https://racing.hkjc.com/en-us/local/information/archive/localresults?racedate=2025/01/22&racecourse=HV&RaceNo=4,false
2025-01-22_HV_05,2025-01-22_HV,2025-01-22,HV,5,371,Class 4,Class 4 - 1200M - (60-40),1200,60-40,GOOD,"TURF - ""C"" Course",KOWLOON PARK HANDICAP,1170000,23.71 | 22.99 11.34 11.65 | 23.77 11.71 12.06,https://racing.hkjc.com/en-us/local/information/archive/localresults?racedate=2025/01/22&racecourse=HV&RaceNo=5,false
2025-01-22_HV_06,2025-01-22_HV,2025-01-22,HV,6,372,Class 4,Class 4 - 1650M - (60-40),1650,60-40,GOOD,"TURF - ""C"" Course",MORSE PARK HANDICAP,1170000,27.94 | 23.50 | 24.68 12.28 12.40 | 23.84 11.88 11.96,https://racing.hkjc.com/en-us/local/information/archive/localresults?racedate=2025/01/22&racecourse=HV&RaceNo=6,false
2025-01-22_HV_07,2025-01-22_HV,2025-01-22,HV,7,373,Class 3,Class 3 - 1800M - (80-60),1800,80-60,GOOD,"TURF - ""C"" Course",HONG KONG PARK HANDICAP,2050000,13.89 | 23.62 | 24.31 | 24.42 12.46 11.96 | 23.50 11.63 11.87,https://racing.hkjc.com/en-us/local/information/archive/localresults?racedate=2025/01/22&racecourse=HV&RaceNo=7,false
2025-01-22_HV_08,2025-01-22_HV,2025-01-22,HV,8,374,Class 3,Class 3 - 1200M - (80-60),1200,80-60,GOOD,"TURF - ""C"" Course",VICTORIA PARK HANDICAP,1860000,23.68 | 23.08 11.35 11.73 | 22.84 11.25 11.59,https://racing.hkjc.com/en-us/local/information/archive/localresults?racedate=2025/01/22&racecourse=HV&RaceNo=8,false
2025-01-22_HV_09,2025-01-22_HV,2025-01-22,HV,9,375,Class 3,Class 3 - 1200M - (80-60),1200,80-60,GOOD,"TURF - ""C"" Course",VICTORIA PARK HANDICAP,1860000,23.48 | 22.50 11.03 11.47 | 23.54 11.57 11.97,https://racing.hkjc.com/en-us/local/information/archive/localresults?racedate=2025/01/22&racecourse=HV&RaceNo=9,false
2025-01-26_ST_01,2025-01-26_ST,2025-01-26,ST,1,376,Class 5,Class 5 - 1650M - (40-0),1650,40-0,SEALED,ALL WEATHER TRACK,PARA SWIMMING 1650M HANDICAP,875000,27.53 | 22.38 | 24.09 11.83 12.26 | 25.59 12.45 13.14,https://racing.hkjc.com/en-us/local/information/archive/localresults?racedate=2025/01/26&racecourse=ST&RaceNo=1,false
2025-01-26_ST_02,2025-01-26_ST,2025-01-26,ST,2,377,Class 5,Class 5 - 1400M - (40-0),1400,40-0,GOOD,"TURF - ""A+3"" Course",PARA TABLE TENNIS 1400M HANDICAP,875000,13.40 | 21.54 | 23.50 11.65 11.85 | 24.34 11.87 12.47,https://racing.hkjc.com/en-us/local/information/archive/localresults?racedate=2025/01/26&racecourse=ST&RaceNo=2,false
2025-01-26_ST_03,2025-01-26_ST,2025-01-26,ST,3,378,Class 2,Class 2 - 1600M - (100-75),1600,100-75,GOOD,"TURF - ""A+3"" Course","THE PARIS 2024 PARALYMPIC GAMES HONG KONG, CHINA TEAM CELEBRATION CUP (HANDICAP)",3120000,25.03 | 22.61 | 23.45 11.62 11.83 | 23.55 11.49 12.06,https://racing.hkjc.com/en-us/local/information/archive/localresults?racedate=2025/01/26&racecourse=ST&RaceNo=3,false
2025-01-26_ST_04,2025-01-26_ST,2025-01-26,ST,4,379,Class 4,Class 4 - 1000M - (60-40),1000,60-40,GOOD,"TURF - ""A+3"" Course",PARA ATHLETICS 1000M HANDICAP,1170000,13.16 | 21.10 10.40 10.70 | 23.00 11.07 11.93,https://racing.hkjc.com/en-us/local/information/archive/localresults?racedate=2025/01/26&racecourse=ST&RaceNo=4,false
2025-01-26_ST_05,2025-01-26_ST,2025-01-26,ST,5,380,Class 4,Class 4 - 2000M - (60-40),2000,60-40,GOOD,"TURF - ""A+3"" Course",I'MPOSSIBLE 2000M HANDICAP,1170000,26.59 | 24.15 | 23.65 | 24.09 12.12 11.97 | 24.10 11.69 12.41,https://racing.hkjc.com/en-us/local/information/archive/localresults?racedate=2025/01/26&racecourse=ST&RaceNo=5,false
2025-01-26_ST_06,2025-01-26_ST,2025-01-26,ST,6,381,Class 4,Class 4 - 1400M - (60-40),1400,60-40,GOOD,"TURF - ""A+3"" Course",PARA BADMINTON 1400M HANDICAP,1170000,13.57 | 22.13 | 23.44 11.71 11.73 | 22.94 11.23 11.71,https://racing.hkjc.com/en-us/local/information/archive/localresults?racedate=2025/01/26&racecourse=ST&RaceNo=6,false
2025-01-26_ST_07,2025-01-26_ST,2025-01-26,ST,7,382,Class 4,Class 4 - 1650M - (60-40),1650,60-40,GOOD,ALL WEATHER TRACK,BOCCIA 1650M HANDICAP,1170000,27.93 | 22.46 | 23.73 11.93 11.80 | 24.78 12.09 12.69,https://racing.hkjc.com/en-us/local/information/archive/localresults?racedate=2025/01/26&racecourse=ST&RaceNo=7,false
2025-01-26_ST_08,2025-01-26_ST,2025-01-26,ST,8,383,Class 2,Class 2 - 1200M - (100-80),1200,100-80,GOOD,"TURF - ""A+3"" Course",PARA EQUESTRIAN 1200M HANDICAP,2840000,23.20 | 22.25 10.93 11.32 | 23.86 11.40 12.46,https://racing.hkjc.com/en-us/local/information/archive/localresults?racedate=2025/01/26&racecourse=ST&RaceNo=8,false
2025-01-26_ST_09,2025-01-26_ST,2025-01-26,ST,9,384,Class 3,Class 3 - 1000M - (80-60),1000,80-60,GOOD,"TURF - ""A+3"" Course",WHEELCHAIR FENCING 1000M HANDICAP,1860000,13.18 | 21.07 10.39 10.68 | 23.16 11.17 11.99,https://racing.hkjc.com/en-us/local/information/archive/localresults?racedate=2025/01/26&racecourse=ST&RaceNo=9,false
2025-01-26_ST_10,2025-01-26_ST,2025-01-26,ST,10,385,Class 3,Class 3 - 1200M - (80-60),1200,80-60,GOOD,"TURF - ""A+3"" Course",PARA ARCHERY 1200M HANDICAP,1860000,23.86 | 22.78 11.25 11.53 | 23.04 11.13 11.91,https://racing.hkjc.com/en-us/local/information/archive/localresults?racedate=2025/01/26&racecourse=ST&RaceNo=10,false
2025-01-26_ST_11,2025-01-26_ST,2025-01-26,ST,11,386,Class 3,Class 3 - 1650M - (80-60),1650,80-60,GOOD,ALL WEATHER TRACK,PARALYMPIC VALUE 1650M HANDICAP,2050000,27.64 | 22.48 | 23.87 11.65 12.22 | 24.64 12.13 12.51,https://racing.hkjc.com/en-us/local/information/archive/localresults?racedate=2025/01/26&racecourse=ST&RaceNo=11,false
2025-01-31_ST_01,2025-01-31_ST,2025-01-31,ST,1,387,Class 5,Class 5 - 1200M - (40-0),1200,40-0,GOOD,"TURF - ""B+2"" Course",KUNG HEI HANDICAP,875000,23.75 | 22.46 10.99 11.47 | 23.88 11.54 12.34,https://racing.hkjc.com/en-us/local/information/archive/localresults?racedate=2025/01/31&racecourse=ST&RaceNo=1,false
2025-01-31_ST_02,2025-01-31_ST,2025-01-31,ST,2,388,Class 4,Class 4 - 1200M - (60-40),1200,60-40,GOOD,"TURF - ""B+2"" Course",FAT CHOI HANDICAP,1170000,23.49 | 22.61 11.06 11.55 | 23.81 11.56 12.25,https://racing.hkjc.com/en-us/local/information/archive/localresults?racedate=2025/01/31&racecourse=ST&RaceNo=2,false
2025-01-31_ST_03,2025-01-31_ST,2025-01-31,ST,3,389,Class 4,Class 4 - 1600M - (60-40),1600,60-40,GOOD,"TURF - ""B+2"" Course",GOOD FORTUNE HANDICAP,1170000,23.81 | 23.19 | 24.16 12.32 11.84 | 23.85 11.53 12.32,https://racing.hkjc.com/en-us/local/information/archive/localresults?racedate=2025/01/31&racecourse=ST&RaceNo=3,false
2025-01-31_ST_04,2025-01-31_ST,2025-01-31,ST,4,390,Group Three,Group Three - 1800M,1800,,GOOD,"TURF - ""B+2"" Course",THE CENTENARY VASE (HANDICAP),4200000,14.39 | 22.41 | 23.26 | 23.24 11.64 11.60 | 23.37 11.39 11.98,https://racing.hkjc.com/en-us/local/information/archive/localresults?racedate=2025/01/31&racecourse=ST&RaceNo=4,false
2025-01-31_ST_05,2025-01-31_ST,2025-01-31,ST,5,391,Class 4,Class 4 - 1400M - (60-40),1400,60-40,GOOD,"TURF - ""B+2"" Course",PROSPERITY HANDICAP,1170000,13.58 | 21.56 | 23.60 11.76 11.84 | 23.64 11.50 12.14,https://racing.hkjc.com/en-us/local/information/archive/localresults?racedate=2025/01/31&racecourse=ST&RaceNo=5,false
2025-01-31_ST_06,2025-01-31_ST,2025-01-31,ST,6,392,Class 2,Class 2 - 1400M - (105-80),1400,105-80,GOOD,"TURF - ""B+2"" Course",THE CHINESE NEW YEAR CUP (HANDICAP),2840000,13.25 | 21.02 | 23.64 11.81 11.83 | 23.38 11.37 12.01,https://racing.hkjc.com/en-us/local/information/archive/localresults?racedate=2025/01/31&racecourse=ST&RaceNo=6,false
2025-01-31_ST_07,2025-01-31_ST,2025-01-31,ST,7,393,Class 4,Class 4 - 1200M - (60-40),1200,60-40,GOOD,"TURF - ""B+2"" Course",FAT CHOI HANDICAP,1170000,23.85 | 22.38 11.04 11.34 | 23.25 11.25 12.00,https://racing.hkjc.com/en-us/local/information/archive/localresults?racedate=2025/01/31&racecourse=ST&RaceNo=7,false
2025-01-31_ST_08,2025-01-31_ST,2025-01-31,ST,8,394,4 Year Olds,4 Year Olds - 1600M,1600,,GOOD,"TURF - ""B+2"" Course",THE HONG KONG CLASSIC MILE,13000000,24.17 | 23.15 | 23.94 12.20 11.74 | 22.72 10.98 11.74,https://racing.hkjc.com/en-us/local/information/archive/localresults?racedate=2025/01/31&racecourse=ST&RaceNo=8,false
2025-01-31_ST_09,2025-01-31_ST,2025-01-31,ST,9,395,Class 3,Class 3 - 1600M - (80-60),1600,80-60,GOOD,"TURF - ""B+2"" Course",RED PACKET HANDICAP,2050000,25.24 | 23.69 | 24.28 12.59 11.69 | 22.27 10.82 11.45,https://racing.hkjc.com/en-us/local/information/archive/localresults?racedate=2025/01/31&racecourse=ST&RaceNo=9,false
2025-01-31_ST_10,2025-01-31_ST,2025-01-31,ST,10,396,Class 3,Class 3 - 1200M - (80-60),1200,80-60,GOOD,"TURF - ""B+2"" Course",YUE YEE HANDICAP,1860000,24.08 | 22.39 11.12 11.27 | 22.76 11.14 11.62,https://racing.hkjc.com/en-us/local/information/archive/localresults?racedate=2025/01/31&racecourse=ST&RaceNo=10,false
2025-01-31_ST_11,2025-01-31_ST,2025-01-31,ST,11,397,Class 3,Class 3 - 1400M - (80-60),1400,80-60,GOOD,"TURF - ""B+2"" Course",KUT CHEONG HANDICAP,1860000,13.51 | 21.96 | 22.80 11.45 11.35 | 23.06 11.38 11.68,https://racing.hkjc.com/en-us/local/information/archive/localresults?racedate=2025/01/31&racecourse=ST&RaceNo=11,false
2025-02-05_HV_01,2025-02-05_HV,2025-02-05,HV,1,398,Class 5,Class 5 - 1650M - (40-0),1650,40-0,GOOD,"TURF - ""A"" Course",HUNG TO HANDICAP,875000,28.09 | 23.98 | 24.49 12.28 12.21 | 24.16 11.90 12.26,https://racing.hkjc.com/en-us/local/information/archive/localresults?racedate=2025/02/05&racecourse=HV&RaceNo=1,false
2025-02-05_HV_02,2025-02-05_HV,2025-02-05,HV,2,399,Class 4,Class 4 - 1200M - (60-40),1200,60-40,GOOD,"TURF - ""A"" Course",WAI YIP HANDICAP,1170000,23.57 | 22.43 10.65 11.78 | 23.93 12.08 11.85,https://racing.hkjc.com/en-us/local/information/archive/localresults?racedate=2025/02/05&racecourse=HV&RaceNo=2,false
2025-02-05_HV_03,2025-02-05_HV,2025-02-05,HV,3,400,Class 4,Class 4 - 1200M - (60-40),1200,60-40,GOOD,"TURF - ""A"" Course",WAI YIP HANDICAP,1170000,23.65 | 22.33 10.95 11.38 | 24.00 11.97 12.03,https://racing.hkjc.com/en-us/local/information/archive/localresults?racedate=2025/02/05&racecourse=HV&RaceNo=3,false
2025-02-05_HV_04,2025-02-05_HV,2025-02-05,HV,4,401,Class 2,Class 2 - 1650M - (100-80),1650,100-80,GOOD,"TURF - ""A"" Course",TSUN YIP HANDICAP,3120000,28.45 | 24.04 | 23.82 12.25 11.57 | 23.39 11.62 11.77,https://racing.hkjc.com/en-us/local/information/archive/localresults?racedate=2025/02/05&racecourse=HV&RaceNo=4,false
2025-02-05_HV_05,2025-02-05_HV,2025-02-05,HV,5,402,Class 4,Class 4 - 1200M - (60-40),1200,60-40,GOOD,"TURF - ""A"" Course",THE VOLUNTEERS' CHALLENGE CUP (HANDICAP),1170000,23.70 | 22.57 10.86 11.71 | 23.87 11.86 12.01,https://racing.hkjc.com/en-us/local/information/archive/localresults?racedate=2025/02/05&racecourse=HV&RaceNo=5,false
2025-02-05_HV_06,2025-02-05_HV,2025-02-05,HV,6,403,Class 4,Class 4 - 1800M - (60-40),1800,60-40,GOOD,"TURF - ""A"" Course",HOI YUEN HANDICAP,1170000,13.76 | 22.85 | 24.86 | 24.01 11.94 12.07 | 24.11 12.16 11.95,https://racing.hkjc.com/en-us/local/information/archive/localresults?racedate=2025/02/05&racecourse=HV&RaceNo=6,false
2025-02-05_HV_07,2025-02-05_HV,2025-02-05,HV,7,404,Class 3,Class 3 - 1000M - (80-60),1000,80-60,GOOD,"TURF - ""A"" Course",MUT WAH HANDICAP,1860000,12.51 | 20.72 10.08 10.64 | 23.42 11.50 11.92,https://racing.hkjc.com/en-us/local/information/archive/localresults?racedate=2025/02/05&racecourse=HV&RaceNo=7,false
2025-02-05_HV_08,2025-02-05_HV,2025-02-05,HV,8,405,Class 3,Class 3 - 1650M - (80-60),1650,80-60,GOOD,"TURF - ""A"" Course",YUE MAN HANDICAP,2050000,28.44 | 24.20 | 24.06 11.92 12.14 | 23.32 11.54 11.78,https://racing.hkjc.com/en-us/local/information/archive/localresults?racedate=2025/02/05&racecourse=HV&RaceNo=8,false
2025-02-05_HV_09,2025-02-05_HV,2025-02-05,HV,9,406,Class 3,Class 3 - 1200M - (80-60),1200,80-60,GOOD,"TURF - ""A"" Course",SHUI WO HANDICAP,1860000,23.78 | 23.27 11.22 12.05 | 22.86 11.38 11.48,https://racing.hkjc.com/en-us/local/information/archive/localresults?racedate=2025/02/05&racecourse=HV&RaceNo=9,false
2025-02-09_ST_01,2025-02-09_ST,2025-02-09,ST,1,407,Class 5,Class 5 - 1400M - (40-0),1400,40-0,GOOD,"TURF - ""C"" Course",TVB LOK SIN TONG CHARITY CORNER HANDICAP,875000,13.54 | 21.77 | 23.41 11.58 11.83 | 23.72 11.64 12.08,https://racing.hkjc.com/en-us/local/information/archive/localresults?racedate=2025/02/09&racecourse=ST&RaceNo=1,false
2025-02-09_ST_02,2025-02-09_ST,2025-02-09,ST,2,408,Class 4,Class 4 - 1400M - (60-40),1400,60-40,GOOD,"TURF - ""C"" Course",TVB YAN OI TONG CHARITY SHOW HANDICAP,1170000,13.85 | 22.18 | 23.64 11.73 11.91 | 22.74 11.16 11.58,https://racing.hkjc.com/en-us/local/information/archive/localresults?racedate=2025/02/09&racecourse=ST&RaceNo=2,false
2025-02-09_ST_03,2025-02-09_ST,2025-02-09,ST,3,409,Class 4,Class 4 - 1000M - (60-40),1000,60-40,GOOD,"TURF - ""C"" Course",TVB YAN CHAI CHARITY SHOW HANDICAP,1170000,13.04 | 20.89 10.21 10.68 | 22.67 11.09 11.58,https://racing.hkjc.com/en-us/local/information/archive/localresults?racedate=2025/02/09&racecourse=ST&RaceNo=3,false
2025-02-09_ST_04,2025-02-09_ST,2025-02-09,ST,4,410,Class 4,Class 4 - 1400M - (60-40),1400,60-40,GOOD,"TURF - ""C"" Course",TVB TUNG WAH CELEBRITY SHOW HANDICAP,1170000,13.33 | 21.95 | 23.11 11.45 11.66 | 23.60 11.62 11.98,https://racing.hkjc.com/en-us/local/information/archive/localresults?racedate=2025/02/09&racecourse=ST&RaceNo=4,false
2025-02-09_ST_05,2025-02-09_ST,2025-02-09,ST,5,411,Class 4,Class 4 - 1200M - (60-40),1200,60-40,GOOD,"TURF - ""C"" Course",TVB POK OI CHARITY SHOW HANDICAP,1170000,23.91 | 22.28 10.88 11.40 | 23.33 11.28 12.05,https://racing.hkjc.com/en-us/local/information/archive/localresults?racedate=2025/02/09&racecourse=ST&RaceNo=5,false
2025-02-09_ST_06,2025-02-09_ST,2025-02-09,ST,6,412,Class 4,Class 4 - 1200M - (60-40),1200,60-40,GOOD,"TURF - ""C"" Course",TVB PO LEUNG KUK GALA SPECTACULAR HANDICAP,1170000,23.95 | 22.13 10.81 11.32 | 23.15 11.28 11.87,https://racing.hkjc.com/en-us/local/information/archive/localresults?racedate=2025/02/09&racecourse=ST&RaceNo=6,false
2025-02-09_ST_07,2025-02-09_ST,2025-02-09,ST,7,413,Class 3,Class 3 - 1400M - (80-60),1400,80-60,GOOD,"TURF - ""C"" Course",TVB TUNG WAH CHARITY SHOW HANDICAP,1860000,13.53 | 21.98 | 23.38 11.70 11.68 | 22.41 10.82 11.59,https://racing.hkjc.com/en-us/local/information/archive/localresults?racedate=2025/02/09&racecourse=ST&RaceNo=7,false
2025-02-09_ST_08,2025-02-09_ST,2025-02-09,ST,8,414,Class 1,Class 1 - 1200M - (110-85),1200,110-85,GOOD,"TURF - ""C"" Course",THE TVB CUP (HANDICAP),3720000,23.76 | 22.36 10.99 11.37 | 22.35 10.90 11.45,https://racing.hkjc.com/en-us/local/information/archive/localresults?racedate=2025/02/09&racecourse=ST&RaceNo=8,false
2025-02-09_ST_09,2025-02-09_ST,2025-02-09,ST,9,415,Class 3,Class 3 - 1800M - (85-60),1800,85-60,GOOD,"TURF - ""C"" Course","TVB MIDLIFE, SING & SHINE 3 HANDICAP",2050000,13.62 | 21.58 | 23.45 | 23.80 12.01 11.79 | 24.36 11.66 12.70,https://racing.hkjc.com/en-us/local/information/archive/localresults?racedate=2025/02/09&racecourse=ST&RaceNo=9,false
2025-02-09_ST_10,2025-02-09_ST,2025-02-09,ST,10,416,Class 3,Class 3 - 1200M - (80-60),1200,80-60,GOOD,"TURF - ""C"" Course",TVB HEROES IN WHITE HANDICAP,1860000,24.09 | 22.36 10.96 11.40 | 22.86 10.92 11.94,https://racing.hkjc.com/en-us/local/information/archive/localresults?racedate=2025/02/09&racecourse=ST&RaceNo=10,false
2025-02-09_ST_11,2025-02-09_ST,2025-02-09,ST,11,417,Class 3,Class 3 - 1400M - (80-60),1400,80-60,GOOD,"TURF - ""C"" Course",TVB THE FADING GOLD HANDICAP,1860000,13.11 | 22.11 | 22.99 11.43 11.56 | 23.33 11.39 11.94,https://racing.hkjc.com/en-us/local/information/archive/localresults?racedate=2025/02/09&racecourse=ST&RaceNo=11,false
2025-02-12_ST_01,2025-02-12_ST,2025-02-12,ST,1,418,Class 5,Class 5 - 1200M - (40-0),1200,40-0,WET SLOW,ALL WEATHER TRACK,DIAMOND HILL HANDICAP,875000,23.70 | 22.62 11.05 11.57 | 24.77 11.99 12.78,https://racing.hkjc.com/en-us/local/information/archive/localresults?racedate=2025/02/12&racecourse=ST&RaceNo=1,false
2025-02-12_ST_02,2025-02-12_ST,2025-02-12,ST,2,419,Class 5,Class 5 - 1200M - (40-0),1200,40-0,WET SLOW,ALL WEATHER TRACK,DIAMOND HILL HANDICAP,875000,23.43 | 22.76 11.08 11.68 | 24.62 11.86 12.76,https://racing.hkjc.com/en-us/local/information/archive/localresults?racedate=2025/02/12&racecourse=ST&RaceNo=2,false
2025-02-12_ST_03,2025-02-12_ST,2025-02-12,ST,3,420,Class 4,Class 4 - 1200M - (60-40),1200,60-40,WET SLOW,ALL WEATHER TRACK,KAM SHAN HANDICAP,1170000,23.33 | 22.89 10.88 12.01 | 24.47 12.19 12.28,https://racing.hkjc.com/en-us/local/information/archive/localresults?racedate=2025/02/12&racecourse=ST&RaceNo=3,false
2025-02-12_ST_04,2025-02-12_ST,2025-02-12,ST,4,421,Class 4,Class 4 - 1800M - (60-40),1800,60-40,WET SLOW,ALL WEATHER TRACK,SILVERMINE BAY HANDICAP,1170000,13.81 | 23.16 | 24.84 | 24.99 12.44 12.55 | 24.03 12.02 12.01,https://racing.hkjc.com/en-us/local/information/archive/localresults?racedate=2025/02/12&racecourse=ST&RaceNo=4,false
2025-02-12_ST_05,2025-02-12_ST,2025-02-12,ST,5,422,Class 4,Class 4 - 1200M - (60-40),1200,60-40,WET SLOW,ALL WEATHER TRACK,KAM SHAN HANDICAP,1170000,23.55 | 22.48 10.82 11.66 | 24.46 11.91 12.55,https://racing.hkjc.com/en-us/local/information/archive/localresults?racedate=2025/02/12&racecourse=ST&RaceNo=5,false
2025-02-12_ST_06,2025-02-12_ST,2025-02-12,ST,6,423,Class 4,Class 4 - 1650M - (60-40),1650,60-40,WET SLOW,ALL WEATHER TRACK,PO SHEK WU HANDICAP,1170000,27.77 | 23.79 | 24.37 12.15 12.22 | 24.80 12.00 12.80,https://racing.hkjc.com/en-us/local/information/archive/localresults?racedate=2025/02/12&racecourse=ST&RaceNo=6,false
2025-02-12_ST_07,2025-02-12_ST,2025-02-12,ST,7,424,Class 2,Class 2 - 1200M - (105-80),1200,105-80,WET SLOW,ALL WEATHER TRACK,TIN CHAK HANDICAP,2840000,23.48 | 22.48 11.10 11.38 | 24.02 11.62 12.40,https://racing.hkjc.com/en-us/local/information/archive/localresults?racedate=2025/02/12&racecourse=ST&RaceNo=7,false
2025-02-12_ST_08,2025-02-12_ST,2025-02-12,ST,8,425,Class 3,Class 3 - 1200M - (80-60),1200,80-60,WET SLOW,ALL WEATHER TRACK,SHUI CHUEN O HANDICAP,1860000,23.60 | 22.45 10.91 11.54 | 24.09 11.86 12.23,https://racing.hkjc.com/en-us/local/information/archive/localresults?racedate=2025/02/12&racecourse=ST&RaceNo=8,false
2025-02-12_ST_09,2025-02-12_ST,2025-02-12,ST,9,426,Class 3,Class 3 - 1650M - (85-60),1650,85-60,WET SLOW,ALL WEATHER TRACK,GREEN ISLAND HANDICAP,2050000,28.04 | 22.32 | 24.94 12.36 12.58 | 26.06 12.77 13.29,https://racing.hkjc.com/en-us/local/information/archive/localresults?racedate=2025/02/12&racecourse=ST&RaceNo=9,false
2025-02-16_ST_01,2025-02-16_ST,2025-02-16,ST,1,427,Class 5,Class 5 - 1600M - (40-0),1600,40-0,GOOD TO FIRM,"TURF - ""C+3"" Course",CAMELLIA HANDICAP,875000,24.32 | 22.36 | 23.41 11.50 11.91 | 24.38 11.83 12.55,https://racing.hkjc.com/en-us/local/information/archive/localresults?racedate=2025/02/16&racecourse=ST&RaceNo=1,false
2025-02-16_ST_02,2025-02-16_ST,2025-02-16,ST,2,428,Class 4,Class 4 - 1200M - (60-40),1200,60-40,GOOD TO FIRM,"TURF - ""C+3"" Course",DAISY HANDICAP,1170000,23.64 | 22.30 11.04 11.26 | 22.83 11.07 11.76,https://racing.hkjc.com/en-us/local/information/archive/localresults?racedate=2025/02/16&racecourse=ST&RaceNo=2,false
2025-02-16_ST_03,2025-02-16_ST,2025-02-16,ST,3,429,Class 4,Class 4 - 1200M - (60-40),1200,60-40,GOOD TO FIRM,"TURF - ""C+3"" Course",DAISY HANDICAP,1170000,23.42 | 22.43 11.01 11.42 | 23.02 11.15 11.87,https://racing.hkjc.com/en-us/local/information/archive/localresults?racedate=2025/02/16&racecourse=ST&RaceNo=3,false
2025-02-16_ST_04,2025-02-16_ST,2025-02-16,ST,4,430,Class 4,Class 4 - 1400M - (60-40),1400,60-40,GOOD TO FIRM,"TURF - ""C+3"" Course",JASMINE HANDICAP,1170000,13.40 | 21.41 | 22.98 11.32 11.66 | 23.67 11.65 12.02,https://racing.hkjc.com/en-us/local/information/archive/localresults?racedate=2025/02/16&racecourse=ST&RaceNo=4,false
2025-02-16_ST_05,2025-02-16_ST,2025-02-16,ST,5,431,Class 4,Class 4 - 1400M - (60-40),1400,60-40,GOOD TO FIRM,"TURF - ""C+3"" Course",JASMINE HANDICAP,1170000,13.69 | 21.55 | 22.61 11.31 11.30 | 23.62 11.65 11.97,https://racing.hkjc.com/en-us/local/information/archive/localresults?racedate=2025/02/16&racecourse=ST&RaceNo=5,false
2025-02-16_ST_06,2025-02-16_ST,2025-02-16,ST,6,432,Class 4,Class 4 - 1800M - (60-40),1800,60-40,GOOD TO FIRM,"TURF - ""C+3"" Course",LOTUS HANDICAP,1170000,13.53 | 21.53 | 23.30 | 24.65 12.40 12.25 | 23.72 11.78 11.94,https://racing.hkjc.com/en-us/local/information/archive/localresults?racedate=2025/02/16&racecourse=ST&RaceNo=6,false
2025-02-16_ST_07,2025-02-16_ST,2025-02-16,ST,7,433,Class 3,Class 3 - 1800M - (80-60),1800,80-60,GOOD TO FIRM,"TURF - ""C+3"" Course",MARIGOLD HANDICAP,2050000,13.80 | 22.17 | 24.00 | 23.94 12.23 11.71 | 23.04 11.16 11.88,https://racing.hkjc.com/en-us/local/information/archive/localresults?racedate=2025/02/16&racecourse=ST&RaceNo=7,false
2025-02-16_ST_08,2025-02-16_ST,2025-02-16,ST,8,434,Class 2,Class 2 - 1600M - (100-80),1600,100-80,GOOD TO FIRM,"TURF - ""C+3"" Course",THE HEUNG YEE KUK CUP (HANDICAP),3120000,24.41 | 22.93 | 23.34 11.72 11.62 | 22.91 11.32 11.59,https://racing.hkjc.com/en-us/local/information/archive/localresults?racedate=2025/02/16&racecourse=ST&RaceNo=8,false
2025-02-16_ST_09,2025-02-16_ST,2025-02-16,ST,9,435,Class 3,Class 3 - 1000M - (80-60),1000,80-60,GOOD TO FIRM,"TURF - ""C+3"" Course",OSMANTHUS HANDICAP,1860000,13.05 | 20.59 10.19 10.40 | 22.51 10.99 11.52,https://racing.hkjc.com/en-us/local/information/archive/localresults?racedate=2025/02/16&racecourse=ST&RaceNo=9,false
2025-02-16_ST_10,2025-02-16_ST,2025-02-16,ST,10,436,Class 3,Class 3 - 1200M - (85-60),1200,85-60,GOOD TO FIRM,"TURF - ""C+3"" Course",PRIMULA HANDICAP,1860000,23.47 | 21.91 10.74 11.17 | 23.06 11.08 11.98,https://racing.hkjc.com/en-us/local/information/archive/localresults?racedate=2025/02/16&racecourse=ST&RaceNo=10,false
2025-02-16_ST_11,2025-02-16_ST,2025-02-16,ST,11,437,Class 3,Class 3 - 1600M - (80-60),1600,80-60,GOOD TO FIRM,"TURF - ""C+3"" Course",ROSE HANDICAP,2050000,24.81 | 23.11 | 23.19 11.70 11.49 | 22.67 11.11 11.56,https://racing.hkjc.com/en-us/local/information/archive/localresults?racedate=2025/02/16&racecourse=ST&RaceNo=11,false
2025-02-19_HV_01,2025-02-19_HV,2025-02-19,HV,1,438,Class 5,Class 5 - 1200M - (40-0),1200,40-0,GOOD,"TURF - ""B"" Course",TSING YI HANDICAP,875000,23.68 | 22.48 11.14 11.34 | 23.81 11.58 12.23,https://racing.hkjc.com/en-us/local/information/archive/localresults?racedate=2025/02/19&racecourse=HV&RaceNo=1,false
2025-02-19_HV_02,2025-02-19_HV,2025-02-19,HV,2,439,Class 4,Class 4 - 1200M - (60-40),1200,60-40,GOOD,"TURF - ""B"" Course",KWAI CHUNG HANDICAP,1170000,23.56 | 22.57 11.07 11.50 | 23.76 11.71 12.05,https://racing.hkjc.com/en-us/local/information/archive/localresults?racedate=2025/02/19&racecourse=HV&RaceNo=2,false
2025-02-19_HV_03,2025-02-19_HV,2025-02-19,HV,3,440,Class 4,Class 4 - 1200M - (60-40),1200,60-40,GOOD,"TURF - ""B"" Course",KWAI CHUNG HANDICAP,1170000,23.42 | 22.51 10.94 11.57 | 23.89 11.74 12.15,https://racing.hkjc.com/en-us/local/information/archive/localresults?racedate=2025/02/19&racecourse=HV&RaceNo=3,false
2025-02-19_HV_04,2025-02-19_HV,2025-02-19,HV,4,441,Class 4,Class 4 - 1650M - (60-40),1650,60-40,GOOD,"TURF - ""B"" Course",THE ROTARY CENTENARY CHALLENGE CUP (HANDICAP),1170000,27.93 | 23.30 | 24.55 12.08 12.47 | 24.15 12.24 11.91,https://racing.hkjc.com/en-us/local/information/archive/localresults?racedate=2025/02/19&racecourse=HV&RaceNo=4,false
2025-02-19_HV_05,2025-02-19_HV,2025-02-19,HV,5,442,Class 4,Class 4 - 1000M - (60-40),1000,60-40,GOOD,"TURF - ""B"" Course",TSUEN WAN HANDICAP,1170000,12.45 | 20.88 10.42 10.46 | 23.72 11.50 12.22,https://racing.hkjc.com/en-us/local/information/archive/localresults?racedate=2025/02/19&racecourse=HV&RaceNo=5,false
2025-02-19_HV_06,2025-02-19_HV,2025-02-19,HV,6,443,Class 3,Class 3 - 1800M - (85-60),1800,85-60,GOOD,"TURF - ""B"" Course",THE CONSENSUS CUP (HANDICAP),2050000,13.80 | 22.27 | 23.60 | 24.42 12.19 12.23 | 24.15 12.24 11.91,https://racing.hkjc.com/en-us/local/information/archive/localresults?racedate=2025/02/19&racecourse=HV&RaceNo=6,false
2025-02-19_HV_07,2025-02-19_HV,2025-02-19,HV,7,444,Class 3,Class 3 - 1200M - (80-60),1200,80-60,GOOD,"TURF - ""B"" Course",MA WAN HANDICAP,1860000,23.96 | 22.73 11.21 11.52 | 23.06 11.55 11.51,https://racing.hkjc.com/en-us/local/information/archive/localresults?racedate=2025/02/19&racecourse=HV&RaceNo=7,false
2025-02-19_HV_08,2025-02-19_HV,2025-02-19,HV,8,445,Class 3,Class 3 - 1200M - (80-60),1200,80-60,GOOD,"TURF - ""B"" Course",MA WAN HANDICAP,1860000,23.83 | 22.94 11.32 11.62 | 23.15 11.45 11.70,https://racing.hkjc.com/en-us/local/information/archive/localresults?racedate=2025/02/19&racecourse=HV&RaceNo=8,false
2025-02-19_HV_09,2025-02-19_HV,2025-02-19,HV,9,446,Class 3,Class 3 - 1650M - (80-60),1650,80-60,GOOD,"TURF - ""B"" Course",KAP SHUI MUN HANDICAP,2050000,27.38 | 23.63 | 24.62 12.16 12.46 | 24.13 12.25 11.88,https://racing.hkjc.com/en-us/local/information/archive/localresults?racedate=2025/02/19&racecourse=HV&RaceNo=9,false
2025-02-23_ST_01,2025-02-23_ST,2025-02-23,ST,1,447,Class 4,Class 4 - 1400M - (60-40),1400,60-40,GOOD,"TURF - ""A"" Course",CITI WEALTH HANDICAP,1170000,13.74 | 21.37 | 23.29 11.46 11.83 | 23.59 11.60 11.99,https://racing.hkjc.com/en-us/local/information/archive/localresults?racedate=2025/02/23&racecourse=ST&RaceNo=1,false
2025-02-23_ST_02,2025-02-23_ST,2025-02-23,ST,2,448,Class 2,Class 2 - 1000M - (100-75),1000,100-75,GOOD,"TURF - ""A"" Course",CITI PRIVATE BANK HANDICAP,2840000,13.02 | 20.77 10.32 10.45 | 22.61 11.01 11.60,https://racing.hkjc.com/en-us/local/information/archive/localresults?racedate=2025/02/23&racecourse=ST&RaceNo=2,false
2025-02-23_ST_03,2025-02-23_ST,2025-02-23,ST,3,449,Class 4,Class 4 - 1400M - (60-40),1400,60-40,GOOD,"TURF - ""A"" Course",CITIGOLD PRIVATE CLIENT HANDICAP,1170000,13.49 | 21.52 | 23.91 11.92 11.99 | 23.27 11.44 11.83,https://racing.hkjc.com/en-us/local/information/archive/localresults?racedate=2025/02/23&racecourse=ST&RaceNo=3,false
2025-02-23_ST_04,2025-02-23_ST,2025-02-23,ST,4,450,Class 4,Class 4 - 1200M - (60-40),1200,60-40,GOOD,"TURF - ""A"" Course",CITIGOLD HANDICAP,1170000,23.97 | 22.78 11.43 11.35 | 22.83 11.19 11.64,https://racing.hkjc.com/en-us/local/information/archive/localresults?racedate=2025/02/23&racecourse=ST&RaceNo=4,false
2025-02-23_ST_05,2025-02-23_ST,2025-02-23,ST,5,451,Group One,Group One - 1400M,1400,,GOOD,"TURF - ""A"" Course",THE QUEEN'S SILVER JUBILEE CUP,13000000,13.12 | 21.67 | 22.94 11.48 11.46 | 22.60 10.99 11.61,https://racing.hkjc.com/en-us/local/information/archive/localresults?racedate=2025/02/23&racecourse=ST&RaceNo=5,false
2025-02-23_ST_06,2025-02-23_ST,2025-02-23,ST,6,452,Class 4,Class 4 - 1600M - (60-40),1600,60-40,GOOD,"TURF - ""A"" Course",CITI ULTIMA HANDICAP,1170000,24.21 | 22.63 | 23.91 12.12 11.79 | 23.42 11.47 11.95,https://racing.hkjc.com/en-us/local/information/archive/localresults?racedate=2025/02/23&racecourse=ST&RaceNo=6,false
2025-02-23_ST_07,2025-02-23_ST,2025-02-23,ST,7,453,Group One,Group One - 2000M,2000,,GOOD,"TURF - ""A"" Course",THE CITI HONG KONG GOLD CUP,13000000,25.88 | 23.47 | 24.75 | 23.21 11.79 11.42 | 23.28 11.58 11.70,https://racing.hkjc.com/en-us/local/information/archive/localresults?racedate=2025/02/23&racecourse=ST&RaceNo=7,false
2025-02-23_ST_08,2025-02-23_ST,2025-02-23,ST,8,454,Class 3,Class 3 - 1400M - (80-60),1400,80-60,GOOD,"TURF - ""A"" Course",CITI WEALTH ADVISORY SERVICES HANDICAP,1860000,13.36 | 21.24 | 23.23 11.42 11.81 | 23.10 11.27 11.83,https://racing.hkjc.com/en-us/local/information/archive/localresults?racedate=2025/02/23&racecourse=ST&RaceNo=8,false
2025-02-23_ST_09,2025-02-23_ST,2025-02-23,ST,9,455,Class 3,Class 3 - 1400M - (80-60),1400,80-60,GOOD,"TURF - ""A"" Course",CITI INSURANCE SERVICES HANDICAP,1860000,13.61 | 21.63 | 22.87 11.34 11.53 | 22.70 11.14 11.56,https://racing.hkjc.com/en-us/local/information/archive/localresults?racedate=2025/02/23&racecourse=ST&RaceNo=9,false
2025-02-23_ST_10,2025-02-23_ST,2025-02-23,ST,10,456,Class 3,Class 3 - 1200M - (80-60),1200,80-60,GOOD,"TURF - ""A"" Course",CITI INVESTMENT SERVICES HANDICAP,1860000,23.59 | 22.55 11.16 11.39 | 22.87 11.22 11.65,https://racing.hkjc.com/en-us/local/information/archive/localresults?racedate=2025/02/23&racecourse=ST&RaceNo=10,false
2025-02-26_HV_01,2025-02-26_HV,2025-02-26,HV,1,457,Class 1,Class 1 - 1200M - (110-85),1200,110-85,GOOD,"TURF - ""C"" Course",BLUE POOL HANDICAP,3720000,23.97 | 22.47 11.02 11.45 | 22.51 11.02 11.49,https://racing.hkjc.com/en-us/local/information/archive/localresults?racedate=2025/02/26&racecourse=HV&RaceNo=1,false
2025-02-26_HV_02,2025-02-26_HV,2025-02-26,HV,2,458,Class 4,Class 4 - 2200M - (60-40),2200,60-40,GOOD,"TURF - ""C"" Course",YUK SAU HANDICAP,1170000,14.53 | 23.67 | 25.43 | 25.47 | 24.34 12.25 12.09 | 23.47 11.78 11.69,https://racing.hkjc.com/en-us/local/information/archive/localresults?racedate=2025/02/26&racecourse=HV&RaceNo=2,false
2025-02-26_HV_03,2025-02-26_HV,2025-02-26,HV,3,459,Class 3,Class 3 - 1650M - (85-60),1650,85-60,GOOD,"TURF - ""C"" Course",TSUI MAN HANDICAP,2050000,28.11 | 23.71 | 23.85 11.88 11.97 | 23.41 11.61 11.80,https://racing.hkjc.com/en-us/local/information/archive/localresults?racedate=2025/02/26&racecourse=HV&RaceNo=3,false
2025-02-26_HV_04,2025-02-26_HV,2025-02-26,HV,4,460,Class 4,Class 4 - 1200M - (60-40),1200,60-40,GOOD,"TURF - ""C"" Course",WANG TAK HANDICAP,1170000,23.35 | 23.01 11.10 11.91 | 23.40 11.61 11.79,https://racing.hkjc.com/en-us/local/information/archive/localresults?racedate=2025/02/26&racecourse=HV&RaceNo=4,false
2025-02-26_HV_05,2025-02-26_HV,2025-02-26,HV,5,461,Class 1,Class 1 - 1650M - (110-85),1650,110-85,GOOD,"TURF - ""C"" Course",SHAN KWONG HANDICAP,4075000,28.54 | 23.23 | 24.14 12.02 12.12 | 23.10 11.53 11.57,https://racing.hkjc.com/en-us/local/information/archive/localresults?racedate=2025/02/26&racecourse=HV&RaceNo=5,false
2025-02-26_HV_06,2025-02-26_HV,2025-02-26,HV,6,462,Class 4,Class 4 - 1200M - (60-40),1200,60-40,GOOD,"TURF - ""C"" Course",WANG TAK HANDICAP,1170000,23.60 | 22.69 11.03 11.66 | 23.63 11.62 12.01,https://racing.hkjc.com/en-us/local/information/archive/localresults?racedate=2025/02/26&racecourse=HV&RaceNo=6,false
2025-02-26_HV_07,2025-02-26_HV,2025-02-26,HV,7,463,Class 4,Class 4 - 1650M - (60-40),1650,60-40,GOOD,"TURF - ""C"" Course",YIK YAM HANDICAP,1170000,28.27 | 23.95 | 24.68 12.38 12.30 | 23.28 11.77 11.51,https://racing.hkjc.com/en-us/local/information/archive/localresults?racedate=2025/02/26&racecourse=HV&RaceNo=7,false
2025-02-26_HV_08,2025-02-26_HV,2025-02-26,HV,8,464,Class 3,Class 3 - 1200M - (85-60),1200,85-60,GOOD,"TURF - ""C"" Course",SING WOO HANDICAP,1860000,23.85 | 22.72 11.14 11.58 | 22.69 11.22 11.47,https://racing.hkjc.com/en-us/local/information/archive/localresults?racedate=2025/02/26&racecourse=HV&RaceNo=8,false
2025-02-26_HV_09,2025-02-26_HV,2025-02-26,HV,9,465,Class 3,Class 3 - 1000M - (85-60),1000,85-60,GOOD,"TURF - ""C"" Course",KING KWONG HANDICAP,1860000,12.49 | 20.82 09.97 10.85 | 23.17 11.24 11.93,https://racing.hkjc.com/en-us/local/information/archive/localresults?racedate=2025/02/26&racecourse=HV&RaceNo=9,false
2025-03-02_ST_01,2025-03-02_ST,2025-03-02,ST,1,466,Class 4,Class 4 - 1000M - (60-40),1000,60-40,GOOD,"TURF - ""B"" Course",FU TAI HANDICAP,1170000,12.96 | 20.57 10.14 10.43 | 22.14 10.95 11.19,https://racing.hkjc.com/en-us/local/information/archive/localresults?racedate=2025/03/02&racecourse=ST&RaceNo=1,false
2025-03-02_ST_02,2025-03-02_ST,2025-03-02,ST,2,467,Class 5,Class 5 - 1200M - (40-0),1200,40-0,GOOD,"TURF - ""B"" Course",LUNG YAT HANDICAP,875000,24.28 | 22.57 11.25 11.32 | 22.76 11.06 11.70,https://racing.hkjc.com/en-us/local/information/archive/localresults?racedate=2025/03/02&racecourse=ST&RaceNo=2,false
2025-03-02_ST_03,2025-03-02_ST,2025-03-02,ST,3,468,Class 3,Class 3 - 1650M - (85-60),1650,85-60,GOOD,ALL WEATHER TRACK,ON TING HANDICAP,2050000,28.04 | 24.00 | 23.75 11.95 11.80 | 23.08 11.46 11.62,https://racing.hkjc.com/en-us/local/information/archive/localresults?racedate=2025/03/02&racecourse=ST&RaceNo=3,false
2025-03-02_ST_04,2025-03-02_ST,2025-03-02,ST,4,469,Class 4,Class 4 - 1200M - (60-40),1200,60-40,GOOD,"TURF - ""B"" Course",PO TIN HANDICAP,1170000,24.12 | 22.63 11.34 11.29 | 22.33 10.94 11.39,https://racing.hkjc.com/en-us/local/information/archive/localresults?racedate=2025/03/02&racecourse=ST&RaceNo=4,false
2025-03-02_ST_05,2025-03-02_ST,2025-03-02,ST,5,470,Class 4,Class 4 - 1400M - (60-40),1400,60-40,GOOD,"TURF - ""B"" Course",THE YAN OI TONG CUP (HANDICAP),1170000,13.43 | 22.39 | 23.07 11.52 11.55 | 22.93 11.29 11.64,https://racing.hkjc.com/en-us/local/information/archive/localresults?racedate=2025/03/02&racecourse=ST&RaceNo=5,false
2025-03-02_ST_06,2025-03-02_ST,2025-03-02,ST,6,471,Class 4,Class 4 - 1650M - (60-40),1650,60-40,GOOD,ALL WEATHER TRACK,SAM SHING HANDICAP,1170000,28.04 | 22.87 | 24.12 11.91 12.21 | 23.05 11.52 11.53,https://racing.hkjc.com/en-us/local/information/archive/localresults?racedate=2025/03/02&racecourse=ST&RaceNo=6,false
2025-03-02_ST_07,2025-03-02_ST,2025-03-02,ST,7,472,4 Year Olds,4 Year Olds - 1800M,1800,,GOOD TO FIRM,"TURF - ""B"" Course",THE HONG KONG CLASSIC CUP,13000000,13.66 | 21.85 | 23.85 | 23.83 11.99 11.84 | 23.10 11.38 11.72,https://racing.hkjc.com/en-us/local/information/archive/localresults?racedate=2025/03/02&racecourse=ST&RaceNo=7,false
2025-03-02_ST_08,2025-03-02_ST,2025-03-02,ST,8,473,Class 2,Class 2 - 1400M - (100-75),1400,100-75,GOOD TO FIRM,"TURF - ""B"" Course",TAI HING HANDICAP,2840000,13.34 | 22.09 | 22.93 11.55 11.38 | 22.55 10.97 11.58,https://racing.hkjc.com/en-us/local/information/archive/localresults?racedate=2025/03/02&racecourse=ST&RaceNo=8,false
2025-03-02_ST_09,2025-03-02_ST,2025-03-02,ST,9,474,Class 3,Class 3 - 2000M - (80-60),2000,80-60,GOOD TO FIRM,"TURF - ""B"" Course",YAN TIN HANDICAP,2050000,25.74 | 25.70 | 23.91 | 23.45 11.77 11.68 | 23.00 11.18 11.82,https://racing.hkjc.com/en-us/local/information/archive/localresults?racedate=2025/03/02&racecourse=ST&RaceNo=9,false
2025-03-02_ST_10,2025-03-02_ST,2025-03-02,ST,10,475,Class 3,Class 3 - 1200M - (85-60),1200,85-60,GOOD TO FIRM,"TURF - ""B"" Course",YAU OI HANDICAP,1860000,23.85 | 21.99 10.96 11.03 | 22.55 10.90 11.65,https://racing.hkjc.com/en-us/local/information/archive/localresults?racedate=2025/03/02&racecourse=ST&RaceNo=10,false
2025-03-05_HV_01,2025-03-05_HV,2025-03-05,HV,1,476,Class 5,Class 5 - 2200M - (40-0),2200,40-0,GOOD,"TURF - ""C+3"" Course",KWOON CHUNG MOTORS HANDICAP,875000,13.99 | 23.45 | 24.85 | 24.88 | 24.39 12.25 12.14 | 24.65 12.25 12.40,https://racing.hkjc.com/en-us/local/information/archive/localresults?racedate=2025/03/05&racecourse=HV&RaceNo=1,false
2025-03-05_HV_02,2025-03-05_HV,2025-03-05,HV,2,477,Class 4,Class 4 - 1200M - (60-40),1200,60-40,GOOD,"TURF - ""C+3"" Course",INTERCONTINENTAL LIMOUSINE HANDICAP,1170000,23.19 | 22.88 11.28 11.60 | 23.74 11.75 11.99,https://racing.hkjc.com/en-us/local/information/archive/localresults?racedate=2025/03/05&racecourse=HV&RaceNo=2,false
2025-03-05_HV_03,2025-03-05_HV,2025-03-05,HV,3,478,Class 3,Class 3 - 1650M - (80-55),1650,80-55,GOOD,"TURF - ""C+3"" Course",TRANS-ISLAND CHINALINK HANDICAP,2050000,27.90 | 23.82 | 24.26 12.31 11.95 | 23.67 11.91 11.76,https://racing.hkjc.com/en-us/local/information/archive/localresults?racedate=2025/03/05&racecourse=HV&RaceNo=3,false
2025-03-05_HV_04,2025-03-05_HV,2025-03-05,HV,4,479,Class 4,Class 4 - 1200M - (60-40),1200,60-40,GOOD,"TURF - ""C+3"" Course",KC SMART MOBILITY HANDICAP,1170000,23.37 | 22.60 10.97 11.63 | 23.74 11.88 11.86,https://racing.hkjc.com/en-us/local/information/archive/localresults?racedate=2025/03/05&racecourse=HV&RaceNo=4,false
2025-03-05_HV_05,2025-03-05_HV,2025-03-05,HV,5,480,Class 4,Class 4 - 1200M - (60-40),1200,60-40,GOOD,"TURF - ""C+3"" Course",KWOON CHUNG MACAU LIMOUSINE RENTAL SERVICES HANDICAP,1170000,23.61 | 22.55 11.12 11.43 | 23.81 11.80 12.01,https://racing.hkjc.com/en-us/local/information/archive/localresults?racedate=2025/03/05&racecourse=HV&RaceNo=5,false
2025-03-05_HV_06,2025-03-05_HV,2025-03-05,HV,6,481,Class 4,Class 4 - 1800M - (60-40),1800,60-40,GOOD,"TURF - ""C+3"" Course",KWOON CHUNG INCLUSIVE & ACCESSIBLE SERVICE HANDICAP,1170000,13.64 | 22.66 | 23.57 | 24.46 12.20 12.26 | 24.49 12.28 12.21,https://racing.hkjc.com/en-us/local/information/archive/localresults?racedate=2025/03/05&racecourse=HV&RaceNo=6,false
2025-03-05_HV_07,2025-03-05_HV,2025-03-05,HV,7,482,Class 3,Class 3 - 1200M - (80-55),1200,80-55,GOOD,"TURF - ""C+3"" Course",THE KWOON CHUNG BUS 60TH ANNIVERSARY CUP (HANDICAP),1860000,23.99 | 22.53 11.10 11.43 | 23.07 11.63 11.44,https://racing.hkjc.com/en-us/local/information/archive/localresults?racedate=2025/03/05&racecourse=HV&RaceNo=7,false
2025-03-05_HV_08,2025-03-05_HV,2025-03-05,HV,8,483,Class 4,Class 4 - 1650M - (60-40),1650,60-40,GOOD,"TURF - ""C+3"" Course",SICHUAN BIPENGGOU TOURIST ATTRACTIONS HANDICAP,1170000,28.50 | 23.99 | 24.33 12.23 12.10 | 24.00 12.02 11.98,https://racing.hkjc.com/en-us/local/information/archive/localresults?racedate=2025/03/05&racecourse=HV&RaceNo=8,false
2025-03-05_HV_09,2025-03-05_HV,2025-03-05,HV,9,484,Class 3,Class 3 - 1200M - (80-55),1200,80-55,GOOD,"TURF - ""C+3"" Course",NEW LANTAO BUS HANDICAP,1860000,24.10 | 22.46 11.22 11.24 | 23.20 11.20 12.00,https://racing.hkjc.com/en-us/local/information/archive/localresults?racedate=2025/03/05&racecourse=HV&RaceNo=9,false
2025-03-09_ST_01,2025-03-09_ST,2025-03-09,ST,1,485,Class 5,Class 5 - 1400M - (40-0),1400,40-0,GOOD TO FIRM,"TURF - ""C"" Course",JUNCTION HANDICAP,875000,13.83 | 21.91 | 23.16 11.61 11.55 | 23.39 11.52 11.87,https://racing.hkjc.com/en-us/local/information/archive/localresults?racedate=2025/03/09&racecourse=ST&RaceNo=1,false
2025-03-09_ST_02,2025-03-09_ST,2025-03-09,ST,2,486,Class 4,Class 4 - 1200M - (60-40),1200,60-40,GOOD TO FIRM,"TURF - ""C"" Course",LUNG KONG HANDICAP,1170000,23.63 | 22.13 10.85 11.28 | 23.49 11.26 12.23,https://racing.hkjc.com/en-us/local/information/archive/localresults?racedate=2025/03/09&racecourse=ST&RaceNo=2,false
2025-03-09_ST_03,2025-03-09_ST,2025-03-09,ST,3,487,Class 4,Class 4 - 1200M - (60-40),1200,60-40,GOOD TO FIRM,"TURF - ""C"" Course",LUNG KONG HANDICAP,1170000,24.49 | 22.95 11.48 11.47 | 22.43 11.03 11.40,https://racing.hkjc.com/en-us/local/information/archive/localresults?racedate=2025/03/09&racecourse=ST&RaceNo=3,false
2025-03-09_ST_04,2025-03-09_ST,2025-03-09,ST,4,488,Class 4,Class 4 - 1600M - (60-40),1600,60-40,GOOD TO FIRM,"TURF - ""C"" Course",NAM KOK HANDICAP,1170000,24.30 | 22.66 | 23.81 11.91 11.90 | 23.64 11.65 11.99,https://racing.hkjc.com/en-us/local/information/archive/localresults?racedate=2025/03/09&racecourse=ST&RaceNo=4,false
2025-03-09_ST_05,2025-03-09_ST,2025-03-09,ST,5,489,Class 4,Class 4 - 1200M - (60-40),1200,60-40,GOOD,ALL WEATHER TRACK,NGA TSIN WAI HANDICAP,1170000,23.57 | 21.90 10.66 11.24 | 23.44 11.45 11.99,https://racing.hkjc.com/en-us/local/information/archive/localresults?racedate=2025/03/09&racecourse=ST&RaceNo=5,false
2025-03-09_ST_06,2025-03-09_ST,2025-03-09,ST,6,490,Class 4,Class 4 - 1400M - (60-40),1400,60-40,GOOD TO FIRM,"TURF - ""C"" Course",THE LOK SIN TONG CUP (HANDICAP),1170000,13.63 | 21.38 | 23.32 11.63 11.69 | 23.59 11.55 12.04,https://racing.hkjc.com/en-us/local/information/archive/localresults?racedate=2025/03/09&racecourse=ST&RaceNo=6,false
2025-03-09_ST_07,2025-03-09_ST,2025-03-09,ST,7,491,Class 3,Class 3 - 1200M - (80-60),1200,80-60,GOOD,ALL WEATHER TRACK,SA PO HANDICAP,1860000,23.51 | 21.94 10.64 11.30 | 23.25 11.35 11.90,https://racing.hkjc.com/en-us/local/information/archive/localresults?racedate=2025/03/09&racecourse=ST&RaceNo=7,false
2025-03-09_ST_08,2025-03-09_ST,2025-03-09,ST,8,492,Class 1,Class 1 - 1200M - (85+),1200,85+,GOOD TO FIRM,"TURF - ""C"" Course",KOWLOON CITY HANDICAP,3720000,23.99 | 22.40 11.16 11.24 | 22.28 10.91 11.37,https://racing.hkjc.com/en-us/local/information/archive/localresults?racedate=2025/03/09&racecourse=ST&RaceNo=8,false
2025-03-09_ST_09,2025-03-09_ST,2025-03-09,ST,9,493,Class 3,Class 3 - 1400M - (80-60),1400,80-60,GOOD TO FIRM,"TURF - ""C"" Course",SOUTH WALL HANDICAP,1860000,13.50 | 21.60 | 22.96 11.32 11.64 | 23.47 11.58 11.89,https://racing.hkjc.com/en-us/local/information/archive/localresults?racedate=2025/03/09&racecourse=ST&RaceNo=9,false
2025-03-09_ST_10,2025-03-09_ST,2025-03-09,ST,10,494,Class 2,Class 2 - 1800M - (100-75),1800,100-75,GOOD TO FIRM,"TURF - ""C"" Course",CARPENTER HANDICAP,3120000,14.15 | 22.91 | 23.45 | 23.36 11.80 11.56 | 22.95 11.45 11.50,https://racing.hkjc.com/en-us/local/information/archive/localresults?racedate=2025/03/09&racecourse=ST&RaceNo=10,false
2025-03-09_ST_11,2025-03-09_ST,2025-03-09,ST,11,495,Class 3,Class 3 - 1600M - (80-60),1600,80-60,GOOD TO FIRM,"TURF - ""C"" Course",TAK KU LING HANDICAP,2050000,24.51 | 22.78 | 23.32 11.68 11.64 | 23.14 11.46 11.68,https://racing.hkjc.com/en-us/local/information/archive/localresults?racedate=2025/03/09&racecourse=ST&RaceNo=11,false
2025-03-12_HV_01,2025-03-12_HV,2025-03-12,HV,1,496,Class 5,Class 5 - 1000M - (40-0),1000,40-0,GOOD TO FIRM,"TURF - ""A"" Course",WAGLAN ISLAND HANDICAP,875000,12.53 | 21.24 10.20 11.04 | 23.20 11.44 11.76,https://racing.hkjc.com/en-us/local/information/archive/localresults?racedate=2025/03/12&racecourse=HV&RaceNo=1,false
2025-03-12_HV_02,2025-03-12_HV,2025-03-12,HV,2,497,Class 4,Class 4 - 1650M - (60-40),1650,60-40,GOOD TO FIRM,"TURF - ""A"" Course",SOKO ISLANDS HANDICAP,1170000,27.71 | 23.49 | 23.96 12.11 11.85 | 23.99 12.18 11.81,https://racing.hkjc.com/en-us/local/information/archive/localresults?racedate=2025/03/12&racecourse=HV&RaceNo=2,false
2025-03-12_HV_03,2025-03-12_HV,2025-03-12,HV,3,498,Class 4,Class 4 - 1200M - (60-40),1200,60-40,GOOD TO FIRM,"TURF - ""A"" Course",PENG CHAU HANDICAP,1170000,23.62 | 22.54 10.82 11.72 | 23.91 11.99 11.92,https://racing.hkjc.com/en-us/local/information/archive/localresults?racedate=2025/03/12&racecourse=HV&RaceNo=3,false
2025-03-12_HV_04,2025-03-12_HV,2025-03-12,HV,4,499,Class 4,Class 4 - 1200M - (60-40),1200,60-40,GOOD TO FIRM,"TURF - ""A"" Course",PENG CHAU HANDICAP,1170000,23.49 | 22.45 10.88 11.57 | 23.48 11.69 11.79,https://racing.hkjc.com/en-us/local/information/archive/localresults?racedate=2025/03/12&racecourse=HV&RaceNo=4,false
2025-03-12_HV_05,2025-03-12_HV,2025-03-12,HV,5,500,Class 4,Class 4 - 1650M - (60-40),1650,60-40,GOOD TO FIRM,"TURF - ""A"" Course",THE IRELAND TROPHY (HANDICAP),1170000,27.66 | 23.79 | 24.34 12.14 12.20 | 23.87 11.75 12.12,https://racing.hkjc.com/en-us/local/information/archive/localresults?racedate=2025/03/12&racecourse=HV&RaceNo=5,false
2025-03-12_HV_06,2025-03-12_HV,2025-03-12,HV,6,501,Class 4,Class 4 - 1200M - (60-40),1200,60-40,GOOD TO FIRM,"TURF - ""A"" Course",PENG CHAU HANDICAP,1170000,23.65 | 22.59 11.02 11.57 | 23.46 11.65 11.81,https://racing.hkjc.com/en-us/local/information/archive/localresults?racedate=2025/03/12&racecourse=HV&RaceNo=6,false
2025-03-12_HV_07,2025-03-12_HV,2025-03-12,HV,7,502,Class 3,Class 3 - 1200M - (80-55),1200,80-55,GOOD TO FIRM,"TURF - ""A"" Course",CHEUNG CHAU HANDICAP,1860000,23.15 | 21.69 10.55 11.14 | 24.15 11.86 12.29,https://racing.hkjc.com/en-us/local/information/archive/localresults?racedate=2025/03/12&racecourse=HV&RaceNo=7,false
2025-03-12_HV_08,2025-03-12_HV,2025-03-12,HV,8,503,Class 3,Class 3 - 1200M - (80-55),1200,80-55,GOOD TO FIRM,"TURF - ""A"" Course",CHEUNG CHAU HANDICAP,1860000,23.50 | 22.25 10.92 11.33 | 23.36 11.54 11.82,https://racing.hkjc.com/en-us/local/information/archive/localresults?racedate=2025/03/12&racecourse=HV&RaceNo=8,false
2025-03-12_HV_09,2025-03-12_HV,2025-03-12,HV,9,504,Class 3,Class 3 - 1800M - (80-60),1800,80-60,GOOD TO FIRM,"TURF - ""A"" Course",AP LEI CHAU HANDICAP,2050000,13.89 | 24.04 | 25.13 | 23.18 11.60 11.58 | 23.04 11.46 11.58,https://racing.hkjc.com/en-us/local/information/archive/localresults?racedate=2025/03/12&racecourse=HV&RaceNo=9,false
2025-03-15_ST_01,2025-03-15_ST,2025-03-15,ST,1,505,Class 5,Class 5 - 1200M - (40-0),1200,40-0,GOOD TO FIRM,"TURF - ""C+3"" Course",SNAPDRAGON HANDICAP,875000,24.12 | 22.30 11.05 11.25 | 22.88 11.02 11.86,https://racing.hkjc.com/en-us/local/information/archive/localresults?racedate=2025/03/15&racecourse=ST&RaceNo=1,false
2025-03-15_ST_02,2025-03-15_ST,2025-03-15,ST,2,506,Class 5,Class 5 - 1600M - (40-0),1600,40-0,GOOD TO FIRM,"TURF - ""C+3"" Course",DAHLIA HANDICAP,875000,24.78 | 22.10 | 23.83 11.87 11.96 | 23.75 11.57 12.18,https://racing.hkjc.com/en-us/local/information/archive/localresults?racedate=2025/03/15&racecourse=ST&RaceNo=2,false
2025-03-15_ST_03,2025-03-15_ST,2025-03-15,ST,3,507,Class 4,Class 4 - 1000M - (60-40),1000,60-40,GOOD TO FIRM,"TURF - ""C+3"" Course",CHINESE HIBISCUS HANDICAP,1170000,12.96 | 20.57 10.07 10.50 | 22.78 11.12 11.66,https://racing.hkjc.com/en-us/local/information/archive/localresults?racedate=2025/03/15&racecourse=ST&RaceNo=3,false
2025-03-15_ST_04,2025-03-15_ST,2025-03-15,ST,4,508,Class 4,Class 4 - 1200M - (60-40),1200,60-40,GOOD TO FIRM,"TURF - ""C+3"" Course",AZALEA HANDICAP,1170000,23.88 | 22.38 11.11 11.27 | 22.66 11.08 11.58,https://racing.hkjc.com/en-us/local/information/archive/localresults?racedate=2025/03/15&racecourse=ST&RaceNo=4,false
2025-03-15_ST_05,2025-03-15_ST,2025-03-15,ST,5,509,Class 4,Class 4 - 1800M - (60-40),1800,60-40,GOOD TO FIRM,"TURF - ""C+3"" Course",THE ASSOCIATION OF HONG KONG RACING JOURNALISTS CHALLENGE CUP (HANDICAP),1170000,14.03 | 22.74 | 24.02 | 23.67 12.00 11.67 | 22.76 11.07 11.69,https://racing.hkjc.com/en-us/local/information/archive/localresults?racedate=2025/03/15&racecourse=ST&RaceNo=5,false
2025-03-15_ST_06,2025-03-15_ST,2025-03-15,ST,6,510,Class 4,Class 4 - 1400M - (60-40),1400,60-40,GOOD TO YIELDING,"TURF - ""C+3"" Course",HYDRANGEA HANDICAP,1170000,13.53 | 22.18 | 23.85 11.77 12.08 | 24.77 11.94 12.83,https://racing.hkjc.com/en-us/local/information/archive/localresults?racedate=2025/03/15&racecourse=ST&RaceNo=6,false
2025-03-15_ST_07,2025-03-15_ST,2025-03-15,ST,7,511,Class 2,Class 2 - 1600M - (105-80),1600,105-80,GOOD TO YIELDING,"TURF - ""C+3"" Course",THE KOWLOON TONG CLUB TROPHY (HANDICAP),3120000,24.33 | 23.18 | 23.88 12.05 11.83 | 23.69 11.72 11.97,https://racing.hkjc.com/en-us/local/information/archive/localresults?racedate=2025/03/15&racecourse=ST&RaceNo=7,false
2025-03-15_ST_08,2025-03-15_ST,2025-03-15,ST,8,512,Class 3,Class 3 - 1200M - (80-60),1200,80-60,GOOD TO YIELDING,"TURF - ""C+3"" Course",ANGELONIA HANDICAP,1860000,24.18 | 23.11 11.56 11.55 | 22.78 11.30 11.48,https://racing.hkjc.com/en-us/local/information/archive/localresults?racedate=2025/03/15&racecourse=ST&RaceNo=8,false
2025-03-15_ST_09,2025-03-15_ST,2025-03-15,ST,9,513,Class 3,Class 3 - 1400M - (80-60),1400,80-60,GOOD TO YIELDING,"TURF - ""C+3"" Course",COSMOS HANDICAP,1860000,13.35 | 21.68 | 23.54 11.72 11.82 | 23.82 11.55 12.27,https://racing.hkjc.com/en-us/local/information/archive/localresults?racedate=2025/03/15&racecourse=ST&RaceNo=9,false
2025-03-15_ST_10,2025-03-15_ST,2025-03-15,ST,10,514,Class 3,Class 3 - 1400M - (80-60),1400,80-60,GOOD TO YIELDING,"TURF - ""C+3"" Course",COSMOS HANDICAP,1860000,13.90 | 22.56 | 23.33 11.65 11.68 | 23.01 11.07 11.94,https://racing.hkjc.com/en-us/local/information/archive/localresults?racedate=2025/03/15&racecourse=ST&RaceNo=10,false
2025-03-19_HV_01,2025-03-19_HV,2025-03-19,HV,1,515,Class 5,Class 5 - 1650M - (40-0),1650,40-0,GOOD TO FIRM,"TURF - ""B"" Course",BOWRINGTON HANDICAP,875000,28.34 | 23.48 | 23.20 11.46 11.74 | 24.76 12.24 12.52,https://racing.hkjc.com/en-us/local/information/archive/localresults?racedate=2025/03/19&racecourse=HV&RaceNo=1,false
2025-03-19_HV_02,2025-03-19_HV,2025-03-19,HV,2,516,Class 3,Class 3 - 1000M - (80-60),1000,80-60,GOOD TO FIRM,"TURF - ""B"" Course",PERCIVAL HANDICAP,1860000,12.66 | 20.63 10.13 10.50 | 22.97 11.22 11.75,https://racing.hkjc.com/en-us/local/information/archive/localresults?racedate=2025/03/19&racecourse=HV&RaceNo=2,false
2025-03-19_HV_03,2025-03-19_HV,2025-03-19,HV,3,517,Class 4,Class 4 - 1200M - (60-40),1200,60-40,GOOD TO FIRM,"TURF - ""B"" Course",WONG NAI CHUNG HANDICAP,1170000,23.53 | 22.45 10.87 11.58 | 23.44 11.75 11.69,https://racing.hkjc.com/en-us/local/information/archive/localresults?racedate=2025/03/19&racecourse=HV&RaceNo=3,false
2025-03-19_HV_04,2025-03-19_HV,2025-03-19,HV,4,518,Class 4,Class 4 - 1200M - (60-40),1200,60-40,GOOD TO FIRM,"TURF - ""B"" Course",THE CRAIGENGOWER CRICKET CLUB CHALLENGE CUP (HANDICAP),1170000,23.63 | 22.54 11.00 11.54 | 23.52 11.80 11.72,https://racing.hkjc.com/en-us/local/information/archive/localresults?racedate=2025/03/19&racecourse=HV&RaceNo=4,false
2025-03-19_HV_05,2025-03-19_HV,2025-03-19,HV,5,519,Class 4,Class 4 - 1650M - (60-40),1650,60-40,GOOD TO FIRM,"TURF - ""B"" Course",LOCKHART HANDICAP,1170000,28.13 | 23.56 | 23.79 11.89 11.90 | 23.92 12.16 11.76,https://racing.hkjc.com/en-us/local/information/archive/localresults?racedate=2025/03/19&racecourse=HV&RaceNo=5,false
2025-03-19_HV_06,2025-03-19_HV,2025-03-19,HV,6,520,Class 4,Class 4 - 1000M - (60-40),1000,60-40,GOOD TO FIRM,"TURF - ""B"" Course",THE HONG KONG FOOTBALL CLUB CENTENARY CUP (HANDICAP),1170000,12.47 | 21.27 10.26 11.01 | 23.05 11.25 11.80,https://racing.hkjc.com/en-us/local/information/archive/localresults?racedate=2025/03/19&racecourse=HV&RaceNo=6,false
2025-03-19_HV_07,2025-03-19_HV,2025-03-19,HV,7,521,Class 3,Class 3 - 1650M - (80-60),1650,80-60,GOOD TO FIRM,"TURF - ""B"" Course",CANAL HANDICAP,2050000,27.80 | 23.89 | 23.43 12.07 11.36 | 23.58 11.61 11.97,https://racing.hkjc.com/en-us/local/information/archive/localresults?racedate=2025/03/19&racecourse=HV&RaceNo=7,false
2025-03-19_HV_08,2025-03-19_HV,2025-03-19,HV,8,522,Class 3,Class 3 - 1200M - (80-60),1200,80-60,GOOD TO FIRM,"TURF - ""B"" Course",TIN LOK HANDICAP,1860000,23.72 | 22.58 11.09 11.49 | 23.37 11.67 11.70,https://racing.hkjc.com/en-us/local/information/archive/localresults?racedate=2025/03/19&racecourse=HV&RaceNo=8,false
2025-03-19_HV_09,2025-03-19_HV,2025-03-19,HV,9,523,Class 2,Class 2 - 1200M - (100-80),1200,100-80,GOOD TO FIRM,"TURF - ""B"" Course",SPORTS HANDICAP,2840000,23.18 | 22.28 10.99 11.29 | 23.37 11.72 11.65,https://racing.hkjc.com/en-us/local/information/archive/localresults?racedate=2025/03/19&racecourse=HV&RaceNo=9,false
2025-03-23_ST_01,2025-03-23_ST,2025-03-23,ST,1,524,Class 4,Class 4 - 1400M - (60-40),1400,60-40,GOOD TO FIRM,"TURF - ""A"" Course",LUGER HANDICAP,1170000,13.58 | 21.46 | 23.16 11.61 11.55 | 23.07 11.29 11.78,https://racing.hkjc.com/en-us/local/information/archive/localresults?racedate=2025/03/23&racecourse=ST&RaceNo=1,false
2025-03-23_ST_02,2025-03-23_ST,2025-03-23,ST,2,525,Class 2,Class 2 - 1400M - (100-80),1400,100-80,GOOD TO FIRM,"TURF - ""A"" Course",RAPPER DRAGON HANDICAP,2840000,13.45 | 21.04 | 22.57 11.13 11.44 | 22.86 11.16 11.70,https://racing.hkjc.com/en-us/local/information/archive/localresults?racedate=2025/03/23&racecourse=ST&RaceNo=2,false
2025-03-23_ST_03,2025-03-23_ST,2025-03-23,ST,3,526,Class 4,Class 4 - 1400M - (60-40),1400,60-40,GOOD TO FIRM,"TURF - ""A"" Course",SKY DARCI HANDICAP,1170000,13.39 | 21.39 | 23.13 11.58 11.55 | 23.52 11.31 12.21,https://racing.hkjc.com/en-us/local/information/archive/localresults?racedate=2025/03/23&racecourse=ST&RaceNo=3,false
2025-03-23_ST_04,2025-03-23_ST,2025-03-23,ST,4,527,Class 4,Class 4 - 1200M - (60-40),1200,60-40,GOOD TO FIRM,"TURF - ""A"" Course",PING HAI STAR HANDICAP,1170000,24.10 | 22.03 10.94 11.09 | 22.50 10.84 11.66,https://racing.hkjc.com/en-us/local/information/archive/localresults?racedate=2025/03/23&racecourse=ST&RaceNo=4,false
2025-03-23_ST_05,2025-03-23_ST,2025-03-23,ST,5,528,Class 3,Class 3 - 1400M - (80-60),1400,80-60,GOOD TO FIRM,"TURF - ""A"" Course",AMBITIOUS DRAGON HANDICAP,1860000,13.48 | 21.58 | 23.29 11.63 11.66 | 22.84 11.10 11.74,https://racing.hkjc.com/en-us/local/information/archive/localresults?racedate=2025/03/23&racecourse=ST&RaceNo=5,false
2025-03-23_ST_06,2025-03-23_ST,2025-03-23,ST,6,529,Class 4,Class 4 - 1600M - (60-40),1600,60-40,GOOD TO FIRM,"TURF - ""A"" Course",FAY FAY HANDICAP,1170000,24.48 | 23.10 | 23.69 11.80 11.89 | 23.08 11.56 11.52,https://racing.hkjc.com/en-us/local/information/archive/localresults?racedate=2025/03/23&racecourse=ST&RaceNo=6,false
2025-03-23_ST_07,2025-03-23_ST,2025-03-23,ST,7,530,4 Year Olds,4 Year Olds - 2000M,2000,,GOOD TO FIRM,"TURF - ""A"" Course",THE BMW HONG KONG DERBY 2025,26000000,25.36 | 24.76 | 25.11 | 23.06 11.89 11.17 | 22.38 10.97 11.41,https://racing.hkjc.com/en-us/local/information/archive/localresults?racedate=2025/03/23&racecourse=ST&RaceNo=7,false
2025-03-23_ST_08,2025-03-23_ST,2025-03-23,ST,8,531,Class 3,Class 3 - 1200M - (80-60),1200,80-60,GOOD TO FIRM,"TURF - ""A"" Course",FURORE HANDICAP,1860000,23.71 | 22.02 10.83 11.19 | 22.52 10.86 11.66,https://racing.hkjc.com/en-us/local/information/archive/localresults?racedate=2025/03/23&racecourse=ST&RaceNo=8,false
2025-03-23_ST_09,2025-03-23_ST,2025-03-23,ST,9,532,Class 3,Class 3 - 1200M - (80-60),1200,80-60,GOOD TO FIRM,"TURF - ""A"" Course",WERTHER HANDICAP,1860000,24.05 | 22.19 10.93 11.26 | 22.28 10.92 11.36,https://racing.hkjc.com/en-us/local/information/archive/localresults?racedate=2025/03/23&racecourse=ST&RaceNo=9,false
2025-03-23_ST_10,2025-03-23_ST,2025-03-23,ST,10,533,Class 3,Class 3 - 1800M - (85-60),1800,85-60,GOOD TO FIRM,"TURF - ""A"" Course",DESIGNS ON ROME HANDICAP,2050000,13.51 | 22.22 | 23.24 | 23.93 12.18 11.75 | 23.34 11.57 11.77,https://racing.hkjc.com/en-us/local/information/archive/localresults?racedate=2025/03/23&racecourse=ST&RaceNo=10,false
2025-03-26_ST_01,2025-03-26_ST,2025-03-26,ST,1,534,Class 5,Class 5 - 1800M - (40-0),1800,40-0,GOOD,ALL WEATHER TRACK,SWAN HANDICAP,875000,13.43 | 22.88 | 23.48 | 24.00 11.91 12.09 | 24.53 11.95 12.58,https://racing.hkjc.com/en-us/local/information/archive/localresults?racedate=2025/03/26&racecourse=ST&RaceNo=1,false
2025-03-26_ST_02,2025-03-26_ST,2025-03-26,ST,2,535,Class 5,Class 5 - 1200M - (40-0),1200,40-0,GOOD,ALL WEATHER TRACK,SPOONBILL HANDICAP,875000,24.08 | 22.60 11.24 11.36 | 22.62 11.05 11.57,https://racing.hkjc.com/en-us/local/information/archive/localresults?racedate=2025/03/26&racecourse=ST&RaceNo=2,false
2025-03-26_ST_03,2025-03-26_ST,2025-03-26,ST,3,536,Class 4,Class 4 - 1650M - (60-40),1650,60-40,GOOD,ALL WEATHER TRACK,PEACOCK HANDICAP,1170000,27.86 | 22.71 | 24.04 12.06 11.98 | 23.44 11.74 11.70,https://racing.hkjc.com/en-us/local/information/archive/localresults?racedate=2025/03/26&racecourse=ST&RaceNo=3,false
2025-03-26_ST_04,2025-03-26_ST,2025-03-26,ST,4,537,Class 5,Class 5 - 1200M - (40-0),1200,40-0,GOOD,ALL WEATHER TRACK,SPOONBILL HANDICAP,875000,23.64 | 22.59 10.90 11.69 | 23.15 11.45 11.70,https://racing.hkjc.com/en-us/local/information/archive/localresults?racedate=2025/03/26&racecourse=ST&RaceNo=4,false
2025-03-26_ST_05,2025-03-26_ST,2025-03-26,ST,5,538,Class 4,Class 4 - 1200M - (60-40),1200,60-40,GOOD,ALL WEATHER TRACK,KESTREL HANDICAP,1170000,23.60 | 22.52 10.94 11.58 | 23.25 11.43 11.82,https://racing.hkjc.com/en-us/local/information/archive/localresults?racedate=2025/03/26&racecourse=ST&RaceNo=5,false
2025-03-26_ST_06,2025-03-26_ST,2025-03-26,ST,6,539,Class 4,Class 4 - 1650M - (60-40),1650,60-40,GOOD,ALL WEATHER TRACK,PEACOCK HANDICAP,1170000,28.10 | 23.79 | 23.57 11.89 11.68 | 22.96 11.36 11.60,https://racing.hkjc.com/en-us/local/information/archive/localresults?racedate=2025/03/26&racecourse=ST&RaceNo=6,false
2025-03-26_ST_07,2025-03-26_ST,2025-03-26,ST,7,540,Class 4,Class 4 - 1200M - (60-40),1200,60-40,GOOD,ALL WEATHER TRACK,KESTREL HANDICAP,1170000,23.09 | 22.12 10.73 11.39 | 23.06 11.44 11.62,https://racing.hkjc.com/en-us/local/information/archive/localresults?racedate=2025/03/26&racecourse=ST&RaceNo=7,false
2025-03-26_ST_08,2025-03-26_ST,2025-03-26,ST,8,541,Class 3,Class 3 - 1650M - (85-60),1650,85-60,GOOD,ALL WEATHER TRACK,FLAMINGO HANDICAP,2050000,27.77 | 24.00 | 23.17 11.60 11.57 | 23.39 11.35 12.04,https://racing.hkjc.com/en-us/local/information/archive/localresults?racedate=2025/03/26&racecourse=ST&RaceNo=8,false
2025-03-26_ST_09,2025-03-26_ST,2025-03-26,ST,9,542,Class 3,Class 3 - 1200M - (85-60),1200,85-60,GOOD,ALL WEATHER TRACK,EGRET HANDICAP,1860000,22.91 | 22.03 10.69 11.34 | 23.21 11.66 11.55,https://racing.hkjc.com/en-us/local/information/archive/localresults?racedate=2025/03/26&racecourse=ST&RaceNo=9,false
2025-03-30_ST_01,2025-03-30_ST,2025-03-30,ST,1,543,Class 4,Class 4 - 2000M - (60-40),2000,60-40,GOOD,"TURF - ""A+3"" Course",SEVERN HANDICAP,1170000,26.11 | 24.69 | 23.69 | 23.48 11.83 11.65 | 24.38 11.93 12.45,https://racing.hkjc.com/en-us/local/information/archive/localresults?racedate=2025/03/30&racecourse=ST&RaceNo=1,false
2025-03-30_ST_02,2025-03-30_ST,2025-03-30,ST,2,544,Class 2,Class 2 - 1200M - (100-80),1200,100-80,GOOD,"TURF - ""A+3"" Course",BARKER HANDICAP,2840000,23.43 | 22.35 11.10 11.25 | 22.58 11.09 11.49,https://racing.hkjc.com/en-us/local/information/archive/localresults?racedate=2025/03/30&racecourse=ST&RaceNo=2,false
2025-03-30_ST_03,2025-03-30_ST,2025-03-30,ST,3,545,Class 4,Class 4 - 1200M - (60-40),1200,60-40,GOOD,"TURF - ""A+3"" Course",PLANTATION HANDICAP,1170000,24.23 | 22.53 11.25 11.28 | 22.64 10.99 11.65,https://racing.hkjc.com/en-us/local/information/archive/localresults?racedate=2025/03/30&racecourse=ST&RaceNo=3,false
2025-03-30_ST_04,2025-03-30_ST,2025-03-30,ST,4,546,Class 4,Class 4 - 1200M - (60-40),1200,60-40,GOOD,"TURF - ""A+3"" Course",PLANTATION HANDICAP,1170000,23.86 | 22.24 11.05 11.19 | 23.13 11.10 12.03,https://racing.hkjc.com/en-us/local/information/archive/localresults?racedate=2025/03/30&racecourse=ST&RaceNo=4,false
2025-03-30_ST_05,2025-03-30_ST,2025-03-30,ST,5,547,Group Two,Group Two - 1600M,1600,,GOOD,"TURF - ""A+3"" Course",THE CHAIRMAN'S TROPHY,5350000,24.73 | 23.24 | 22.79 11.35 11.44 | 23.33 11.36 11.97,https://racing.hkjc.com/en-us/local/information/archive/localresults?racedate=2025/03/30&racecourse=ST&RaceNo=5,false
2025-03-30_ST_06,2025-03-30_ST,2025-03-30,ST,6,548,Class 3,Class 3 - 1000M - (80-60),1000,80-60,GOOD,"TURF - ""A+3"" Course",HARLECH HANDICAP,1860000,12.97 | 20.87 10.32 10.55 | 22.77 11.02 11.75,https://racing.hkjc.com/en-us/local/information/archive/localresults?racedate=2025/03/30&racecourse=ST&RaceNo=6,false
2025-03-30_ST_07,2025-03-30_ST,2025-03-30,ST,7,549,Group Two,Group Two - 1200M,1200,,GOOD,"TURF - ""A+3"" Course",THE SPRINT CUP,5350000,23.62 | 22.68 11.30 11.38 | 21.88 10.54 11.34,https://racing.hkjc.com/en-us/local/information/archive/localresults?racedate=2025/03/30&racecourse=ST&RaceNo=7,false
2025-03-30_ST_08,2025-03-30_ST,2025-03-30,ST,8,550,Class 4,Class 4 - 1400M - (60-40),1400,60-40,GOOD,"TURF - ""A+3"" Course",POLLOCK HANDICAP,1170000,13.42 | 20.96 | 23.43 11.55 11.88 | 23.79 11.61 12.18,https://racing.hkjc.com/en-us/local/information/archive/localresults?racedate=2025/03/30&racecourse=ST&RaceNo=8,false
2025-03-30_ST_09,2025-03-30_ST,2025-03-30,ST,9,551,Class 3,Class 3 - 1200M - (80-60),1200,80-60,GOOD,"TURF - ""A+3"" Course",HOMESTEAD HANDICAP,1860000,23.93 | 22.18 10.89 11.29 | 23.24 11.30 11.94,https://racing.hkjc.com/en-us/local/information/archive/localresults?racedate=2025/03/30&racecourse=ST&RaceNo=9,false
2025-03-30_ST_10,2025-03-30_ST,2025-03-30,ST,10,552,Class 3,Class 3 - 1400M - (80-60),1400,80-60,GOOD,"TURF - ""A+3"" Course",LUGARD HANDICAP,1860000,13.70 | 21.75 | 23.43 11.80 11.63 | 22.77 11.20 11.57,https://racing.hkjc.com/en-us/local/information/archive/localresults?racedate=2025/03/30&racecourse=ST&RaceNo=10,false
2025-04-02_HV_01,2025-04-02_HV,2025-04-02,HV,1,553,Class 4,Class 4 - 1650M - (60-40),1650,60-40,GOOD TO FIRM,"TURF - ""C+3"" Course",CHUKYO HANDICAP,1170000,27.62 | 23.08 | 24.12 12.02 12.10 | 23.60 11.60 12.00,https://racing.hkjc.com/en-us/local/information/archive/localresults?racedate=2025/04/02&racecourse=HV&RaceNo=1,false
2025-04-02_HV_02,2025-04-02_HV,2025-04-02,HV,2,554,Class 5,Class 5 - 1200M - (40-0),1200,40-0,GOOD TO FIRM,"TURF - ""C+3"" Course",NIIGATA HANDICAP,875000,23.58 | 22.53 10.90 11.63 | 23.94 11.76 12.18,https://racing.hkjc.com/en-us/local/information/archive/localresults?racedate=2025/04/02&racecourse=HV&RaceNo=2,false
2025-04-02_HV_03,2025-04-02_HV,2025-04-02,HV,3,555,Class 3,Class 3 - 2200M - (85-60),2200,85-60,GOOD TO FIRM,"TURF - ""C+3"" Course",HANSHIN HANDICAP,2050000,14.10 | 23.20 | 24.48 | 24.50 | 24.52 12.24 12.28 | 23.38 12.10 11.28,https://racing.hkjc.com/en-us/local/information/archive/localresults?racedate=2025/04/02&racecourse=HV&RaceNo=3,false
2025-04-02_HV_04,2025-04-02_HV,2025-04-02,HV,4,556,Class 4,Class 4 - 1200M - (60-40),1200,60-40,GOOD TO FIRM,"TURF - ""C+3"" Course",NAKAYAMA HANDICAP,1170000,23.97 | 22.62 11.08 11.54 | 23.08 11.56 11.52,https://racing.hkjc.com/en-us/local/information/archive/localresults?racedate=2025/04/02&racecourse=HV&RaceNo=4,false
2025-04-02_HV_05,2025-04-02_HV,2025-04-02,HV,5,557,Class 4,Class 4 - 1000M - (60-40),1000,60-40,GOOD TO FIRM,"TURF - ""C+3"" Course",THE JAPAN RACING ASSOCIATION TROPHY (HANDICAP),1170000,12.69 | 21.59 10.57 11.02 | 22.65 11.38 11.27,https://racing.hkjc.com/en-us/local/information/archive/localresults?racedate=2025/04/02&racecourse=HV&RaceNo=5,false
2025-04-02_HV_06,2025-04-02_HV,2025-04-02,HV,6,558,Class 4,Class 4 - 1650M - (60-40),1650,60-40,GOOD TO FIRM,"TURF - ""C+3"" Course",CHUKYO HANDICAP,1170000,27.32 | 23.34 | 24.77 12.36 12.41 | 24.04 12.25 11.79,https://racing.hkjc.com/en-us/local/information/archive/localresults?racedate=2025/04/02&racecourse=HV&RaceNo=6,false
2025-04-02_HV_07,2025-04-02_HV,2025-04-02,HV,7,559,Class 4,Class 4 - 1200M - (60-40),1200,60-40,GOOD TO FIRM,"TURF - ""C+3"" Course",NAKAYAMA HANDICAP,1170000,24.05 | 22.31 10.89 11.42 | 23.27 11.65 11.62,https://racing.hkjc.com/en-us/local/information/archive/localresults?racedate=2025/04/02&racecourse=HV&RaceNo=7,false
2025-04-02_HV_08,2025-04-02_HV,2025-04-02,HV,8,560,Class 3,Class 3 - 1650M - (80-60),1650,80-60,GOOD TO FIRM,"TURF - ""C+3"" Course",TOKYO HANDICAP,2050000,28.50 | 23.27 | 23.24 11.39 11.85 | 23.58 11.83 11.75,https://racing.hkjc.com/en-us/local/information/archive/localresults?racedate=2025/04/02&racecourse=HV&RaceNo=8,false
2025-04-02_HV_09,2025-04-02_HV,2025-04-02,HV,9,561,Class 3,Class 3 - 1200M - (80-60),1200,80-60,GOOD TO FIRM,"TURF - ""C+3"" Course",KYOTO HANDICAP,1860000,23.94 | 22.61 11.10 11.51 | 22.76 11.33 11.43,https://racing.hkjc.com/en-us/local/information/archive/localresults?racedate=2025/04/02&racecourse=HV&RaceNo=9,false
2025-04-06_ST_01,2025-04-06_ST,2025-04-06,ST,1,562,Class 5,Class 5 - 2000M - (40-0),2000,40-0,GOOD,"TURF - ""B+2"" Course",GRADUATE SCHOOL ALUMNI HANDICAP,875000,25.53 | 24.64 | 25.06 | 23.79 11.97 11.82 | 23.68 11.55 12.13,https://racing.hkjc.com/en-us/local/information/archive/localresults?racedate=2025/04/06&racecourse=ST&RaceNo=1,false
2025-04-06_ST_02,2025-04-06_ST,2025-04-06,ST,2,563,Class 5,Class 5 - 1400M - (40-0),1400,40-0,GOOD,"TURF - ""B+2"" Course",CHUNG CHI ALUMNI HANDICAP,875000,13.75 | 21.63 | 22.98 11.41 11.57 | 23.72 11.71 12.01,https://racing.hkjc.com/en-us/local/information/archive/localresults?racedate=2025/04/06&racecourse=ST&RaceNo=2,false
2025-04-06_ST_03,2025-04-06_ST,2025-04-06,ST,3,564,Class 4,Class 4 - 1200M - (60-40),1200,60-40,GOOD,"TURF - ""B+2"" Course",NEW ASIA ALUMNI HANDICAP,1170000,24.17 | 22.73 11.41 11.32 | 22.64 11.11 11.53,https://racing.hkjc.com/en-us/local/information/archive/localresults?racedate=2025/04/06&racecourse=ST&RaceNo=3,false
2025-04-06_ST_04,2025-04-06_ST,2025-04-06,ST,4,565,Class 4,Class 4 - 1600M - (60-40),1600,60-40,GOOD,"TURF - ""B+2"" Course",UNITED ALUMNI HANDICAP,1170000,24.74 | 23.16 | 23.48 12.02 11.46 | 23.48 11.41 12.07,https://racing.hkjc.com/en-us/local/information/archive/localresults?racedate=2025/04/06&racecourse=ST&RaceNo=4,false
2025-04-06_ST_05,2025-04-06_ST,2025-04-06,ST,5,566,Class 4,Class 4 - 1200M - (60-40),1200,60-40,GOOD,"TURF - ""B+2"" Course",THE CUHK ALUMNI CUP (HANDICAP),1170000,23.91 | 22.44 11.32 11.12 | 22.76 10.99 11.77,https://racing.hkjc.com/en-us/local/information/archive/localresults?racedate=2025/04/06&racecourse=ST&RaceNo=5,false
2025-04-06_ST_06,2025-04-06_ST,2025-04-06,ST,6,567,Class 3,Class 3 - 1200M - (80-60),1200,80-60,GOOD,"TURF - ""B+2"" Course",SHAW ALUMNI HANDICAP,1860000,23.96 | 22.26 11.10 11.16 | 22.72 11.16 11.56,https://racing.hkjc.com/en-us/local/information/archive/localresults?racedate=2025/04/06&racecourse=ST&RaceNo=6,false
2025-04-06_ST_07,2025-04-06_ST,2025-04-06,ST,7,568,Class 2,Class 2 - 1600M - (100-80),1600,100-80,GOOD,"TURF - ""B+2"" Course",FACULTY OF EDUCATION ALUMNI HANDICAP,3120000,25.29 | 23.56 | 23.51 12.00 11.51 | 22.42 11.05 11.37,https://racing.hkjc.com/en-us/local/information/archive/localresults?racedate=2025/04/06&racecourse=ST&RaceNo=7,false
2025-04-06_ST_08,2025-04-06_ST,2025-04-06,ST,8,569,Class 4,Class 4 - 1400M - (60-40),1400,60-40,GOOD,"TURF - ""B+2"" Course",MORNINGSIDE ALUMNI HANDICAP,1170000,13.43 | 21.26 | 23.17 11.51 11.66 | 23.86 11.86 12.00,https://racing.hkjc.com/en-us/local/information/archive/localresults?racedate=2025/04/06&racecourse=ST&RaceNo=8,false
2025-04-06_ST_09,2025-04-06_ST,2025-04-06,ST,9,570,Class 3,Class 3 - 1400M - (80-60),1400,80-60,GOOD,"TURF - ""B+2"" Course",S.H. HO AND CW CHU ALUMNI HANDICAP,1860000,13.47 | 21.66 | 22.89 11.47 11.42 | 23.66 11.43 12.23,https://racing.hkjc.com/en-us/local/information/archive/localresults?racedate=2025/04/06&racecourse=ST&RaceNo=9,false
2025-04-06_ST_10,2025-04-06_ST,2025-04-06,ST,10,571,Class 3,Class 3 - 1600M - (80-60),1600,80-60,GOOD,"TURF - ""B+2"" Course",WU YEE SUN AND LEE WOO SING ALUMNI HANDICAP,2050000,24.38 | 22.30 | 23.88 12.00 11.88 | 23.53 11.71 11.82,https://racing.hkjc.com/en-us/local/information/archive/localresults?racedate=2025/04/06&racecourse=ST&RaceNo=10,false
2025-04-09_HV_01,2025-04-09_HV,2025-04-09,HV,1,572,Class 5,Class 5 - 1650M - (40-0),1650,40-0,GOOD TO FIRM,"TURF - ""A"" Course",YAU MA TEI HANDICAP,875000,27.57 | 23.85 | 24.06 12.04 12.02 | 24.10 11.85 12.25,https://racing.hkjc.com/en-us/local/information/archive/localresults?racedate=2025/04/09&racecourse=HV&RaceNo=1,false
2025-04-09_HV_02,2025-04-09_HV,2025-04-09,HV,2,573,Class 4,Class 4 - 1200M - (60-40),1200,60-40,GOOD TO FIRM,"TURF - ""A"" Course",KING'S PARK HANDICAP,1170000,23.68 | 22.30 10.91 11.39 | 23.57 11.62 11.95,https://racing.hkjc.com/en-us/local/information/archive/localresults?racedate=2025/04/09&racecourse=HV&RaceNo=2,false
2025-04-09_HV_03,2025-04-09_HV,2025-04-09,HV,3,574,Class 4,Class 4 - 1800M - (60-40),1800,60-40,GOOD TO FIRM,"TURF - ""A"" Course",WYLIE HANDICAP,1170000,13.22 | 22.69 | 24.55 | 24.68 12.41 12.27 | 24.22 12.03 12.19,https://racing.hkjc.com/en-us/local/information/archive/localresults?racedate=2025/04/09&racecourse=HV&RaceNo=3,false
2025-04-09_HV_04,2025-04-09_HV,2025-04-09,HV,4,575,Class 4,Class 4 - 1200M - (60-40),1200,60-40,GOOD TO FIRM,"TURF - ""A"" Course",KING'S PARK HANDICAP,1170000,23.81 | 22.95 11.34 11.61 | 23.10 11.43 11.67,https://racing.hkjc.com/en-us/local/information/archive/localresults?racedate=2025/04/09&racecourse=HV&RaceNo=4,false
2025-04-09_HV_05,2025-04-09_HV,2025-04-09,HV,5,576,Class 3,Class 3 - 1000M - (80-55),1000,80-55,GOOD TO FIRM,"TURF - ""A"" Course",THE HONG KONG CHINA RUGBY CUP (HANDICAP),1860000,12.54 | 20.67 10.03 10.64 | 22.95 11.18 11.77,https://racing.hkjc.com/en-us/local/information/archive/localresults?racedate=2025/04/09&racecourse=HV&RaceNo=5,false
2025-04-09_HV_06,2025-04-09_HV,2025-04-09,HV,6,577,Class 4,Class 4 - 1200M - (60-40),1200,60-40,GOOD TO FIRM,"TURF - ""A"" Course",KING'S PARK HANDICAP,1170000,23.61 | 22.73 11.10 11.63 | 23.53 11.73 11.80,https://racing.hkjc.com/en-us/local/information/archive/localresults?racedate=2025/04/09&racecourse=HV&RaceNo=6,false
2025-04-09_HV_07,2025-04-09_HV,2025-04-09,HV,7,578,Class 4,Class 4 - 1650M - (60-40),1650,60-40,GOOD TO FIRM,"TURF - ""A"" Course",OI MAN HANDICAP,1170000,27.01 | 23.08 | 24.99 12.18 12.81 | 24.46 12.25 12.21,https://racing.hkjc.com/en-us/local/information/archive/localresults?racedate=2025/04/09&racecourse=HV&RaceNo=7,false
2025-04-09_HV_08,2025-04-09_HV,2025-04-09,HV,8,579,Class 3,Class 3 - 1650M - (80-60),1650,80-60,GOOD TO FIRM,"TURF - ""A"" Course",MONG KOK HANDICAP,2050000,27.56 | 23.50 | 24.50 12.35 12.15 | 23.70 11.81 11.89,https://racing.hkjc.com/en-us/local/information/archive/localresults?racedate=2025/04/09&racecourse=HV&RaceNo=8,false
2025-04-09_HV_09,2025-04-09_HV,2025-04-09,HV,9,580,Class 3,Class 3 - 1200M - (80-60),1200,80-60,GOOD TO FIRM,"TURF - ""A"" Course",HO MAN TIN HANDICAP,1860000,23.62 | 22.74 11.12 11.62 | 23.09 11.66 11.43,https://racing.hkjc.com/en-us/local/information/archive/localresults?racedate=2025/04/09&racecourse=HV&RaceNo=9,false
2025-04-13_ST_01,2025-04-13_ST,2025-04-13,ST,1,581,Griffin Race,Griffin Race - 1000M,1000,,GOOD,"TURF - ""C"" Course",RACING FOR CHARITY 1000M PLATE,950000,13.15 | 20.88 10.24 10.64 | 22.62 10.96 11.66,https://racing.hkjc.com/en-us/local/information/archive/localresults?racedate=2025/04/13&racecourse=ST&RaceNo=1,false
2025-04-13_ST_02,2025-04-13_ST,2025-04-13,ST,2,582,Class 4,Class 4 - 1000M - (60-40),1000,60-40,GOOD,"TURF - ""C"" Course",JC ECHOES OF LOVE FUND 1000M HANDICAP,1170000,12.87 | 21.11 10.36 10.75 | 22.85 11.11 11.74,https://racing.hkjc.com/en-us/local/information/archive/localresults?racedate=2025/04/13&racecourse=ST&RaceNo=2,false
2025-04-13_ST_03,2025-04-13_ST,2025-04-13,ST,3,583,Class 5,Class 5 - 1200M - (40-0),1200,40-0,GOOD,"TURF - ""C"" Course",CLAP@JC 1200M HANDICAP,875000,24.75 | 22.93 11.44 11.49 | 22.51 10.84 11.67,https://racing.hkjc.com/en-us/local/information/archive/localresults?racedate=2025/04/13&racecourse=ST&RaceNo=3,false
2025-04-13_ST_04,2025-04-13_ST,2025-04-13,ST,4,584,Class 4,Class 4 - 1200M - (60-40),1200,60-40,GOOD,"TURF - ""C"" Course",JC CAMPSITE REIMAGINATION PROJECT 1200M HANDICAP,1170000,23.62 | 21.75 10.66 11.09 | 23.67 11.49 12.18,https://racing.hkjc.com/en-us/local/information/archive/localresults?racedate=2025/04/13&racecourse=ST&RaceNo=4,false
2025-04-13_ST_05,2025-04-13_ST,2025-04-13,ST,5,585,Class 2,Class 2 - 1200M - (100-75),1200,100-75,GOOD,"TURF - ""C"" Course",THE HONG KONG JOCKEY CLUB COMMUNITY TROPHY (HANDICAP),2840000,23.08 | 21.77 10.53 11.24 | 23.52 11.44 12.08,https://racing.hkjc.com/en-us/local/information/archive/localresults?racedate=2025/04/13&racecourse=ST&RaceNo=5,false
2025-04-13_ST_06,2025-04-13_ST,2025-04-13,ST,6,586,Class 4,Class 4 - 1400M - (60-40),1400,60-40,GOOD,"TURF - ""C"" Course",THRIVING YOUTH 1400M HANDICAP,1170000,13.40 | 21.57 | 23.09 11.49 11.60 | 23.51 11.41 12.10,https://racing.hkjc.com/en-us/local/information/archive/localresults?racedate=2025/04/13&racecourse=ST&RaceNo=6,false
2025-04-13_ST_07,2025-04-13_ST,2025-04-13,ST,7,587,Class 4,Class 4 - 1400M - (60-40),1400,60-40,GOOD,"TURF - ""C"" Course",POSITIVE AGEING 1400M HANDICAP,1170000,13.34 | 20.98 | 23.24 11.40 11.84 | 24.15 11.88 12.27,https://racing.hkjc.com/en-us/local/information/archive/localresults?racedate=2025/04/13&racecourse=ST&RaceNo=7,false
2025-04-13_ST_08,2025-04-13_ST,2025-04-13,ST,8,588,Class 1,Class 1 - 1400M - (85+),1400,85+,GOOD,"TURF - ""C"" Course",HEALTHY COMMUNITY 1400M HANDICAP,3720000,13.81 | 22.25 | 22.10 10.93 11.17 | 22.53 10.96 11.57,https://racing.hkjc.com/en-us/local/information/archive/localresults?racedate=2025/04/13&racecourse=ST&RaceNo=8,false
2025-04-13_ST_09,2025-04-13_ST,2025-04-13,ST,9,589,Class 3,Class 3 - 1000M - (80-60),1000,80-60,GOOD,"TURF - ""C"" Course",NURTURING TALENT 1000M HANDICAP,1860000,12.85 | 20.93 10.29 10.64 | 22.97 11.29 11.68,https://racing.hkjc.com/en-us/local/information/archive/localresults?racedate=2025/04/13&racecourse=ST&RaceNo=9,false
2025-04-13_ST_10,2025-04-13_ST,2025-04-13,ST,10,590,Class 3,Class 3 - 1800M - (80-60),1800,80-60,GOOD,"TURF - ""C"" Course",ADVANCING CULTURE & SPORTS 1800M HANDICAP,2050000,13.88 | 22.35 | 24.00 | 23.71 11.87 11.84 | 23.10 11.27 11.83,https://racing.hkjc.com/en-us/local/information/archive/localresults?racedate=2025/04/13&racecourse=ST&RaceNo=10,false
2025-04-13_ST_11,2025-04-13_ST,2025-04-13,ST,11,591,Class 3,Class 3 - 1400M - (80-60),1400,80-60,GOOD,"TURF - ""C"" Course",SUSTAINABILITY 1400M HANDICAP,1860000,13.59 | 21.82 | 22.49 11.12 11.37 | 23.29 11.43 11.86,https://racing.hkjc.com/en-us/local/information/archive/localresults?racedate=2025/04/13&racecourse=ST&RaceNo=11,false
2025-04-16_HV_01,2025-04-16_HV,2025-04-16,HV,1,592,Class 5,Class 5 - 1000M - (40-0),1000,40-0,GOOD TO FIRM,"TURF - ""B"" Course",ASTER HANDICAP,875000,12.38 | 21.35 10.24 11.11 | 23.17 11.36 11.81,https://racing.hkjc.com/en-us/local/information/archive/localresults?racedate=2025/04/16&racecourse=HV&RaceNo=1,false
2025-04-16_HV_02,2025-04-16_HV,2025-04-16,HV,2,593,Class 4,Class 4 - 2200M - (60-35),2200,60-35,GOOD TO FIRM,"TURF - ""B"" Course",BELLFLOWER HANDICAP,1170000,14.22 | 23.51 | 25.51 | 25.62 | 23.65 11.80 11.85 | 24.15 12.06 12.09,https://racing.hkjc.com/en-us/local/information/archive/localresults?racedate=2025/04/16&racecourse=HV&RaceNo=2,false
2025-04-16_HV_03,2025-04-16_HV,2025-04-16,HV,3,594,Class 4,Class 4 - 1650M - (60-40),1650,60-40,GOOD TO FIRM,"TURF - ""B"" Course",THISTLE HANDICAP,1170000,28.05 | 23.47 | 24.05 12.09 11.96 | 24.07 11.89 12.18,https://racing.hkjc.com/en-us/local/information/archive/localresults?racedate=2025/04/16&racecourse=HV&RaceNo=3,false
2025-04-16_HV_04,2025-04-16_HV,2025-04-16,HV,4,595,Class 3,Class 3 - 1200M - (80-55),1200,80-55,GOOD TO FIRM,"TURF - ""B"" Course",VIOLET HANDICAP,1860000,23.87 | 22.60 11.19 11.41 | 23.08 11.52 11.56,https://racing.hkjc.com/en-us/local/information/archive/localresults?racedate=2025/04/16&racecourse=HV&RaceNo=4,false
2025-04-16_HV_05,2025-04-16_HV,2025-04-16,HV,5,596,Class 4,Class 4 - 1650M - (60-40),1650,60-40,GOOD TO FIRM,"TURF - ""B"" Course",THE EWO CHALLENGE TROPHY (HANDICAP),1170000,27.39 | 23.09 | 24.48 12.40 12.08 | 24.50 12.11 12.39,https://racing.hkjc.com/en-us/local/information/archive/localresults?racedate=2025/04/16&racecourse=HV&RaceNo=5,false
2025-04-16_HV_06,2025-04-16_HV,2025-04-16,HV,6,597,Class 3,Class 3 - 1200M - (80-55),1200,80-55,GOOD TO FIRM,"TURF - ""B"" Course",VIOLET HANDICAP,1860000,23.44 | 22.51 10.99 11.52 | 23.09 11.36 11.73,https://racing.hkjc.com/en-us/local/information/archive/localresults?racedate=2025/04/16&racecourse=HV&RaceNo=6,false
2025-04-16_HV_07,2025-04-16_HV,2025-04-16,HV,7,598,Class 4,Class 4 - 1200M - (60-40),1200,60-40,GOOD TO FIRM,"TURF - ""B"" Course",DIANTHUS HANDICAP,1170000,23.68 | 22.43 11.11 11.32 | 23.81 11.71 12.10,https://racing.hkjc.com/en-us/local/information/archive/localresults?racedate=2025/04/16&racecourse=HV&RaceNo=7,false
2025-04-16_HV_08,2025-04-16_HV,2025-04-16,HV,8,599,Class 4,Class 4 - 1200M - (60-40),1200,60-40,GOOD TO FIRM,"TURF - ""B"" Course",DIANTHUS HANDICAP,1170000,23.87 | 22.30 11.02 11.28 | 23.47 11.43 12.04,https://racing.hkjc.com/en-us/local/information/archive/localresults?racedate=2025/04/16&racecourse=HV&RaceNo=8,false
2025-04-16_HV_09,2025-04-16_HV,2025-04-16,HV,9,600,Class 3,Class 3 - 1650M - (80-60),1650,80-60,GOOD TO FIRM,"TURF - ""B"" Course",CHAMOMILE HANDICAP,2050000,28.04 | 23.84 | 23.72 12.01 11.71 | 23.65 11.84 11.81,https://racing.hkjc.com/en-us/local/information/archive/localresults?racedate=2025/04/16&racecourse=HV&RaceNo=9,false
2025-04-20_ST_01,2025-04-20_ST,2025-04-20,ST,1,601,Class 5,Class 5 - 1650M - (40-0),1650,40-0,GOOD,ALL WEATHER TRACK,LUK WU HANDICAP,875000,28.26 | 23.57 | 23.79 12.06 11.73 | 24.00 11.93 12.07,https://racing.hkjc.com/en-us/local/information/archive/localresults?racedate=2025/04/20&racecourse=ST&RaceNo=1,false
2025-04-20_ST_02,2025-04-20_ST,2025-04-20,ST,2,602,Class 4,Class 4 - 1400M - (60-40),1400,60-40,GOOD TO FIRM,"TURF - ""C+3"" Course",TSING LUNG TAU HANDICAP,1170000,13.56 | 21.58 | 22.83 11.30 11.53 | 22.79 10.99 11.80,https://racing.hkjc.com/en-us/local/information/archive/localresults?racedate=2025/04/20&racecourse=ST&RaceNo=2,false
2025-04-20_ST_03,2025-04-20_ST,2025-04-20,ST,3,603,Class 4,Class 4 - 1200M - (60-40),1200,60-40,GOOD,ALL WEATHER TRACK,CHEUNG SHAN HANDICAP,1170000,23.18 | 22.09 10.83 11.26 | 24.13 11.63 12.50,https://racing.hkjc.com/en-us/local/information/archive/localresults?racedate=2025/04/20&racecourse=ST&RaceNo=3,false
2025-04-20_ST_04,2025-04-20_ST,2025-04-20,ST,4,604,Class 4,Class 4 - 1600M - (60-40),1600,60-40,GOOD TO FIRM,"TURF - ""C+3"" Course",KOWLOON TSAI HANDICAP,1170000,24.47 | 21.97 | 22.97 11.38 11.59 | 23.87 11.75 12.12,https://racing.hkjc.com/en-us/local/information/archive/localresults?racedate=2025/04/20&racecourse=ST&RaceNo=4,false
2025-04-20_ST_05,2025-04-20_ST,2025-04-20,ST,5,605,Class 4,Class 4 - 1650M - (60-40),1650,60-40,GOOD,ALL WEATHER TRACK,MA TAU KOK HANDICAP,1170000,27.95 | 23.29 | 23.96 12.10 11.86 | 23.61 11.63 11.98,https://racing.hkjc.com/en-us/local/information/archive/localresults?racedate=2025/04/20&racecourse=ST&RaceNo=5,false
2025-04-20_ST_06,2025-04-20_ST,2025-04-20,ST,6,606,Class 2,Class 2 - 1800M - (100-75),1800,100-75,GOOD TO FIRM,"TURF - ""C+3"" Course",THE HONG KONG LIONS CUP (HANDICAP),3120000,13.75 | 22.39 | 23.69 | 23.42 11.79 11.63 | 22.59 11.12 11.47,https://racing.hkjc.com/en-us/local/information/archive/localresults?racedate=2025/04/20&racecourse=ST&RaceNo=6,false
2025-04-20_ST_07,2025-04-20_ST,2025-04-20,ST,7,607,Class 2,Class 2 - 1200M - (105-80),1200,105-80,GOOD,ALL WEATHER TRACK,KOWLOON BAY HANDICAP,2840000,23.43 | 22.25 10.89 11.36 | 22.44 10.97 11.47,https://racing.hkjc.com/en-us/local/information/archive/localresults?racedate=2025/04/20&racecourse=ST&RaceNo=7,false
2025-04-20_ST_08,2025-04-20_ST,2025-04-20,ST,8,608,Class 3,Class 3 - 1200M - (80-60),1200,80-60,GOOD,ALL WEATHER TRACK,SIU MA SHAN HANDICAP,1860000,23.42 | 21.83 10.61 11.22 | 23.29 11.48 11.81,https://racing.hkjc.com/en-us/local/information/archive/localresults?racedate=2025/04/20&racecourse=ST&RaceNo=8,false
2025-04-20_ST_09,2025-04-20_ST,2025-04-20,ST,9,609,Class 3,Class 3 - 1200M - (80-60),1200,80-60,GOOD TO FIRM,"TURF - ""C+3"" Course",NGAU TAU KOK HANDICAP,1860000,23.89 | 22.04 11.07 10.97 | 22.53 10.90 11.63,https://racing.hkjc.com/en-us/local/information/archive/localresults?racedate=2025/04/20&racecourse=ST&RaceNo=9,false
2025-04-20_ST_10,2025-04-20_ST,2025-04-20,ST,10,610,Class 3,Class 3 - 1400M - (80-60),1400,80-60,GOOD TO FIRM,"TURF - ""C+3"" Course",HO CHUNG RIVER HANDICAP,1860000,13.44 | 22.12 | 22.65 11.16 11.49 | 22.78 11.22 11.56,https://racing.hkjc.com/en-us/local/information/archive/localresults?racedate=2025/04/20&racecourse=ST&RaceNo=10,false
2025-04-23_HV_01,2025-04-23_HV,2025-04-23,HV,1,611,Class 5,Class 5 - 1200M - (40-0),1200,40-0,GOOD,"TURF - ""C"" Course",FLAMINGO FLOWER HANDICAP,875000,23.65 | 22.74 11.09 11.65 | 23.47 11.75 11.72,https://racing.hkjc.com/en-us/local/information/archive/localresults?racedate=2025/04/23&racecourse=HV&RaceNo=1,false
2025-04-23_HV_02,2025-04-23_HV,2025-04-23,HV,2,612,Class 5,Class 5 - 1800M - (40-0),1800,40-0,GOOD,"TURF - ""C"" Course",FREESIA HANDICAP,875000,13.87 | 24.12 | 24.07 | 23.59 11.77 11.82 | 23.92 11.83 12.09,https://racing.hkjc.com/en-us/local/information/archive/localresults?racedate=2025/04/23&racecourse=HV&RaceNo=2,false
2025-04-23_HV_03,2025-04-23_HV,2025-04-23,HV,3,613,Class 4,Class 4 - 1200M - (60-40),1200,60-40,GOOD,"TURF - ""C"" Course",LAVENDER HANDICAP,1170000,23.85 | 22.80 11.06 11.74 | 23.13 11.44 11.69,https://racing.hkjc.com/en-us/local/information/archive/localresults?racedate=2025/04/23&racecourse=HV&RaceNo=3,false
2025-04-23_HV_04,2025-04-23_HV,2025-04-23,HV,4,614,Class 4,Class 4 - 1000M - (60-40),1000,60-40,GOOD,"TURF - ""C"" Course",GERANIUM HANDICAP,1170000,12.58 | 21.62 10.43 11.19 | 23.03 11.30 11.73,https://racing.hkjc.com/en-us/local/information/archive/localresults?racedate=2025/04/23&racecourse=HV&RaceNo=4,false
2025-04-23_HV_05,2025-04-23_HV,2025-04-23,HV,5,615,Class 4,Class 4 - 1200M - (60-40),1200,60-40,GOOD,"TURF - ""C"" Course",THE LUSITANO CHALLENGE CUP (HANDICAP),1170000,23.76 | 22.74 11.08 11.66 | 23.10 11.35 11.75,https://racing.hkjc.com/en-us/local/information/archive/localresults?racedate=2025/04/23&racecourse=HV&RaceNo=5,false
2025-04-23_HV_06,2025-04-23_HV,2025-04-23,HV,6,616,Class 4,Class 4 - 1650M - (60-40),1650,60-40,GOOD,"TURF - ""C"" Course",HEATHER HANDICAP,1170000,27.72 | 23.41 | 24.16 11.97 12.19 | 24.18 11.91 12.27,https://racing.hkjc.com/en-us/local/information/archive/localresults?racedate=2025/04/23&racecourse=HV&RaceNo=6,false
2025-04-23_HV_07,2025-04-23_HV,2025-04-23,HV,7,617,Class 3,Class 3 - 1200M - (80-60),1200,80-60,GOOD,"TURF - ""C"" Course",KALANCHOE HANDICAP,1860000,23.67 | 22.86 11.18 11.68 | 22.80 11.39 11.41,https://racing.hkjc.com/en-us/local/information/archive/localresults?racedate=2025/04/23&racecourse=HV&RaceNo=7,false
2025-04-23_HV_08,2025-04-23_HV,2025-04-23,HV,8,618,Class 3,Class 3 - 1000M - (80-60),1000,80-60,GOOD,"TURF - ""C"" Course",ORCHID HANDICAP,1860000,12.22 | 21.24 10.21 11.03 | 22.88 11.15 11.73,https://racing.hkjc.com/en-us/local/information/archive/localresults?racedate=2025/04/23&racecourse=HV&RaceNo=8,false
2025-04-23_HV_09,2025-04-23_HV,2025-04-23,HV,9,619,Class 3,Class 3 - 1800M - (80-60),1800,80-60,GOOD,"TURF - ""C"" Course",ROSELLE HANDICAP,2050000,13.56 | 22.07 | 23.71 | 24.97 12.13 12.84 | 24.03 12.16 11.87,https://racing.hkjc.com/en-us/local/information/archive/localresults?racedate=2025/04/23&racecourse=HV&RaceNo=9,false
2025-04-27_ST_01,2025-04-27_ST,2025-04-27,ST,1,620,Class 4,Class 4 - 1800M - (60-35),1800,60-35,GOOD,"TURF - ""A"" Course",FWD INSURANCE ACT PRIVATE HANDICAP,1170000,13.88 | 22.07 | 24.03 | 24.29 12.26 12.03 | 23.30 11.29 12.01,https://racing.hkjc.com/en-us/local/information/archive/localresults?racedate=2025/04/27&racecourse=ST&RaceNo=1,false
2025-04-27_ST_02,2025-04-27_ST,2025-04-27,ST,2,621,Class 4,Class 4 - 1200M - (60-40),1200,60-40,GOOD,"TURF - ""A"" Course",FWD INSURANCE GOAHEAD GROUP HANDICAP,1170000,23.33 | 22.70 11.11 11.59 | 23.09 11.22 11.87,https://racing.hkjc.com/en-us/local/information/archive/localresults?racedate=2025/04/27&racecourse=ST&RaceNo=2,false
2025-04-27_ST_03,2025-04-27_ST,2025-04-27,ST,3,622,Class 4,Class 4 - 1400M - (60-40),1400,60-40,GOOD,"TURF - ""A"" Course",FWD INSURANCE ICBC (ASIA) HANDICAP,1170000,13.34 | 21.18 | 23.04 11.38 11.66 | 23.88 11.58 12.30,https://racing.hkjc.com/en-us/local/information/archive/localresults?racedate=2025/04/27&racecourse=ST&RaceNo=3,false
2025-04-27_ST_04,2025-04-27_ST,2025-04-27,ST,4,623,Class 2,Class 2 - 1400M - (105-80),1400,105-80,GOOD,"TURF - ""A"" Course",FWD INSURANCE BOCOM HANDICAP,2840000,13.34 | 21.94 | 23.41 11.94 11.47 | 22.77 11.05 11.72,https://racing.hkjc.com/en-us/local/information/archive/localresults?racedate=2025/04/27&racecourse=ST&RaceNo=4,false
2025-04-27_ST_05,2025-04-27_ST,2025-04-27,ST,5,624,Group One,Group One - 1200M,1200,,GOOD,"TURF - ""A"" Course",THE CHAIRMAN'S SPRINT PRIZE,22000000,23.18 | 22.60 11.24 11.36 | 22.10 10.75 11.35,https://racing.hkjc.com/en-us/local/information/archive/localresults?racedate=2025/04/27&racecourse=ST&RaceNo=5,false
2025-04-27_ST_06,2025-04-27_ST,2025-04-27,ST,6,625,Class 3,Class 3 - 1200M - (80-60),1200,80-60,GOOD,"TURF - ""A"" Course",FWD INSURANCE CCB (ASIA) HANDICAP,1860000,23.51 | 22.24 10.99 11.25 | 23.23 11.14 12.09,https://racing.hkjc.com/en-us/local/information/archive/localresults?racedate=2025/04/27&racecourse=ST&RaceNo=6,false
2025-04-27_ST_07,2025-04-27_ST,2025-04-27,ST,7,626,Group One,Group One - 1600M,1600,,GOOD,"TURF - ""A"" Course",THE FWD CHAMPIONS MILE,24000000,24.50 | 22.77 | 22.94 11.66 11.28 | 23.00 11.11 11.89,https://racing.hkjc.com/en-us/local/information/archive/localresults?racedate=2025/04/27&racecourse=ST&RaceNo=7,false
2025-04-27_ST_08,2025-04-27_ST,2025-04-27,ST,8,627,Group One,Group One - 2000M,2000,,GOOD,"TURF - ""A"" Course",THE FWD QEII CUP,28000000,25.59 | 24.63 | 23.72 | 23.38 11.86 11.52 | 23.19 11.12 12.07,https://racing.hkjc.com/en-us/local/information/archive/localresults?racedate=2025/04/27&racecourse=ST&RaceNo=8,false
2025-04-27_ST_09,2025-04-27_ST,2025-04-27,ST,9,628,Class 3,Class 3 - 1600M - (80-60),1600,80-60,GOOD,"TURF - ""A"" Course",FWD INSURANCE NCB HANDICAP,2050000,24.32 | 22.89 | 23.41 11.74 11.67 | 23.54 11.72 11.82,https://racing.hkjc.com/en-us/local/information/archive/localresults?racedate=2025/04/27&racecourse=ST&RaceNo=9,false
2025-04-27_ST_10,2025-04-27_ST,2025-04-27,ST,10,629,Class 3,Class 3 - 1400M - (80-60),1400,80-60,GOOD,"TURF - ""A"" Course",FWD INSURANCE CMB WING LUNG BANK HANDICAP,1860000,13.44 | 21.48 | 22.83 11.16 11.67 | 23.52 11.47 12.05,https://racing.hkjc.com/en-us/local/information/archive/localresults?racedate=2025/04/27&racecourse=ST&RaceNo=10,false
2025-04-30_HV_01,2025-04-30_HV,2025-04-30,HV,1,630,Class 5,Class 5 - 1650M - (40-0),1650,40-0,GOOD TO FIRM,"TURF - ""C+3"" Course",DAEGU HANDICAP,875000,28.38 | 24.82 | 23.50 11.79 11.71 | 23.29 11.55 11.74,https://racing.hkjc.com/en-us/local/information/archive/localresults?racedate=2025/04/30&racecourse=HV&RaceNo=1,false
2025-04-30_HV_02,2025-04-30_HV,2025-04-30,HV,2,631,Class 4,Class 4 - 1650M - (60-40),1650,60-40,GOOD TO FIRM,"TURF - ""C+3"" Course",INCHEON HANDICAP,1170000,27.70 | 23.75 | 24.27 12.24 12.03 | 23.67 11.65 12.02,https://racing.hkjc.com/en-us/local/information/archive/localresults?racedate=2025/04/30&racecourse=HV&RaceNo=2,false
2025-04-30_HV_03,2025-04-30_HV,2025-04-30,HV,3,632,Class 2,Class 2 - 1000M - (100-80),1000,100-80,GOOD TO FIRM,"TURF - ""C+3"" Course",SEOUL HANDICAP,2840000,12.43 | 21.49 10.50 10.99 | 22.16 10.99 11.17,https://racing.hkjc.com/en-us/local/information/archive/localresults?racedate=2025/04/30&racecourse=HV&RaceNo=3,false
2025-04-30_HV_04,2025-04-30_HV,2025-04-30,HV,4,633,Class 4,Class 4 - 1200M - (60-40),1200,60-40,GOOD TO FIRM,"TURF - ""C+3"" Course",YEONGCHEON HANDICAP,1170000,23.19 | 22.86 11.17 11.69 | 23.41 11.84 11.57,https://racing.hkjc.com/en-us/local/information/archive/localresults?racedate=2025/04/30&racecourse=HV&RaceNo=4,false
2025-04-30_HV_05,2025-04-30_HV,2025-04-30,HV,5,634,Class 4,Class 4 - 1800M - (60-40),1800,60-40,GOOD TO FIRM,"TURF - ""C+3"" Course",THE KOREA RACING AUTHORITY TROPHY (HANDICAP),1170000,13.71 | 22.66 | 23.53 | 24.68 12.35 12.33 | 24.14 12.14 12.00,https://racing.hkjc.com/en-us/local/information/archive/localresults?racedate=2025/04/30&racecourse=HV&RaceNo=5,false
2025-04-30_HV_06,2025-04-30_HV,2025-04-30,HV,6,635,Class 4,Class 4 - 1200M - (60-40),1200,60-40,GOOD TO FIRM,"TURF - ""C+3"" Course",YEONGCHEON HANDICAP,1170000,23.51 | 22.32 11.10 11.22 | 23.52 11.64 11.88,https://racing.hkjc.com/en-us/local/information/archive/localresults?racedate=2025/04/30&racecourse=HV&RaceNo=6,false
2025-04-30_HV_07,2025-04-30_HV,2025-04-30,HV,7,636,Class 3,Class 3 - 1200M - (80-60),1200,80-60,GOOD TO FIRM,"TURF - ""C+3"" Course",BUSAN HANDICAP,1860000,23.67 | 22.56 11.03 11.53 | 22.93 11.31 11.62,https://racing.hkjc.com/en-us/local/information/archive/localresults?racedate=2025/04/30&racecourse=HV&RaceNo=7,false
2025-04-30_HV_08,2025-04-30_HV,2025-04-30,HV,8,637,Class 3,Class 3 - 1650M - (80-60),1650,80-60,GOOD TO FIRM,"TURF - ""C+3"" Course",JEJU HANDICAP,2050000,28.27 | 22.67 | 24.18 12.09 12.09 | 23.79 12.10 11.69,https://racing.hkjc.com/en-us/local/information/archive/localresults?racedate=2025/04/30&racecourse=HV&RaceNo=8,false
2025-04-30_HV_09,2025-04-30_HV,2025-04-30,HV,9,638,Class 3,Class 3 - 1200M - (80-60),1200,80-60,GOOD TO FIRM,"TURF - ""C+3"" Course",BUSAN HANDICAP,1860000,23.33 | 22.80 10.98 11.82 | 23.32 11.63 11.69,https://racing.hkjc.com/en-us/local/information/archive/localresults?racedate=2025/04/30&racecourse=HV&RaceNo=9,false
2025-05-04_ST_01,2025-05-04_ST,2025-05-04,ST,1,639,Griffin Race,Griffin Race - 1000M,1000,,GOOD TO FIRM,"TURF - ""B"" Course",TSIM SHA TSUI PLATE,950000,13.21 | 20.80 10.19 10.61 | 22.95 11.13 11.82,https://racing.hkjc.com/en-us/local/information/archive/localresults?racedate=2025/05/04&racecourse=ST&RaceNo=1,false
2025-05-04_ST_02,2025-05-04_ST,2025-05-04,ST,2,640,Class 5,Class 5 - 1200M - (40-0),1200,40-0,GOOD TO FIRM,"TURF - ""B"" Course",JORDAN HANDICAP,875000,24.41 | 22.63 11.54 11.09 | 22.72 10.90 11.82,https://racing.hkjc.com/en-us/local/information/archive/localresults?racedate=2025/05/04&racecourse=ST&RaceNo=2,false
2025-05-04_ST_03,2025-05-04_ST,2025-05-04,ST,3,641,Class 4,Class 4 - 1200M - (60-40),1200,60-40,GOOD TO FIRM,"TURF - ""B"" Course",HUNG HOM HANDICAP,1170000,24.46 | 22.31 11.13 11.18 | 22.44 10.88 11.56,https://racing.hkjc.com/en-us/local/information/archive/localresults?racedate=2025/05/04&racecourse=ST&RaceNo=3,false
2025-05-04_ST_04,2025-05-04_ST,2025-05-04,ST,4,642,Class 2,Class 2 - 1600M - (100-75),1600,100-75,GOOD TO FIRM,"TURF - ""B"" Course",HILLWOOD HANDICAP,3120000,24.86 | 23.90 | 23.02 12.00 11.02 | 22.18 10.85 11.33,https://racing.hkjc.com/en-us/local/information/archive/localresults?racedate=2025/05/04&racecourse=ST&RaceNo=4,false
2025-05-04_ST_05,2025-05-04_ST,2025-05-04,ST,5,643,Class 3,Class 3 - 1200M - (80-60),1200,80-60,GOOD TO FIRM,"TURF - ""B"" Course",GASCOIGNE HANDICAP,1860000,24.42 | 21.88 10.85 11.03 | 22.54 10.89 11.65,https://racing.hkjc.com/en-us/local/information/archive/localresults?racedate=2025/05/04&racecourse=ST&RaceNo=5,false
2025-05-04_ST_06,2025-05-04_ST,2025-05-04,ST,6,644,Class 4,Class 4 - 1600M - (60-40),1600,60-40,GOOD TO FIRM,"TURF - ""B"" Course",THE KOWLOON CRICKET CLUB CENTENARY CUP (HANDICAP),1170000,24.41 | 22.77 | 23.88 12.09 11.79 | 23.77 11.68 12.09,https://racing.hkjc.com/en-us/local/information/archive/localresults?racedate=2025/05/04&racecourse=ST&RaceNo=6,false
2025-05-04_ST_07,2025-05-04_ST,2025-05-04,ST,7,645,Class 4,Class 4 - 1400M - (60-40),1400,60-40,GOOD TO FIRM,"TURF - ""B"" Course",COX'S HANDICAP,1170000,13.50 | 22.23 | 22.98 11.50 11.48 | 23.03 11.40 11.63,https://racing.hkjc.com/en-us/local/information/archive/localresults?racedate=2025/05/04&racecourse=ST&RaceNo=7,false
2025-05-04_ST_08,2025-05-04_ST,2025-05-04,ST,8,646,Group Three,Group Three - 2400M,2400,,GOOD TO FIRM,"TURF - ""B"" Course",THE QUEEN MOTHER MEMORIAL CUP (HANDICAP),4200000,26.37 | 25.09 | 26.68 | 25.75 | 23.92 12.27 11.65 | 21.91 10.68 11.23,https://racing.hkjc.com/en-us/local/information/archive/localresults?racedate=2025/05/04&racecourse=ST&RaceNo=8,false
2025-05-04_ST_09,2025-05-04_ST,2025-05-04,ST,9,647,Class 4,Class 4 - 1400M - (60-40),1400,60-40,GOOD TO FIRM,"TURF - ""B"" Course",COX'S HANDICAP,1170000,13.44 | 21.57 | 22.63 11.15 11.48 | 23.48 11.65 11.83,https://racing.hkjc.com/en-us/local/information/archive/localresults?racedate=2025/05/04&racecourse=ST&RaceNo=9,false
2025-05-04_ST_10,2025-05-04_ST,2025-05-04,ST,10,648,Class 3,Class 3 - 2000M - (80-60),2000,80-60,GOOD TO FIRM,"TURF - ""B"" Course",CHATHAM HANDICAP,2050000,26.10 | 24.75 | 25.20 | 23.53 12.11 11.42 | 22.56 10.92 11.64,https://racing.hkjc.com/en-us/local/information/archive/localresults?racedate=2025/05/04&racecourse=ST&RaceNo=10,false
2025-05-04_ST_11,2025-05-04_ST,2025-05-04,ST,11,649,Class 3,Class 3 - 1400M - (80-60),1400,80-60,GOOD TO FIRM,"TURF - ""B"" Course",AUSTIN HANDICAP,1860000,13.50 | 21.68 | 22.94 11.53 11.41 | 23.13 11.40 11.73,https://racing.hkjc.com/en-us/local/information/archive/localresults?racedate=2025/05/04&racecourse=ST&RaceNo=11,false
2025-05-07_HV_01,2025-05-07_HV,2025-05-07,HV,1,650,Class 5,Class 5 - 1650M - (40-0),1650,40-0,GOOD,"TURF - ""A"" Course",AUTEUIL HANDICAP,875000,28.57 | 24.81 | 24.40 12.26 12.14 | 23.66 11.93 11.73,https://racing.hkjc.com/en-us/local/information/archive/localresults?racedate=2025/05/07&racecourse=HV&RaceNo=1,false
2025-05-07_HV_02,2025-05-07_HV,2025-05-07,HV,2,651,Class 5,Class 5 - 1000M - (40-0),1000,40-0,GOOD,"TURF - ""A"" Course",MAISONS-LAFFITTE HANDICAP,875000,12.52 | 21.61 10.44 11.17 | 23.04 11.35 11.69,https://racing.hkjc.com/en-us/local/information/archive/localresults?racedate=2025/05/07&racecourse=HV&RaceNo=2,false
2025-05-07_HV_03,2025-05-07_HV,2025-05-07,HV,3,652,Class 4,Class 4 - 2200M - (60-35),2200,60-35,GOOD,"TURF - ""A"" Course",THE FRENCH MAY TROPHY (HANDICAP),1170000,14.65 | 24.53 | 25.10 | 25.74 | 23.48 11.57 11.91 | 24.28 12.06 12.22,https://racing.hkjc.com/en-us/local/information/archive/localresults?racedate=2025/05/07&racecourse=HV&RaceNo=3,false
2025-05-07_HV_04,2025-05-07_HV,2025-05-07,HV,4,653,Class 4,Class 4 - 1200M - (60-40),1200,60-40,GOOD,"TURF - ""A"" Course",CHANTILLY HANDICAP,1170000,23.86 | 23.13 11.14 11.99 | 23.66 11.92 11.74,https://racing.hkjc.com/en-us/local/information/archive/localresults?racedate=2025/05/07&racecourse=HV&RaceNo=4,false
2025-05-07_HV_05,2025-05-07_HV,2025-05-07,HV,5,654,Class 4,Class 4 - 1650M - (60-40),1650,60-40,GOOD,"TURF - ""A"" Course",SAINT-CLOUD HANDICAP,1170000,28.17 | 23.92 | 24.41 12.20 12.21 | 24.17 11.99 12.18,https://racing.hkjc.com/en-us/local/information/archive/localresults?racedate=2025/05/07&racecourse=HV&RaceNo=5,false
2025-05-07_HV_06,2025-05-07_HV,2025-05-07,HV,6,655,Class 4,Class 4 - 1200M - (60-40),1200,60-40,GOOD,"TURF - ""A"" Course",THE FRANCE GALOP CUP (HANDICAP),1170000,23.87 | 22.76 10.92 11.84 | 23.75 11.80 11.95,https://racing.hkjc.com/en-us/local/information/archive/localresults?racedate=2025/05/07&racecourse=HV&RaceNo=6,false
2025-05-07_HV_07,2025-05-07_HV,2025-05-07,HV,7,656,Class 4,Class 4 - 1650M - (60-40),1650,60-40,GOOD,"TURF - ""A"" Course",SAINT-CLOUD HANDICAP,1170000,27.68 | 23.38 | 24.67 12.22 12.45 | 24.30 12.18 12.12,https://racing.hkjc.com/en-us/local/information/archive/localresults?racedate=2025/05/07&racecourse=HV&RaceNo=7,false
2025-05-07_HV_08,2025-05-07_HV,2025-05-07,HV,8,657,Class 3,Class 3 - 1650M - (80-60),1650,80-60,GOOD,"TURF - ""A"" Course",DEAUVILLE HANDICAP,2050000,27.44 | 23.71 | 24.08 12.02 12.06 | 23.82 11.90 11.92,https://racing.hkjc.com/en-us/local/information/archive/localresults?racedate=2025/05/07&racecourse=HV&RaceNo=8,false
2025-05-07_HV_09,2025-05-07_HV,2025-05-07,HV,9,658,Class 3,Class 3 - 1200M - (80-60),1200,80-60,GOOD,"TURF - ""A"" Course",PARISLONGCHAMP HANDICAP,1860000,23.62 | 22.30 10.82 11.48 | 23.52 11.76 11.76,https://racing.hkjc.com/en-us/local/information/archive/localresults?racedate=2025/05/07&racecourse=HV&RaceNo=9,false
2025-05-10_ST_01,2025-05-10_ST,2025-05-10,ST,1,659,Class 5,Class 5 - 1600M - (40-0),1600,40-0,GOOD,"TURF - ""C"" Course",CASTLE PEAK HANDICAP,875000,24.46 | 22.85 | 23.89 12.10 11.79 | 24.25 11.69 12.56,https://racing.hkjc.com/en-us/local/information/archive/localresults?racedate=2025/05/10&racecourse=ST&RaceNo=1,false
2025-05-10_ST_02,2025-05-10_ST,2025-05-10,ST,2,660,Class 4,Class 4 - 1000M - (60-40),1000,60-40,GOOD,"TURF - ""C"" Course",CHAI WAN ROAD HANDICAP,1170000,12.88 | 20.77 10.31 10.46 | 23.17 11.31 11.86,https://racing.hkjc.com/en-us/local/information/archive/localresults?racedate=2025/05/10&racecourse=ST&RaceNo=2,false
2025-05-10_ST_03,2025-05-10_ST,2025-05-10,ST,3,661,Class 4,Class 4 - 1400M - (60-40),1400,60-40,GOOD,"TURF - ""C"" Course",TUEN MUN PUBLIC RIDING SCHOOL HANDICAP,1170000,13.35 | 22.03 | 23.79 11.90 11.89 | 22.98 11.24 11.74,https://racing.hkjc.com/en-us/local/information/archive/localresults?racedate=2025/05/10&racecourse=ST&RaceNo=3,false
2025-05-10_ST_04,2025-05-10_ST,2025-05-10,ST,4,662,Class 4,Class 4 - 1650M - (60-40),1650,60-40,GOOD,ALL WEATHER TRACK,POK FU LAM PUBLIC RIDING SCHOOL HANDICAP,1170000,27.27 | 22.25 | 23.90 11.66 12.24 | 25.79 12.96 12.83,https://racing.hkjc.com/en-us/local/information/archive/localresults?racedate=2025/05/10&racecourse=ST&RaceNo=4,false
2025-05-10_ST_05,2025-05-10_ST,2025-05-10,ST,5,663,Class 4,Class 4 - 1400M - (60-40),1400,60-40,GOOD,"TURF - ""C"" Course",LEI YUE MUN PUBLIC RIDING SCHOOL HANDICAP,1170000,13.52 | 22.41 | 22.99 11.51 11.48 | 23.08 11.36 11.72,https://racing.hkjc.com/en-us/local/information/archive/localresults?racedate=2025/05/10&racecourse=ST&RaceNo=5,false
2025-05-10_ST_06,2025-05-10_ST,2025-05-10,ST,6,664,Class 4,Class 4 - 1200M - (60-40),1200,60-40,GOOD,"TURF - ""C"" Course",THE HONG KONG RIDING FOR THE DISABLED ASSOCIATION 50TH ANNIVERSARY CUP (HANDICAP),1170000,23.52 | 22.14 10.87 11.27 | 23.53 11.49 12.04,https://racing.hkjc.com/en-us/local/information/archive/localresults?racedate=2025/05/10&racecourse=ST&RaceNo=6,false
2025-05-10_ST_07,2025-05-10_ST,2025-05-10,ST,7,665,Class 3,Class 3 - 1650M - (80-60),1650,80-60,GOOD,ALL WEATHER TRACK,LEI YUE MUN PARK HANDICAP,2050000,28.15 | 23.10 | 23.49 11.76 11.73 | 23.91 11.80 12.11,https://racing.hkjc.com/en-us/local/information/archive/localresults?racedate=2025/05/10&racecourse=ST&RaceNo=7,false
2025-05-10_ST_08,2025-05-10_ST,2025-05-10,ST,8,666,Class 3,Class 3 - 1400M - (80-60),1400,80-60,GOOD,"TURF - ""C"" Course",LUNG MUN ROAD HANDICAP,1860000,13.49 | 22.63 | 22.85 11.54 11.31 | 22.76 11.17 11.59,https://racing.hkjc.com/en-us/local/information/archive/localresults?racedate=2025/05/10&racecourse=ST&RaceNo=8,false
2025-05-10_ST_09,2025-05-10_ST,2025-05-10,ST,9,667,Class 3,Class 3 - 1200M - (80-60),1200,80-60,GOOD,"TURF - ""C"" Course",POK FU LAM COUNTRY PARK HANDICAP,1860000,23.96 | 22.36 11.00 11.36 | 22.98 11.08 11.90,https://racing.hkjc.com/en-us/local/information/archive/localresults?racedate=2025/05/10&racecourse=ST&RaceNo=9,false
2025-05-10_ST_10,2025-05-10_ST,2025-05-10,ST,10,668,Class 2,Class 2 - 1200M - (105-80),1200,105-80,GOOD,"TURF - ""C"" Course",POK FU LAM RESERVOIR ROAD HANDICAP,2840000,23.79 | 21.89 10.87 11.02 | 22.76 10.80 11.96,https://racing.hkjc.com/en-us/local/information/archive/localresults?racedate=2025/05/10&racecourse=ST&RaceNo=10,false
2025-05-14_HV_01,2025-05-14_HV,2025-05-14,HV,1,669,Class 5,Class 5 - 1800M - (40-0),1800,40-0,GOOD TO FIRM,"TURF - ""B"" Course",YUE WAN HANDICAP,875000,13.54 | 22.67 | 24.29 | 24.18 12.03 12.15 | 24.26 12.10 12.16,https://racing.hkjc.com/en-us/local/information/archive/localresults?racedate=2025/05/14&racecourse=HV&RaceNo=1,false
2025-05-14_HV_02,2025-05-14_HV,2025-05-14,HV,2,670,Class 3,Class 3 - 1000M - (80-55),1000,80-55,GOOD TO FIRM,"TURF - ""B"" Course",CHOI WAN HANDICAP,1860000,12.39 | 20.93 10.01 10.92 | 23.01 11.35 11.66,https://racing.hkjc.com/en-us/local/information/archive/localresults?racedate=2025/05/14&racecourse=HV&RaceNo=2,false
2025-05-14_HV_03,2025-05-14_HV,2025-05-14,HV,3,671,Class 4,Class 4 - 1650M - (60-40),1650,60-40,GOOD TO FIRM,"TURF - ""B"" Course",WU KING HANDICAP,1170000,27.67 | 23.28 | 24.52 12.26 12.26 | 24.29 12.23 12.06,https://racing.hkjc.com/en-us/local/information/archive/localresults?racedate=2025/05/14&racecourse=HV&RaceNo=3,false
2025-05-14_HV_04,2025-05-14_HV,2025-05-14,HV,4,672,Class 2,Class 2 - 1650M - (105-80),1650,105-80,GOOD TO FIRM,"TURF - ""B"" Course",CHOI HUNG HANDICAP,3120000,27.77 | 24.20 | 23.29 11.77 11.52 | 23.60 11.69 11.91,https://racing.hkjc.com/en-us/local/information/archive/localresults?racedate=2025/05/14&racecourse=HV&RaceNo=4,false
2025-05-14_HV_05,2025-05-14_HV,2025-05-14,HV,5,673,Class 4,Class 4 - 1200M - (60-40),1200,60-40,GOOD TO FIRM,"TURF - ""B"" Course",TIN SAU HANDICAP,1170000,24.12 | 22.91 11.21 11.70 | 22.87 11.49 11.38,https://racing.hkjc.com/en-us/local/information/archive/localresults?racedate=2025/05/14&racecourse=HV&RaceNo=5,false
2025-05-14_HV_06,2025-05-14_HV,2025-05-14,HV,6,674,Class 4,Class 4 - 1200M - (60-40),1200,60-40,GOOD TO FIRM,"TURF - ""B"" Course",TIN SAU HANDICAP,1170000,23.81 | 22.52 11.02 11.50 | 23.53 11.69 11.84,https://racing.hkjc.com/en-us/local/information/archive/localresults?racedate=2025/05/14&racecourse=HV&RaceNo=6,false
2025-05-14_HV_07,2025-05-14_HV,2025-05-14,HV,7,675,Class 4,Class 4 - 1200M - (60-40),1200,60-40,GOOD TO FIRM,"TURF - ""B"" Course",TIN SAU HANDICAP,1170000,23.95 | 22.82 11.18 11.64 | 23.26 11.41 11.85,https://racing.hkjc.com/en-us/local/information/archive/localresults?racedate=2025/05/14&racecourse=HV&RaceNo=7,false
2025-05-14_HV_08,2025-05-14_HV,2025-05-14,HV,8,676,Class 3,Class 3 - 1800M - (80-60),1800,80-60,GOOD TO FIRM,"TURF - ""B"" Course",NAM SHAN HANDICAP,2050000,13.88 | 22.92 | 24.61 | 24.40 12.41 11.99 | 23.43 11.45 11.98,https://racing.hkjc.com/en-us/local/information/archive/localresults?racedate=2025/05/14&racecourse=HV&RaceNo=8,false
2025-05-14_HV_09,2025-05-14_HV,2025-05-14,HV,9,677,Class 3,Class 3 - 1200M - (80-55),1200,80-55,GOOD TO FIRM,"TURF - ""B"" Course",HOI LAI HANDICAP,1860000,23.42 | 22.67 10.87 11.80 | 23.22 11.55 11.67,https://racing.hkjc.com/en-us/local/information/archive/localresults?racedate=2025/05/14&racecourse=HV&RaceNo=9,false
2025-05-18_ST_01,2025-05-18_ST,2025-05-18,ST,1,678,Class 5,Class 5 - 1400M - (40-0),1400,40-0,GOOD TO FIRM,"TURF - ""C+3"" Course",CELEBRATING TIMELESS TRADITION 1400M HANDICAP,875000,13.49 | 22.22 | 23.21 11.63 11.58 | 22.78 11.03 11.75,https://racing.hkjc.com/en-us/local/information/archive/localresults?racedate=2025/05/18&racecourse=ST&RaceNo=1,false
2025-05-18_ST_02,2025-05-18_ST,2025-05-18,ST,2,679,Class 5,Class 5 - 1200M - (40-0),1200,40-0,GOOD,ALL WEATHER TRACK,OWNERSHIP PRIDE 1200M HANDICAP,875000,23.67 | 22.29 11.08 11.21 | 23.39 11.33 12.06,https://racing.hkjc.com/en-us/local/information/archive/localresults?racedate=2025/05/18&racecourse=ST&RaceNo=2,false
2025-05-18_ST_03,2025-05-18_ST,2025-05-18,ST,3,680,Class 4,Class 4 - 1200M - (60-40),1200,60-40,GOOD,ALL WEATHER TRACK,RACING HERITAGE 1200M HANDICAP,1170000,23.32 | 22.13 10.83 11.30 | 23.68 11.35 12.33,https://racing.hkjc.com/en-us/local/information/archive/localresults?racedate=2025/05/18&racecourse=ST&RaceNo=3,false
2025-05-18_ST_04,2025-05-18_ST,2025-05-18,ST,4,681,Class 4,Class 4 - 1800M - (60-40),1800,60-40,GOOD TO FIRM,"TURF - ""C+3"" Course",MEMBERS' CARE@HKJC 1800M HANDICAP,1170000,14.08 | 22.23 | 23.52 | 24.12 12.09 12.03 | 23.13 11.18 11.95,https://racing.hkjc.com/en-us/local/information/archive/localresults?racedate=2025/05/18&racecourse=ST&RaceNo=4,false
2025-05-18_ST_05,2025-05-18_ST,2025-05-18,ST,5,682,Class 4,Class 4 - 1000M - (60-40),1000,60-40,GOOD TO FIRM,"TURF - ""C+3"" Course",THE BEIJING CLUBHOUSE CUP (HANDICAP),1170000,13.25 | 20.41 10.16 10.25 | 21.91 10.74 11.17,https://racing.hkjc.com/en-us/local/information/archive/localresults?racedate=2025/05/18&racecourse=ST&RaceNo=5,false
2025-05-18_ST_06,2025-05-18_ST,2025-05-18,ST,6,683,Class 4,Class 4 - 1200M - (60-40),1200,60-40,GOOD TO FIRM,"TURF - ""C+3"" Course",THE HILLTOP IN THE VALLEY 1200M HANDICAP,1170000,23.75 | 22.08 10.91 11.17 | 23.18 11.29 11.89,https://racing.hkjc.com/en-us/local/information/archive/localresults?racedate=2025/05/18&racecourse=ST&RaceNo=6,false
2025-05-18_ST_07,2025-05-18_ST,2025-05-18,ST,7,684,Class 3,Class 3 - 1200M - (80-60),1200,80-60,GOOD,ALL WEATHER TRACK,THE MEMBERS CUP (HANDICAP),1860000,23.53 | 21.88 10.81 11.07 | 22.70 11.00 11.70,https://racing.hkjc.com/en-us/local/information/archive/localresults?racedate=2025/05/18&racecourse=ST&RaceNo=7,false
2025-05-18_ST_08,2025-05-18_ST,2025-05-18,ST,8,685,Class 4,Class 4 - 1400M - (60-40),1400,60-40,GOOD TO FIRM,"TURF - ""C+3"" Course",SHA TIN CLUBHOUSE 1400M HANDICAP,1170000,13.81 | 22.14 | 23.65 11.99 11.66 | 22.47 10.93 11.54,https://racing.hkjc.com/en-us/local/information/archive/localresults?racedate=2025/05/18&racecourse=ST&RaceNo=8,false
2025-05-18_ST_09,2025-05-18_ST,2025-05-18,ST,9,686,Class 3,Class 3 - 1200M - (80-60),1200,80-60,GOOD TO FIRM,"TURF - ""C+3"" Course",BEAS RIVER COUNTRY CLUB 1200M HANDICAP,1860000,24.03 | 22.10 11.01 11.09 | 22.61 10.89 11.72,https://racing.hkjc.com/en-us/local/information/archive/localresults?racedate=2025/05/18&racecourse=ST&RaceNo=9,false
2025-05-18_ST_10,2025-05-18_ST,2025-05-18,ST,10,687,Class 3,Class 3 - 1600M - (80-60),1600,80-60,GOOD TO FIRM,"TURF - ""C+3"" Course",SHENZHEN CENTRE 1600M HANDICAP,2050000,24.98 | 23.39 | 24.03 12.23 11.80 | 22.58 11.02 11.56,https://racing.hkjc.com/en-us/local/information/archive/localresults?racedate=2025/05/18&racecourse=ST&RaceNo=10,false
2025-05-21_HV_01,2025-05-21_HV,2025-05-21,HV,1,688,Class 4,Class 4 - 1200M - (60-40),1200,60-40,GOOD TO FIRM,"TURF - ""C"" Course",COCHRANE HANDICAP,1170000,23.44 | 22.60 10.99 11.61 | 23.18 11.16 12.02,https://racing.hkjc.com/en-us/local/information/archive/localresults?racedate=2025/05/21&racecourse=HV&RaceNo=1,false
2025-05-21_HV_02,2025-05-21_HV,2025-05-21,HV,2,689,Class 5,Class 5 - 1650M - (40-0),1650,40-0,GOOD TO FIRM,"TURF - ""C"" Course",D'AGUILAR HANDICAP,875000,27.49 | 23.71 | 24.99 12.49 12.50 | 23.89 11.98 11.91,https://racing.hkjc.com/en-us/local/information/archive/localresults?racedate=2025/05/21&racecourse=HV&RaceNo=2,false
2025-05-21_HV_03,2025-05-21_HV,2025-05-21,HV,3,690,Class 4,Class 4 - 1650M - (60-40),1650,60-40,GOOD TO FIRM,"TURF - ""C"" Course",GLENEALY HANDICAP,1170000,27.57 | 22.80 | 24.82 12.38 12.44 | 23.86 11.52 12.34,https://racing.hkjc.com/en-us/local/information/archive/localresults?racedate=2025/05/21&racecourse=HV&RaceNo=3,false
2025-05-21_HV_04,2025-05-21_HV,2025-05-21,HV,4,691,Class 4,Class 4 - 1650M - (60-40),1650,60-40,GOOD TO FIRM,"TURF - ""C"" Course",GLENEALY HANDICAP,1170000,28.17 | 23.23 | 24.20 12.04 12.16 | 24.40 12.25 12.15,https://racing.hkjc.com/en-us/local/information/archive/localresults?racedate=2025/05/21&racecourse=HV&RaceNo=4,false
2025-05-21_HV_05,2025-05-21_HV,2025-05-21,HV,5,692,Class 4,Class 4 - 1000M - (60-40),1000,60-40,GOOD TO FIRM,"TURF - ""C"" Course",THE SPORTS CLUB DIAMOND JUBILEE CHALLENGE CUP (HANDICAP),1170000,12.50 | 21.40 10.33 11.07 | 23.33 11.58 11.75,https://racing.hkjc.com/en-us/local/information/archive/localresults?racedate=2025/05/21&racecourse=HV&RaceNo=5,false
2025-05-21_HV_06,2025-05-21_HV,2025-05-21,HV,6,693,Class 4,Class 4 - 1200M - (60-40),1200,60-40,GOOD TO FIRM,"TURF - ""C"" Course",COCHRANE HANDICAP,1170000,23.42 | 23.07 11.24 11.83 | 23.44 11.52 11.92,https://racing.hkjc.com/en-us/local/information/archive/localresults?racedate=2025/05/21&racecourse=HV&RaceNo=6,false
2025-05-21_HV_07,2025-05-21_HV,2025-05-21,HV,7,694,Class 3,Class 3 - 1200M - (80-60),1200,80-60,GOOD TO FIRM,"TURF - ""C"" Course",WYNDHAM HANDICAP,1860000,23.52 | 22.69 10.97 11.72 | 23.41 11.53 11.88,https://racing.hkjc.com/en-us/local/information/archive/localresults?racedate=2025/05/21&racecourse=HV&RaceNo=7,false
2025-05-21_HV_08,2025-05-21_HV,2025-05-21,HV,8,695,Class 3,Class 3 - 1650M - (80-60),1650,80-60,GOOD TO FIRM,"TURF - ""C"" Course",ON LAN HANDICAP,2050000,27.41 | 23.47 | 24.81 12.55 12.26 | 24.00 11.86 12.14,https://racing.hkjc.com/en-us/local/information/archive/localresults?racedate=2025/05/21&racecourse=HV&RaceNo=8,false
2025-05-21_HV_09,2025-05-21_HV,2025-05-21,HV,9,696,Class 3,Class 3 - 1200M - (80-60),1200,80-60,GOOD TO FIRM,"TURF - ""C"" Course",WYNDHAM HANDICAP,1860000,23.43 | 22.33 10.81 11.52 | 23.38 11.61 11.77,https://racing.hkjc.com/en-us/local/information/archive/localresults?racedate=2025/05/21&racecourse=HV&RaceNo=9,false
2025-05-25_ST_01,2025-05-25_ST,2025-05-25,ST,1,697,Griffin Race,Griffin Race - 1200M,1200,,GOOD,"TURF - ""A"" Course",PAKISTAN STAR PLATE,950000,23.59 | 23.69 11.67 12.02 | 23.01 11.15 11.86,https://racing.hkjc.com/en-us/local/information/archive/localresults?racedate=2025/05/25&racecourse=ST&RaceNo=1,false
2025-05-25_ST_02,2025-05-25_ST,2025-05-25,ST,2,698,Class 4,Class 4 - 1200M - (60-40),1200,60-40,GOOD,"TURF - ""A"" Course",VIVA PATACA HANDICAP,1170000,23.18 | 22.24 10.98 11.26 | 24.03 11.79 12.24,https://racing.hkjc.com/en-us/local/information/archive/localresults?racedate=2025/05/25&racecourse=ST&RaceNo=2,false
2025-05-25_ST_03,2025-05-25_ST,2025-05-25,ST,3,699,Class 4,Class 4 - 1200M - (60-40),1200,60-40,GOOD,"TURF - ""A"" Course",MAKARPURA STAR HANDICAP,1170000,23.38 | 23.52 11.65 11.87 | 22.83 10.99 11.84,https://racing.hkjc.com/en-us/local/information/archive/localresults?racedate=2025/05/25&racecourse=ST&RaceNo=3,false
2025-05-25_ST_04,2025-05-25_ST,2025-05-25,ST,4,700,Class 2,Class 2 - 1400M - (100-80),1400,100-80,GOOD,"TURF - ""A"" Course",RIVER VERDON HANDICAP,2840000,13.62 | 22.27 | 22.70 11.53 11.17 | 22.62 10.87 11.75,https://racing.hkjc.com/en-us/local/information/archive/localresults?racedate=2025/05/25&racecourse=ST&RaceNo=4,false
2025-05-25_ST_05,2025-05-25_ST,2025-05-25,ST,5,701,Class 4,Class 4 - 1400M - (60-40),1400,60-40,GOOD,"TURF - ""A"" Course",RUSSIAN EMPEROR HANDICAP,1170000,13.17 | 21.33 | 23.17 11.54 11.63 | 23.47 11.29 12.18,https://racing.hkjc.com/en-us/local/information/archive/localresults?racedate=2025/05/25&racecourse=ST&RaceNo=5,false
2025-05-25_ST_06,2025-05-25_ST,2025-05-25,ST,6,702,Class 4,Class 4 - 1600M - (60-40),1600,60-40,GOOD,"TURF - ""A"" Course",HELENE SUPER STAR HANDICAP,1170000,24.35 | 22.88 | 22.97 11.44 11.53 | 23.74 11.54 12.20,https://racing.hkjc.com/en-us/local/information/archive/localresults?racedate=2025/05/25&racecourse=ST&RaceNo=6,false
2025-05-25_ST_07,2025-05-25_ST,2025-05-25,ST,7,703,Class 4,Class 4 - 1400M - (60-40),1400,60-40,GOOD,"TURF - ""A"" Course",EXULTANT HANDICAP,1170000,13.33 | 21.53 | 23.32 11.44 11.88 | 23.32 11.66 11.66,https://racing.hkjc.com/en-us/local/information/archive/localresults?racedate=2025/05/25&racecourse=ST&RaceNo=7,false
2025-05-25_ST_08,2025-05-25_ST,2025-05-25,ST,8,704,Group One,Group One - 2400M,2400,,GOOD,"TURF - ""A"" Course",THE STANDARD CHARTERED CHAMPIONS & CHATER CUP,13000000,25.36 | 25.37 | 26.11 | 22.80 | 23.32 11.48 11.84 | 23.71 11.44 12.27,https://racing.hkjc.com/en-us/local/information/archive/localresults?racedate=2025/05/25&racecourse=ST&RaceNo=8,false
2025-05-25_ST_09,2025-05-25_ST,2025-05-25,ST,9,705,Class 3,Class 3 - 1000M - (80-60),1000,80-60,GOOD,"TURF - ""A"" Course",INDIGENOUS HANDICAP,1860000,13.20 | 21.11 10.57 10.54 | 23.09 11.34 11.75,https://racing.hkjc.com/en-us/local/information/archive/localresults?racedate=2025/05/25&racecourse=ST&RaceNo=9,false
2025-05-25_ST_10,2025-05-25_ST,2025-05-25,ST,10,706,Class 3,Class 3 - 2000M - (85-60),2000,85-60,GOOD,"TURF - ""A"" Course",VENGEANCE OF RAIN HANDICAP,2050000,25.32 | 24.75 | 24.04 | 23.24 11.66 11.58 | 23.71 11.55 12.16,https://racing.hkjc.com/en-us/local/information/archive/localresults?racedate=2025/05/25&racecourse=ST&RaceNo=10,false
2025-05-25_ST_11,2025-05-25_ST,2025-05-25,ST,11,707,Class 3,Class 3 - 1400M - (80-60),1400,80-60,GOOD,"TURF - ""A"" Course",ORIENTAL EXPRESS HANDICAP,1860000,13.04 | 20.72 | 23.17 11.33 11.84 | 23.92 11.85 12.07,https://racing.hkjc.com/en-us/local/information/archive/localresults?racedate=2025/05/25&racecourse=ST&RaceNo=11,false
2025-05-28_HV_01,2025-05-28_HV,2025-05-28,HV,1,708,Class 5,Class 5 - 1200M - (40-0),1200,40-0,GOOD TO FIRM,"TURF - ""C+3"" Course",DORDOGNE HANDICAP,875000,23.35 | 22.51 11.03 11.48 | 23.47 11.56 11.91,https://racing.hkjc.com/en-us/local/information/archive/localresults?racedate=2025/05/28&racecourse=HV&RaceNo=1,false
2025-05-28_HV_02,2025-05-28_HV,2025-05-28,HV,2,709,Class 5,Class 5 - 1200M - (40-0),1200,40-0,GOOD TO FIRM,"TURF - ""C+3"" Course",DORDOGNE HANDICAP,875000,23.86 | 22.56 11.20 11.36 | 23.26 11.42 11.84,https://racing.hkjc.com/en-us/local/information/archive/localresults?racedate=2025/05/28&racecourse=HV&RaceNo=2,false
2025-05-28_HV_03,2025-05-28_HV,2025-05-28,HV,3,710,Class 4,Class 4 - 2200M - (60-35),2200,60-35,GOOD TO FIRM,"TURF - ""C+3"" Course",LOIRE HANDICAP,1170000,14.26 | 22.34 | 23.94 | 24.99 | 25.19 12.66 12.53 | 24.70 12.49 12.21,https://racing.hkjc.com/en-us/local/information/archive/localresults?racedate=2025/05/28&racecourse=HV&RaceNo=3,false
2025-05-28_HV_04,2025-05-28_HV,2025-05-28,HV,4,711,Class 4,Class 4 - 1200M - (60-40),1200,60-40,GOOD TO FIRM,"TURF - ""C+3"" Course",CIRON HANDICAP,1170000,23.56 | 22.68 10.99 11.69 | 23.88 11.90 11.98,https://racing.hkjc.com/en-us/local/information/archive/localresults?racedate=2025/05/28&racecourse=HV&RaceNo=4,false
2025-05-28_HV_05,2025-05-28_HV,2025-05-28,HV,5,712,Class 4,Class 4 - 1650M - (60-40),1650,60-40,GOOD TO FIRM,"TURF - ""C+3"" Course",THE SAUTERNES'S CUP (HANDICAP),1170000,27.78 | 23.18 | 24.65 12.30 12.35 | 23.86 11.90 11.96,https://racing.hkjc.com/en-us/local/information/archive/localresults?racedate=2025/05/28&racecourse=HV&RaceNo=5,false
2025-05-28_HV_06,2025-05-28_HV,2025-05-28,HV,6,713,Class 4,Class 4 - 1200M - (60-40),1200,60-40,GOOD TO FIRM,"TURF - ""C+3"" Course",CIRON HANDICAP,1170000,23.96 | 22.40 10.90 11.50 | 23.37 11.56 11.81,https://racing.hkjc.com/en-us/local/information/archive/localresults?racedate=2025/05/28&racecourse=HV&RaceNo=6,false
2025-05-28_HV_07,2025-05-28_HV,2025-05-28,HV,7,714,Class 3,Class 3 - 1650M - (80-60),1650,80-60,GOOD TO FIRM,"TURF - ""C+3"" Course",RHINE HANDICAP,2050000,27.77 | 23.55 | 23.48 11.77 11.71 | 23.99 11.91 12.08,https://racing.hkjc.com/en-us/local/information/archive/localresults?racedate=2025/05/28&racecourse=HV&RaceNo=7,false
2025-05-28_HV_08,2025-05-28_HV,2025-05-28,HV,8,715,Class 4,Class 4 - 1650M - (60-40),1650,60-40,GOOD TO FIRM,"TURF - ""C+3"" Course",GARONNE HANDICAP,1170000,28.19 | 23.38 | 24.00 11.89 12.11 | 24.27 12.08 12.19,https://racing.hkjc.com/en-us/local/information/archive/localresults?racedate=2025/05/28&racecourse=HV&RaceNo=8,false
2025-05-28_HV_09,2025-05-28_HV,2025-05-28,HV,9,716,Class 3,Class 3 - 1200M - (80-60),1200,80-60,GOOD TO FIRM,"TURF - ""C+3"" Course",SEINE HANDICAP,1860000,23.59 | 22.55 11.13 11.42 | 23.57 11.66 11.91,https://racing.hkjc.com/en-us/local/information/archive/localresults?racedate=2025/05/28&racecourse=HV&RaceNo=9,false
2025-05-31_ST_01,2025-05-31_ST,2025-05-31,ST,1,717,Class 5,Class 5 - 1400M - (40-0),1400,40-0,GOOD,"TURF - ""B"" Course",SHING MUN RIVER CHANNEL HANDICAP,875000,13.62 | 21.88 | 23.19 11.58 11.61 | 23.24 11.43 11.81,https://racing.hkjc.com/en-us/local/information/archive/localresults?racedate=2025/05/31&racecourse=ST&RaceNo=1,false
2025-05-31_ST_02,2025-05-31_ST,2025-05-31,ST,2,718,Class 4,Class 4 - 1200M - (60-40),1200,60-40,GOOD,"TURF - ""B"" Course",SHA TIN HOI HANDICAP,1170000,23.34 | 22.47 11.08 11.39 | 22.98 11.19 11.79,https://racing.hkjc.com/en-us/local/information/archive/localresults?racedate=2025/05/31&racecourse=ST&RaceNo=2,false
2025-05-31_ST_03,2025-05-31_ST,2025-05-31,ST,3,719,Class 4,Class 4 - 1200M - (60-40),1200,60-40,GOOD,"TURF - ""B"" Course",SHA TIN HOI HANDICAP,1170000,23.53 | 22.46 10.93 11.53 | 23.42 11.40 12.02,https://racing.hkjc.com/en-us/local/information/archive/localresults?racedate=2025/05/31&racecourse=ST&RaceNo=3,false
2025-05-31_ST_04,2025-05-31_ST,2025-05-31,ST,4,720,Class 4,Class 4 - 1650M - (60-40),1650,60-40,GOOD,ALL WEATHER TRACK,PAI TAU HANDICAP,1170000,28.48 | 23.98 | 24.42 12.19 12.23 | 23.65 11.50 12.15,https://racing.hkjc.com/en-us/local/information/archive/localresults?racedate=2025/05/31&racecourse=ST&RaceNo=4,false
2025-05-31_ST_05,2025-05-31_ST,2025-05-31,ST,5,721,Class 4,Class 4 - 1400M - (60-40),1400,60-40,GOOD,"TURF - ""B"" Course",TIN SAM HANDICAP,1170000,13.60 | 21.69 | 22.89 11.24 11.65 | 23.40 11.50 11.90,https://racing.hkjc.com/en-us/local/information/archive/localresults?racedate=2025/05/31&racecourse=ST&RaceNo=5,false
2025-05-31_ST_06,2025-05-31_ST,2025-05-31,ST,6,722,Group Three,Group Three - 1600M,1600,,GOOD,"TURF - ""B"" Course",THE LION ROCK TROPHY (HANDICAP),4200000,24.61 | 23.11 | 23.61 12.01 11.60 | 22.50 11.00 11.50,https://racing.hkjc.com/en-us/local/information/archive/localresults?racedate=2025/05/31&racecourse=ST&RaceNo=6,false
2025-05-31_ST_07,2025-05-31_ST,2025-05-31,ST,7,723,Class 3,Class 3 - 1200M - (80-60),1200,80-60,GOOD,"TURF - ""B"" Course",TAI WAI HANDICAP,1860000,24.42 | 22.11 10.88 11.23 | 22.65 11.09 11.56,https://racing.hkjc.com/en-us/local/information/archive/localresults?racedate=2025/05/31&racecourse=ST&RaceNo=7,false
2025-05-31_ST_08,2025-05-31_ST,2025-05-31,ST,8,724,Group Three,Group Three - 1200M,1200,,GOOD,"TURF - ""B"" Course",THE SHA TIN VASE (HANDICAP),4200000,23.22 | 22.23 10.74 11.49 | 22.69 11.08 11.61,https://racing.hkjc.com/en-us/local/information/archive/localresults?racedate=2025/05/31&racecourse=ST&RaceNo=8,false
2025-05-31_ST_09,2025-05-31_ST,2025-05-31,ST,9,725,Class 3,Class 3 - 1400M - (80-60),1400,80-60,GOOD,"TURF - ""B"" Course",FO TAN HANDICAP,1860000,13.42 | 21.68 | 23.09 11.53 11.56 | 22.88 11.05 11.83,https://racing.hkjc.com/en-us/local/information/archive/localresults?racedate=2025/05/31&racecourse=ST&RaceNo=9,false
2025-05-31_ST_10,2025-05-31_ST,2025-05-31,ST,10,726,Class 2,Class 2 - 1650M - (100-75),1650,100-75,GOOD,ALL WEATHER TRACK,PENFOLD PARK HANDICAP,3120000,28.12 | 23.49 | 23.49 11.69 11.80 | 24.02 11.69 12.33,https://racing.hkjc.com/en-us/local/information/archive/localresults?racedate=2025/05/31&racecourse=ST&RaceNo=10,false
2025-05-31_ST_11,2025-05-31_ST,2025-05-31,ST,11,727,Class 3,Class 3 - 1600M - (80-60),1600,80-60,GOOD,"TURF - ""B"" Course",MA LIU SHUI HANDICAP,2050000,24.26 | 23.27 | 24.05 12.33 11.72 | 23.09 11.22 11.87,https://racing.hkjc.com/en-us/local/information/archive/localresults?racedate=2025/05/31&racecourse=ST&RaceNo=11,false
2025-06-04_HV_01,2025-06-04_HV,2025-06-04,HV,1,728,Class 5,Class 5 - 2200M - (40-0),2200,40-0,GOOD,"TURF - ""A"" Course",MOUNT BUTLER HANDICAP,875000,14.32 | 22.96 | 24.03 | 26.24 | 25.48 13.04 12.44 | 25.27 12.61 12.66,https://racing.hkjc.com/en-us/local/information/archive/localresults?racedate=2025/06/04&racecourse=HV&RaceNo=1,false
2025-06-04_HV_02,2025-06-04_HV,2025-06-04,HV,2,729,Class 4,Class 4 - 1800M - (60-40),1800,60-40,GOOD TO YIELDING,"TURF - ""A"" Course",MOUNT NICHOLSON HANDICAP,1170000,13.84 | 23.16 | 24.55 | 24.92 12.43 12.49 | 24.72 12.25 12.47,https://racing.hkjc.com/en-us/local/information/archive/localresults?racedate=2025/06/04&racecourse=HV&RaceNo=2,false
2025-06-04_HV_03,2025-06-04_HV,2025-06-04,HV,3,730,Class 4,Class 4 - 1200M - (60-40),1200,60-40,GOOD TO YIELDING,"TURF - ""A"" Course",WONG NAI CHUNG GAP HANDICAP,1170000,23.61 | 22.83 11.08 11.75 | 23.80 11.77 12.03,https://racing.hkjc.com/en-us/local/information/archive/localresults?racedate=2025/06/04&racecourse=HV&RaceNo=3,false
2025-06-04_HV_04,2025-06-04_HV,2025-06-04,HV,4,731,Class 4,Class 4 - 1650M - (60-40),1650,60-40,GOOD TO YIELDING,"TURF - ""A"" Course",SHOUSON HILL HANDICAP,1170000,27.14 | 24.02 | 25.38 12.47 12.91 | 24.96 12.72 12.24,https://racing.hkjc.com/en-us/local/information/archive/localresults?racedate=2025/06/04&racecourse=HV&RaceNo=4,false
2025-06-04_HV_05,2025-06-04_HV,2025-06-04,HV,5,732,Class 4,Class 4 - 1200M - (60-40),1200,60-40,GOOD TO YIELDING,"TURF - ""A"" Course",THE CRICKET CLUB VALLEY STAKES (HANDICAP),1170000,24.02 | 23.38 11.47 11.91 | 23.89 11.86 12.03,https://racing.hkjc.com/en-us/local/information/archive/localresults?racedate=2025/06/04&racecourse=HV&RaceNo=5,false
2025-06-04_HV_06,2025-06-04_HV,2025-06-04,HV,6,733,Class 3,Class 3 - 1200M - (80-60),1200,80-60,GOOD TO YIELDING,"TURF - ""A"" Course",STANLEY GAP HANDICAP,1860000,23.37 | 22.66 11.14 11.52 | 23.97 11.99 11.98,https://racing.hkjc.com/en-us/local/information/archive/localresults?racedate=2025/06/04&racecourse=HV&RaceNo=6,false
2025-06-04_HV_07,2025-06-04_HV,2025-06-04,HV,7,734,Class 3,Class 3 - 1800M - (80-60),1800,80-60,GOOD TO YIELDING,"TURF - ""A"" Course",TAI TAM GAP HANDICAP,2050000,13.98 | 24.10 | 26.05 | 24.07 12.18 11.89 | 23.57 11.96 11.61,https://racing.hkjc.com/en-us/local/information/archive/localresults?racedate=2025/06/04&racecourse=HV&RaceNo=7,false
2025-06-04_HV_08,2025-06-04_HV,2025-06-04,HV,8,735,Class 3,Class 3 - 1650M - (80-60),1650,80-60,GOOD TO YIELDING,"TURF - ""A"" Course",VIOLET HILL HANDICAP,2050000,27.61 | 23.46 | 23.92 11.94 11.98 | 24.53 12.22 12.31,https://racing.hkjc.com/en-us/local/information/archive/localresults?racedate=2025/06/04&racecourse=HV&RaceNo=8,false
2025-06-04_HV_09,2025-06-04_HV,2025-06-04,HV,9,736,Class 2,Class 2 - 1200M - (100-80),1200,100-80,GOOD TO YIELDING,"TURF - ""A"" Course",WAN CHAI GAP HANDICAP,2840000,23.16 | 22.55 10.86 11.69 | 23.95 11.85 12.10,https://racing.hkjc.com/en-us/local/information/archive/localresults?racedate=2025/06/04&racecourse=HV&RaceNo=9,false
2025-06-08_ST_01,2025-06-08_ST,2025-06-08,ST,1,737,Class 5,Class 5 - 1200M - (40-0),1200,40-0,GOOD TO FIRM,"TURF - ""C"" Course",CHAK ON HANDICAP,875000,24.03 | 22.36 11.19 11.17 | 22.80 10.97 11.83,https://racing.hkjc.com/en-us/local/information/archive/localresults?racedate=2025/06/08&racecourse=ST&RaceNo=1,false
2025-06-08_ST_02,2025-06-08_ST,2025-06-08,ST,2,738,Class 4,Class 4 - 1200M - (60-40),1200,60-40,GOOD TO FIRM,"TURF - ""C"" Course",KWONG TIN HANDICAP,1170000,23.87 | 21.84 10.80 11.04 | 22.99 11.14 11.85,https://racing.hkjc.com/en-us/local/information/archive/localresults?racedate=2025/06/08&racecourse=ST&RaceNo=2,false
2025-06-08_ST_03,2025-06-08_ST,2025-06-08,ST,3,739,Class 5,Class 5 - 1400M - (40-0),1400,40-0,GOOD TO FIRM,"TURF - ""C"" Course",CHUNG ON HANDICAP,875000,13.48 | 22.41 | 23.51 11.86 11.65 | 23.22 11.25 11.97,https://racing.hkjc.com/en-us/local/information/archive/localresults?racedate=2025/06/08&racecourse=ST&RaceNo=3,false
2025-06-08_ST_04,2025-06-08_ST,2025-06-08,ST,4,740,Class 4,Class 4 - 1600M - (60-40),1600,60-40,GOOD TO FIRM,"TURF - ""C"" Course",LAM TIN HANDICAP,1170000,24.43 | 23.25 | 24.07 12.06 12.01 | 23.00 11.30 11.70,https://racing.hkjc.com/en-us/local/information/archive/localresults?racedate=2025/06/08&racecourse=ST&RaceNo=4,false
2025-06-08_ST_05,2025-06-08_ST,2025-06-08,ST,5,741,Class 4,Class 4 - 1000M - (60-40),1000,60-40,GOOD TO FIRM,"TURF - ""C"" Course",LAI ON HANDICAP,1170000,13.17 | 20.35 10.05 10.30 | 22.36 10.87 11.49,https://racing.hkjc.com/en-us/local/information/archive/localresults?racedate=2025/06/08&racecourse=ST&RaceNo=5,false
2025-06-08_ST_06,2025-06-08_ST,2025-06-08,ST,6,742,Class 4,Class 4 - 1400M - (60-40),1400,60-40,GOOD TO FIRM,"TURF - ""C"" Course",MEI TIN HANDICAP,1170000,13.44 | 21.90 | 23.40 11.77 11.63 | 23.28 11.52 11.76,https://racing.hkjc.com/en-us/local/information/archive/localresults?racedate=2025/06/08&racecourse=ST&RaceNo=6,false
2025-06-08_ST_07,2025-06-08_ST,2025-06-08,ST,7,743,Class 2,Class 2 - 1400M - (100-80),1400,100-80,GOOD TO FIRM,"TURF - ""C"" Course",LEE ON HANDICAP,2840000,13.68 | 21.46 | 22.81 11.45 11.36 | 22.77 11.18 11.59,https://racing.hkjc.com/en-us/local/information/archive/localresults?racedate=2025/06/08&racecourse=ST&RaceNo=7,false
2025-06-08_ST_08,2025-06-08_ST,2025-06-08,ST,8,744,Class 3,Class 3 - 1400M - (80-60),1400,80-60,GOOD TO FIRM,"TURF - ""C"" Course",PING TIN HANDICAP,1860000,13.62 | 21.90 | 23.06 11.43 11.63 | 23.37 11.47 11.90,https://racing.hkjc.com/en-us/local/information/archive/localresults?racedate=2025/06/08&racecourse=ST&RaceNo=8,false
2025-06-08_ST_09,2025-06-08_ST,2025-06-08,ST,9,745,Class 3,Class 3 - 1000M - (80-60),1000,80-60,GOOD TO FIRM,"TURF - ""C"" Course",ON YAM HANDICAP,1860000,13.09 | 20.20 09.88 10.32 | 22.55 11.15 11.40,https://racing.hkjc.com/en-us/local/information/archive/localresults?racedate=2025/06/08&racecourse=ST&RaceNo=9,false
2025-06-08_ST_10,2025-06-08_ST,2025-06-08,ST,10,746,Class 3,Class 3 - 1200M - (80-60),1200,80-60,GOOD TO FIRM,"TURF - ""C"" Course",TIN WAN HANDICAP,1860000,24.28 | 22.30 10.97 11.33 | 22.40 10.89 11.51,https://racing.hkjc.com/en-us/local/information/archive/localresults?racedate=2025/06/08&racecourse=ST&RaceNo=10,false
2025-06-11_HV_01,2025-06-11_HV,2025-06-11,HV,1,747,Class 5,Class 5 - 1650M - (40-0),1650,40-0,GOOD TO FIRM,"TURF - ""B"" Course",TAI WO PING HANDICAP,875000,27.28 | 24.28 | 25.04 12.57 12.47 | 23.61 11.71 11.90,https://racing.hkjc.com/en-us/local/information/archive/localresults?racedate=2025/06/11&racecourse=HV&RaceNo=1,false
2025-06-11_HV_02,2025-06-11_HV,2025-06-11,HV,2,748,Class 4,Class 4 - 1000M - (60-40),1000,60-40,GOOD TO FIRM,"TURF - ""B"" Course",SHEUNG WAN HANDICAP,1170000,12.58 | 21.40 10.33 11.07 | 22.89 11.20 11.69,https://racing.hkjc.com/en-us/local/information/archive/localresults?racedate=2025/06/11&racecourse=HV&RaceNo=2,false
2025-06-11_HV_03,2025-06-11_HV,2025-06-11,HV,3,749,Class 4,Class 4 - 1650M - (60-40),1650,60-40,GOOD TO FIRM,"TURF - ""B"" Course",TAI KOK TSUI HANDICAP,1170000,28.04 | 23.46 | 24.40 11.98 12.42 | 23.79 11.98 11.81,https://racing.hkjc.com/en-us/local/information/archive/localresults?racedate=2025/06/11&racecourse=HV&RaceNo=3,false
2025-06-11_HV_04,2025-06-11_HV,2025-06-11,HV,4,750,Class 4,Class 4 - 1200M - (60-40),1200,60-40,GOOD TO FIRM,"TURF - ""B"" Course",TAI HANG TUNG HANDICAP,1170000,24.24 | 23.14 11.13 12.01 | 22.98 11.66 11.32,https://racing.hkjc.com/en-us/local/information/archive/localresults?racedate=2025/06/11&racecourse=HV&RaceNo=4,false
2025-06-11_HV_05,2025-06-11_HV,2025-06-11,HV,5,751,Class 4,Class 4 - 1650M - (60-40),1650,60-40,GOOD TO FIRM,"TURF - ""B"" Course",TAI KOK TSUI HANDICAP,1170000,27.73 | 22.55 | 24.24 12.03 12.21 | 24.75 12.24 12.51,https://racing.hkjc.com/en-us/local/information/archive/localresults?racedate=2025/06/11&racecourse=HV&RaceNo=5,false
2025-06-11_HV_06,2025-06-11_HV,2025-06-11,HV,6,752,Class 2,Class 2 - 1650M - (100-80),1650,100-80,GOOD TO FIRM,"TURF - ""B"" Course",CHEUNG SHA HANDICAP,3120000,27.48 | 23.61 | 23.75 11.91 11.84 | 23.60 11.84 11.76,https://racing.hkjc.com/en-us/local/information/archive/localresults?racedate=2025/06/11&racecourse=HV&RaceNo=6,false
2025-06-11_HV_07,2025-06-11_HV,2025-06-11,HV,7,753,Class 4,Class 4 - 1200M - (60-40),1200,60-40,GOOD TO FIRM,"TURF - ""B"" Course",TAI HANG TUNG HANDICAP,1170000,23.87 | 22.96 11.55 11.41 | 23.29 11.61 11.68,https://racing.hkjc.com/en-us/local/information/archive/localresults?racedate=2025/06/11&racecourse=HV&RaceNo=7,false
2025-06-11_HV_08,2025-06-11_HV,2025-06-11,HV,8,754,Class 3,Class 3 - 1650M - (80-60),1650,80-60,GOOD TO FIRM,"TURF - ""B"" Course",SHEUNG SHUI HANDICAP,2050000,27.88 | 24.52 | 23.99 12.23 11.76 | 23.59 11.72 11.87,https://racing.hkjc.com/en-us/local/information/archive/localresults?racedate=2025/06/11&racecourse=HV&RaceNo=8,false
2025-06-11_HV_09,2025-06-11_HV,2025-06-11,HV,9,755,Class 3,Class 3 - 1200M - (80-60),1200,80-60,GOOD TO FIRM,"TURF - ""B"" Course",CHEUNG SHEUNG HANDICAP,1860000,23.40 | 22.46 11.04 11.42 | 23.53 11.75 11.78,https://racing.hkjc.com/en-us/local/information/archive/localresults?racedate=2025/06/11&racecourse=HV&RaceNo=9,false
2025-06-14_ST_01,2025-06-14_ST,2025-06-14,ST,1,756,Griffin Race,Griffin Race - 1000M,1000,,GOOD,"TURF - ""C+3"" Course",HKU FACULTIES OF ARTS AND EDUCATION PLATE,950000,13.18 | 20.28 10.11 10.17 | 22.38 10.96 11.42,https://racing.hkjc.com/en-us/local/information/archive/localresults?racedate=2025/06/14&racecourse=ST&RaceNo=1,false
2025-06-14_ST_02,2025-06-14_ST,2025-06-14,ST,2,757,Class 5,Class 5 - 1600M - (40-0),1600,40-0,GOOD,"TURF - ""C+3"" Course",HKU FACULTIES OF LAW AND MEDICINE HANDICAP,875000,25.35 | 23.06 | 24.32 12.34 11.98 | 22.99 11.26 11.73,https://racing.hkjc.com/en-us/local/information/archive/localresults?racedate=2025/06/14&racecourse=ST&RaceNo=2,false
2025-06-14_ST_03,2025-06-14_ST,2025-06-14,ST,3,758,Class 4,Class 4 - 1200M - (60-40),1200,60-40,GOOD,"TURF - ""C+3"" Course",HKU HERITAGE HANDICAP,1170000,24.09 | 22.82 11.24 11.58 | 22.48 11.04 11.44,https://racing.hkjc.com/en-us/local/information/archive/localresults?racedate=2025/06/14&racecourse=ST&RaceNo=3,false
2025-06-14_ST_04,2025-06-14_ST,2025-06-14,ST,4,759,Class 4,Class 4 - 1200M - (60-40),1200,60-40,WET FAST,ALL WEATHER TRACK,HKU FACULTIES OF DENTISTRY AND SOCIAL SCIENCES HANDICAP,1170000,23.29 | 21.97 10.75 11.22 | 23.56 11.61 11.95,https://racing.hkjc.com/en-us/local/information/archive/localresults?racedate=2025/06/14&racecourse=ST&RaceNo=4,false
2025-06-14_ST_05,2025-06-14_ST,2025-06-14,ST,5,760,Class 4,Class 4 - 1400M - (60-40),1400,60-40,GOOD,"TURF - ""C+3"" Course",UNIVERSITY HALL HANDICAP,1170000,13.53 | 21.50 | 23.29 11.55 11.74 | 23.24 11.25 11.99,https://racing.hkjc.com/en-us/local/information/archive/localresults?racedate=2025/06/14&racecourse=ST&RaceNo=5,false
2025-06-14_ST_06,2025-06-14_ST,2025-06-14,ST,6,761,Class 4,Class 4 - 1800M - (60-40),1800,60-40,GOOD,"TURF - ""C+3"" Course",HKU FACULTIES OF ARCHITECTURE AND SCIENCE HANDICAP,1170000,13.66 | 22.05 | 24.14 | 23.85 11.94 11.91 | 23.91 11.72 12.19,https://racing.hkjc.com/en-us/local/information/archive/localresults?racedate=2025/06/14&racecourse=ST&RaceNo=6,false
2025-06-14_ST_07,2025-06-14_ST,2025-06-14,ST,7,762,Class 4,Class 4 - 1400M - (60-40),1400,60-40,GOOD,"TURF - ""C+3"" Course",THE HONG KONG UNIVERSITY ALUMNI ASSOCIATION CHALLENGE CUP (HANDICAP),1170000,13.42 | 21.50 | 23.08 11.48 11.60 | 23.74 11.54 12.20,https://racing.hkjc.com/en-us/local/information/archive/localresults?racedate=2025/06/14&racecourse=ST&RaceNo=7,false
2025-06-14_ST_08,2025-06-14_ST,2025-06-14,ST,8,763,Class 2,Class 2 - 1200M - (105-80),1200,105-80,GOOD,"TURF - ""C+3"" Course",HKU BUSINESS SCHOOL AND FACULTY OF ENGINEERING HANDICAP,2840000,23.26 | 21.80 10.86 10.94 | 23.06 11.02 12.04,https://racing.hkjc.com/en-us/local/information/archive/localresults?racedate=2025/06/14&racecourse=ST&RaceNo=8,false
2025-06-14_ST_09,2025-06-14_ST,2025-06-14,ST,9,764,Class 3,Class 3 - 1800M - (80-60),1800,80-60,GOOD,"TURF - ""C+3"" Course",HKU FOUNDATION HANDICAP,2050000,13.83 | 22.32 | 23.77 | 23.35 11.71 11.64 | 23.72 11.63 12.09,https://racing.hkjc.com/en-us/local/information/archive/localresults?racedate=2025/06/14&racecourse=ST&RaceNo=9,false
2025-06-14_ST_10,2025-06-14_ST,2025-06-14,ST,10,765,Class 3,Class 3 - 1200M - (80-60),1200,80-60,WET FAST,ALL WEATHER TRACK,HKU JOCKEY CLUB STUDENT VILLAGES HANDICAP,1860000,23.16 | 21.98 10.81 11.17 | 23.09 11.12 11.97,https://racing.hkjc.com/en-us/local/information/archive/localresults?racedate=2025/06/14&racecourse=ST&RaceNo=10,false
2025-06-14_ST_11,2025-06-14_ST,2025-06-14,ST,11,766,Class 3,Class 3 - 1400M - (80-60),1400,80-60,GOOD,"TURF - ""C+3"" Course",THE HONG KONG JOCKEY CLUB SCHOLARSHIPS HANDICAP,1860000,13.51 | 22.09 | 23.09 11.43 11.66 | 22.75 11.11 11.64,https://racing.hkjc.com/en-us/local/information/archive/localresults?racedate=2025/06/14&racecourse=ST&RaceNo=11,false
2025-06-22_ST_01,2025-06-22_ST,2025-06-22,ST,1,767,Class 4,Class 4 - 1000M - (60-40),1000,60-40,GOOD,"TURF - ""A"" Course",RUBY HANDICAP,1170000,12.91 | 20.55 10.05 10.50 | 22.35 11.03 11.32,https://racing.hkjc.com/en-us/local/information/archive/localresults?racedate=2025/06/22&racecourse=ST&RaceNo=1,false
2025-06-22_ST_02,2025-06-22_ST,2025-06-22,ST,2,768,Class 5,Class 5 - 2000M - (40-0),2000,40-0,GOOD,"TURF - ""A"" Course",SPESSARTINE GARNET HANDICAP,875000,25.67 | 23.98 | 24.66 | 24.30 12.51 11.79 | 23.92 11.44 12.48,https://racing.hkjc.com/en-us/local/information/archive/localresults?racedate=2025/06/22&racecourse=ST&RaceNo=2,false
2025-06-22_ST_03,2025-06-22_ST,2025-06-22,ST,3,769,Class 4,Class 4 - 1200M - (60-40),1200,60-40,GOOD,"TURF - ""A"" Course",DIAMOND HANDICAP,1170000,24.07 | 22.79 11.47 11.32 | 22.43 10.74 11.69,https://racing.hkjc.com/en-us/local/information/archive/localresults?racedate=2025/06/22&racecourse=ST&RaceNo=3,false
2025-06-22_ST_04,2025-06-22_ST,2025-06-22,ST,4,770,Class 4,Class 4 - 1600M - (60-40),1600,60-40,GOOD,"TURF - ""A"" Course",TOPAZ HANDICAP,1170000,24.37 | 23.01 | 24.20 12.21 11.99 | 23.41 11.49 11.92,https://racing.hkjc.com/en-us/local/information/archive/localresults?racedate=2025/06/22&racecourse=ST&RaceNo=4,false
2025-06-22_ST_05,2025-06-22_ST,2025-06-22,ST,5,771,Class 4,Class 4 - 1200M - (60-40),1200,60-40,GOOD,"TURF - ""A"" Course",DIAMOND HANDICAP,1170000,23.35 | 22.24 10.89 11.35 | 23.41 11.56 11.85,https://racing.hkjc.com/en-us/local/information/archive/localresults?racedate=2025/06/22&racecourse=ST&RaceNo=5,false
2025-06-22_ST_06,2025-06-22_ST,2025-06-22,ST,6,772,Group Three,Group Three - 1400M,1400,,GOOD,"TURF - ""A"" Course",THE PREMIER CUP (HANDICAP),4200000,13.51 | 22.33 | 22.94 11.78 11.16 | 22.37 10.91 11.46,https://racing.hkjc.com/en-us/local/information/archive/localresults?racedate=2025/06/22&racecourse=ST&RaceNo=6,false
2025-06-22_ST_07,2025-06-22_ST,2025-06-22,ST,7,773,Class 4,Class 4 - 1400M - (60-40),1400,60-40,GOOD,"TURF - ""A"" Course",EMERALD HANDICAP,1170000,13.29 | 21.44 | 23.34 11.55 11.79 | 23.29 11.44 11.85,https://racing.hkjc.com/en-us/local/information/archive/localresults?racedate=2025/06/22&racecourse=ST&RaceNo=7,false
2025-06-22_ST_08,2025-06-22_ST,2025-06-22,ST,8,774,Group Three,Group Three - 1800M,1800,,GOOD,"TURF - ""A"" Course",THE PREMIER PLATE (HANDICAP),4200000,13.73 | 22.71 | 24.03 | 23.92 12.13 11.79 | 22.52 11.09 11.43,https://racing.hkjc.com/en-us/local/information/archive/localresults?racedate=2025/06/22&racecourse=ST&RaceNo=8,false
2025-06-22_ST_09,2025-06-22_ST,2025-06-22,ST,9,775,Class 3,Class 3 - 1200M - (80-60),1200,80-60,GOOD,"TURF - ""A"" Course",LAPIS LAZULI HANDICAP,1860000,23.26 | 22.04 10.84 11.20 | 23.22 11.12 12.10,https://racing.hkjc.com/en-us/local/information/archive/localresults?racedate=2025/06/22&racecourse=ST&RaceNo=9,false
2025-06-22_ST_10,2025-06-22_ST,2025-06-22,ST,10,776,Class 3,Class 3 - 1600M - (80-60),1600,80-60,GOOD,"TURF - ""A"" Course",SAPPHIRE HANDICAP,2050000,24.27 | 22.59 | 24.13 12.05 12.08 | 23.35 11.51 11.84,https://racing.hkjc.com/en-us/local/information/archive/localresults?racedate=2025/06/22&racecourse=ST&RaceNo=10,false
2025-06-22_ST_11,2025-06-22_ST,2025-06-22,ST,11,777,Class 3,Class 3 - 1400M - (80-60),1400,80-60,GOOD,"TURF - ""A"" Course",AMETHYST HANDICAP,1860000,13.18 | 21.71 | 22.91 11.58 11.33 | 23.30 11.31 11.99,https://racing.hkjc.com/en-us/local/information/archive/localresults?racedate=2025/06/22&racecourse=ST&RaceNo=11,false
2025-06-25_HV_01,2025-06-25_HV,2025-06-25,HV,1,778,Class 5,Class 5 - 1200M - (40-0),1200,40-0,GOOD TO FIRM,"TURF - ""C"" Course",CHESTER HANDICAP,875000,23.97 | 22.83 11.14 11.69 | 22.73 11.19 11.54,https://racing.hkjc.com/en-us/local/information/archive/localresults?racedate=2025/06/25&racecourse=HV&RaceNo=1,false
2025-06-25_HV_02,2025-06-25_HV,2025-06-25,HV,2,779,Class 4,Class 4 - 1200M - (60-40),1200,60-40,GOOD TO FIRM,"TURF - ""C"" Course",HEREFORD HANDICAP,1170000,23.74 | 22.53 10.94 11.59 | 23.28 11.55 11.73,https://racing.hkjc.com/en-us/local/information/archive/localresults?racedate=2025/06/25&racecourse=HV&RaceNo=2,false
2025-06-25_HV_03,2025-06-25_HV,2025-06-25,HV,3,780,Class 4,Class 4 - 1200M - (60-40),1200,60-40,GOOD TO FIRM,"TURF - ""C"" Course",HEREFORD HANDICAP,1170000,23.53 | 22.93 11.10 11.83 | 23.13 11.47 11.66,https://racing.hkjc.com/en-us/local/information/archive/localresults?racedate=2025/06/25&racecourse=HV&RaceNo=3,false
2025-06-25_HV_04,2025-06-25_HV,2025-06-25,HV,4,781,Class 4,Class 4 - 1650M - (60-40),1650,60-40,GOOD TO FIRM,"TURF - ""C"" Course",LANCASHIRE HANDICAP,1170000,27.71 | 23.17 | 24.76 12.16 12.60 | 23.71 12.03 11.68,https://racing.hkjc.com/en-us/local/information/archive/localresults?racedate=2025/06/25&racecourse=HV&RaceNo=4,false
2025-06-25_HV_05,2025-06-25_HV,2025-06-25,HV,5,782,Class 3,Class 3 - 1000M - (80-60),1000,80-60,GOOD TO FIRM,"TURF - ""C"" Course",THE ST GEORGE'S CHALLENGE CUP (HANDICAP),1860000,12.55 | 21.00 10.08 10.92 | 22.89 11.05 11.84,https://racing.hkjc.com/en-us/local/information/archive/localresults?racedate=2025/06/25&racecourse=HV&RaceNo=5,false
2025-06-25_HV_06,2025-06-25_HV,2025-06-25,HV,6,783,Class 4,Class 4 - 1200M - (60-40),1200,60-40,GOOD TO FIRM,"TURF - ""C"" Course",HEREFORD HANDICAP,1170000,23.53 | 23.23 11.20 12.03 | 23.17 11.65 11.52,https://racing.hkjc.com/en-us/local/information/archive/localresults?racedate=2025/06/25&racecourse=HV&RaceNo=6,false
2025-06-25_HV_07,2025-06-25_HV,2025-06-25,HV,7,784,Class 4,Class 4 - 1650M - (60-40),1650,60-40,GOOD TO FIRM,"TURF - ""C"" Course",LANCASHIRE HANDICAP,1170000,28.10 | 23.91 | 24.23 12.14 12.09 | 23.58 11.70 11.88,https://racing.hkjc.com/en-us/local/information/archive/localresults?racedate=2025/06/25&racecourse=HV&RaceNo=7,false
2025-06-25_HV_08,2025-06-25_HV,2025-06-25,HV,8,785,Class 3,Class 3 - 1650M - (80-60),1650,80-60,GOOD TO FIRM,"TURF - ""C"" Course",RENFREW HANDICAP,2050000,27.32 | 23.77 | 24.13 12.04 12.09 | 23.87 11.75 12.12,https://racing.hkjc.com/en-us/local/information/archive/localresults?racedate=2025/06/25&racecourse=HV&RaceNo=8,false
2025-06-25_HV_09,2025-06-25_HV,2025-06-25,HV,9,786,Class 3,Class 3 - 1200M - (80-60),1200,80-60,GOOD TO FIRM,"TURF - ""C"" Course",SELKIRK HANDICAP,1860000,23.52 | 23.12 11.28 11.84 | 22.82 11.41 11.41,https://racing.hkjc.com/en-us/local/information/archive/localresults?racedate=2025/06/25&racecourse=HV&RaceNo=9,false
2025-06-28_ST_01,2025-06-28_ST,2025-06-28,ST,1,787,Class 5,Class 5 - 1400M - (40-0),1400,40-0,GOOD,"TURF - ""B"" Course",KAM TIN RIVER HANDICAP,875000,13.26 | 21.28 | 23.22 11.48 11.74 | 23.65 11.61 12.04,https://racing.hkjc.com/en-us/local/information/archive/localresults?racedate=2025/06/28&racecourse=ST&RaceNo=1,false
2025-06-28_ST_02,2025-06-28_ST,2025-06-28,ST,2,788,Class 5,Class 5 - 1200M - (40-0),1200,40-0,GOOD,"TURF - ""B"" Course",LAM TSUEN RIVER HANDICAP,875000,23.79 | 22.27 10.90 11.37 | 23.11 11.39 11.72,https://racing.hkjc.com/en-us/local/information/archive/localresults?racedate=2025/06/28&racecourse=ST&RaceNo=2,false
2025-06-28_ST_03,2025-06-28_ST,2025-06-28,ST,3,789,Class 3,Class 3 - 2000M - (85-60),2000,85-60,GOOD,"TURF - ""B"" Course",NAM CHUNG RIVER HANDICAP,2050000,25.72 | 23.68 | 24.41 | 23.70 12.13 11.57 | 23.23 11.41 11.82,https://racing.hkjc.com/en-us/local/information/archive/localresults?racedate=2025/06/28&racecourse=ST&RaceNo=3,false
2025-06-28_ST_04,2025-06-28_ST,2025-06-28,ST,4,790,Class 4,Class 4 - 1200M - (60-40),1200,60-40,GOOD,"TURF - ""B"" Course",BEAS RIVER HANDICAP,1170000,24.09 | 22.99 11.49 11.50 | 22.57 10.80 11.77,https://racing.hkjc.com/en-us/local/information/archive/localresults?racedate=2025/06/28&racecourse=ST&RaceNo=4,false
2025-06-28_ST_05,2025-06-28_ST,2025-06-28,ST,5,791,Class 4,Class 4 - 2000M - (60-40),2000,60-40,GOOD,"TURF - ""B"" Course",NG TUNG RIVER HANDICAP,1170000,25.80 | 24.50 | 24.46 | 23.77 12.07 11.70 | 23.50 11.24 12.26,https://racing.hkjc.com/en-us/local/information/archive/localresults?racedate=2025/06/28&racecourse=ST&RaceNo=5,false
2025-06-28_ST_06,2025-06-28_ST,2025-06-28,ST,6,792,Class 4,Class 4 - 1200M - (60-40),1200,60-40,GOOD,"TURF - ""B"" Course",BEAS RIVER HANDICAP,1170000,23.65 | 22.51 11.01 11.50 | 23.51 11.57 11.94,https://racing.hkjc.com/en-us/local/information/archive/localresults?racedate=2025/06/28&racecourse=ST&RaceNo=6,false
2025-06-28_ST_07,2025-06-28_ST,2025-06-28,ST,7,793,Class 4,Class 4 - 1650M - (60-40),1650,60-40,WET SLOW,ALL WEATHER TRACK,SHA TAU KOK RIVER HANDICAP,1170000,27.92 | 22.97 | 24.23 11.96 12.27 | 24.47 12.20 12.27,https://racing.hkjc.com/en-us/local/information/archive/localresults?racedate=2025/06/28&racecourse=ST&RaceNo=7,false
2025-06-28_ST_08,2025-06-28_ST,2025-06-28,ST,8,794,Class 1,Class 1 - 1000M - (110-80),1000,110-80,GOOD,"TURF - ""B"" Course",THE PEARCE MEMORIAL CHALLENGE CUP (HANDICAP),3720000,13.11 | 20.27 09.96 10.31 | 22.29 10.70 11.59,https://racing.hkjc.com/en-us/local/information/archive/localresults?racedate=2025/06/28&racecourse=ST&RaceNo=8,false
2025-06-28_ST_09,2025-06-28_ST,2025-06-28,ST,9,795,Class 4,Class 4 - 1400M - (60-40),1400,60-40,GOOD,"TURF - ""B"" Course",SHAN PUI RIVER HANDICAP,1170000,13.13 | 21.61 | 23.21 11.55 11.66 | 23.76 11.45 12.31,https://racing.hkjc.com/en-us/local/information/archive/localresults?racedate=2025/06/28&racecourse=ST&RaceNo=9,false
2025-06-28_ST_10,2025-06-28_ST,2025-06-28,ST,10,796,Class 3,Class 3 - 1650M - (80-60),1650,80-60,WET SLOW,ALL WEATHER TRACK,SHEK SHEUNG RIVER HANDICAP,2050000,28.15 | 22.82 | 23.42 11.64 11.78 | 24.04 11.83 12.21,https://racing.hkjc.com/en-us/local/information/archive/localresults?racedate=2025/06/28&racecourse=ST&RaceNo=10,false
2025-06-28_ST_11,2025-06-28_ST,2025-06-28,ST,11,797,Class 3,Class 3 - 1400M - (80-60),1400,80-60,GOOD,"TURF - ""B"" Course",TAN SHAN RIVER HANDICAP,1860000,13.30 | 21.11 | 23.40 11.63 11.77 | 23.89 11.73 12.16,https://racing.hkjc.com/en-us/local/information/archive/localresults?racedate=2025/06/28&racecourse=ST&RaceNo=11,false
2025-07-01_ST_01,2025-07-01_ST,2025-07-01,ST,1,798,Class 5,Class 5 - 1800M - (40-0),1800,40-0,GOOD,"TURF - ""C"" Course",RACING GOES ON 1800M HANDICAP,875000,14.06 | 22.16 | 23.71 | 24.10 12.00 12.10 | 24.05 11.71 12.34,https://racing.hkjc.com/en-us/local/information/archive/localresults?racedate=2025/07/01&racecourse=ST&RaceNo=1,false
2025-07-01_ST_02,2025-07-01_ST,2025-07-01,ST,2,799,Class 4,Class 4 - 1000M - (60-40),1000,60-40,GOOD,"TURF - ""C"" Course",WORLD-CLASS LEADERSHIP 1000M HANDICAP,1170000,12.97 | 20.54 10.11 10.43 | 22.88 10.86 12.02,https://racing.hkjc.com/en-us/local/information/archive/localresults?racedate=2025/07/01&racecourse=ST&RaceNo=2,false
2025-07-01_ST_03,2025-07-01_ST,2025-07-01,ST,3,800,Class 4,Class 4 - 1400M - (60-40),1400,60-40,GOOD,"TURF - ""C"" Course",UNCOMPROMISING INTEGRITY 1400M HANDICAP,1170000,13.52 | 21.27 | 23.27 11.50 11.77 | 23.85 11.55 12.30,https://racing.hkjc.com/en-us/local/information/archive/localresults?racedate=2025/07/01&racecourse=ST&RaceNo=3,false
2025-07-01_ST_04,2025-07-01_ST,2025-07-01,ST,4,801,Class 4,Class 4 - 1200M - (60-40),1200,60-40,GOOD,"TURF - ""C"" Course",SERVING THE COMMUNITY 1200M HANDICAP,1170000,23.47 | 21.87 10.74 11.13 | 23.83 11.53 12.30,https://racing.hkjc.com/en-us/local/information/archive/localresults?racedate=2025/07/01&racecourse=ST&RaceNo=4,false
2025-07-01_ST_05,2025-07-01_ST,2025-07-01,ST,5,802,Class 2,Class 2 - 1400M - (105-80),1400,105-80,GOOD,"TURF - ""C"" Course",THE HONG KONG REUNIFICATION CUP (HANDICAP),2840000,13.36 | 21.16 | 23.10 11.58 11.52 | 23.49 11.55 11.94,https://racing.hkjc.com/en-us/local/information/archive/localresults?racedate=2025/07/01&racecourse=ST&RaceNo=5,false
2025-07-01_ST_06,2025-07-01_ST,2025-07-01,ST,6,803,Class 4,Class 4 - 1400M - (60-40),1400,60-40,GOOD,"TURF - ""C"" Course",CONTINUOUS DEVELOPMENT 1400M HANDICAP,1170000,13.34 | 21.57 | 23.40 11.70 11.70 | 23.77 11.71 12.06,https://racing.hkjc.com/en-us/local/information/archive/localresults?racedate=2025/07/01&racecourse=ST&RaceNo=6,false
2025-07-01_ST_07,2025-07-01_ST,2025-07-01,ST,7,804,Class 3,Class 3 - 1000M - (80-60),1000,80-60,GOOD,"TURF - ""C"" Course",THE GUANGDONG-HONG KONG CUP (HANDICAP),1860000,12.90 | 20.62 09.99 10.63 | 22.55 11.01 11.54,https://racing.hkjc.com/en-us/local/information/archive/localresults?racedate=2025/07/01&racecourse=ST&RaceNo=7,false
2025-07-01_ST_08,2025-07-01_ST,2025-07-01,ST,8,805,Class 4,Class 4 - 1600M - (60-40),1600,60-40,GOOD,"TURF - ""C"" Course",RIDING HIGH TOGETHER 1600M HANDICAP,1170000,24.49 | 22.63 | 24.32 12.28 12.04 | 23.48 11.61 11.87,https://racing.hkjc.com/en-us/local/information/archive/localresults?racedate=2025/07/01&racecourse=ST&RaceNo=8,false
2025-07-01_ST_09,2025-07-01_ST,2025-07-01,ST,9,806,Class 3,Class 3 - 1200M - (80-60),1200,80-60,GOOD,"TURF - ""C"" Course",SPORTSMANSHIP 1200M HANDICAP,1860000,23.36 | 22.28 10.86 11.42 | 23.76 11.46 12.30,https://racing.hkjc.com/en-us/local/information/archive/localresults?racedate=2025/07/01&racecourse=ST&RaceNo=9,false
2025-07-01_ST_10,2025-07-01_ST,2025-07-01,ST,10,807,Class 3,Class 3 - 1600M - (80-60),1600,80-60,GOOD,"TURF - ""C"" Course",BETTER FUTURE 1600M HANDICAP,2050000,23.75 | 22.44 | 23.91 11.91 12.00 | 24.20 11.83 12.37,https://racing.hkjc.com/en-us/local/information/archive/localresults?racedate=2025/07/01&racecourse=ST&RaceNo=10,false
2025-07-05_ST_01,2025-07-05_ST,2025-07-05,ST,1,808,Griffin Race,Griffin Race - 1200M,1200,,GOOD TO FIRM,"TURF - ""C+3"" Course",THE PURVES QUAICH (PLATE),950000,23.95 | 22.38 11.11 11.27 | 23.28 11.21 12.07,https://racing.hkjc.com/en-us/local/information/archive/localresults?racedate=2025/07/05&racecourse=ST&RaceNo=1,false
2025-07-05_ST_02,2025-07-05_ST,2025-07-05,ST,2,809,Class 5,Class 5 - 1200M - (40-0),1200,40-0,GOOD,ALL WEATHER TRACK,THE SWAINE CUP (HANDICAP),875000,23.70 | 22.63 10.97 11.66 | 23.05 11.24 11.81,https://racing.hkjc.com/en-us/local/information/archive/localresults?racedate=2025/07/05&racecourse=ST&RaceNo=2,false
2025-07-05_ST_03,2025-07-05_ST,2025-07-05,ST,3,810,Class 4,Class 4 - 1200M - (60-40),1200,60-40,GOOD,ALL WEATHER TRACK,THE WONG CUP (HANDICAP),1170000,23.48 | 22.06 10.79 11.27 | 23.35 11.49 11.86,https://racing.hkjc.com/en-us/local/information/archive/localresults?racedate=2025/07/05&racecourse=ST&RaceNo=3,false
2025-07-05_ST_04,2025-07-05_ST,2025-07-05,ST,4,811,Class 5,Class 5 - 1600M - (40-0),1600,40-0,GOOD TO FIRM,"TURF - ""C+3"" Course",THE LI CUP (HANDICAP),875000,24.31 | 23.75 | 23.42 11.86 11.56 | 23.52 11.49 12.03,https://racing.hkjc.com/en-us/local/information/archive/localresults?racedate=2025/07/05&racecourse=ST&RaceNo=4,false
2025-07-05_ST_05,2025-07-05_ST,2025-07-05,ST,5,812,Class 4,Class 4 - 1200M - (60-40),1200,60-40,GOOD TO FIRM,"TURF - ""C+3"" Course",THE ARCULLI TROPHY (HANDICAP),1170000,23.89 | 22.23 10.96 11.27 | 23.05 11.06 11.99,https://racing.hkjc.com/en-us/local/information/archive/localresults?racedate=2025/07/05&racecourse=ST&RaceNo=5,false
2025-07-05_ST_06,2025-07-05_ST,2025-07-05,ST,6,813,Class 4,Class 4 - 1400M - (60-40),1400,60-40,GOOD TO FIRM,"TURF - ""C+3"" Course",THE CHAN TROPHY (HANDICAP),1170000,13.43 | 22.10 | 23.35 11.81 11.54 | 22.90 11.11 11.79,https://racing.hkjc.com/en-us/local/information/archive/localresults?racedate=2025/07/05&racecourse=ST&RaceNo=6,false
2025-07-05_ST_07,2025-07-05_ST,2025-07-05,ST,7,814,Class 4,Class 4 - 1200M - (60-40),1200,60-40,GOOD TO FIRM,"TURF - ""C+3"" Course",THE STEVENSON CUP (HANDICAP),1170000,23.23 | 22.07 10.80 11.27 | 24.15 11.75 12.40,https://racing.hkjc.com/en-us/local/information/archive/localresults?racedate=2025/07/05&racecourse=ST&RaceNo=7,false
2025-07-05_ST_08,2025-07-05_ST,2025-07-05,ST,8,815,Class 4,Class 4 - 1800M - (60-40),1800,60-40,GOOD TO FIRM,"TURF - ""C+3"" Course",THE IP JUG (HANDICAP),1170000,13.73 | 21.67 | 23.86 | 23.70 11.93 11.77 | 24.36 11.71 12.65,https://racing.hkjc.com/en-us/local/information/archive/localresults?racedate=2025/07/05&racecourse=ST&RaceNo=8,false
2025-07-05_ST_09,2025-07-05_ST,2025-07-05,ST,9,816,Class 3,Class 3 - 1200M - (80-60),1200,80-60,GOOD TO FIRM,"TURF - ""C+3"" Course",THE CHOW SILVER PLATE (HANDICAP),1860000,23.35 | 22.40 10.94 11.46 | 23.14 11.33 11.81,https://racing.hkjc.com/en-us/local/information/archive/localresults?racedate=2025/07/05&racecourse=ST&RaceNo=9,false
2025-07-05_ST_10,2025-07-05_ST,2025-07-05,ST,10,817,Class 2,Class 2 - 1200M - (100-80),1200,100-80,GOOD TO FIRM,"TURF - ""C+3"" Course",THE PHILIP CHEN TROPHY (HANDICAP),2840000,23.50 | 22.15 10.96 11.19 | 22.83 11.01 11.82,https://racing.hkjc.com/en-us/local/information/archive/localresults?racedate=2025/07/05&racecourse=ST&RaceNo=10,false
2025-07-05_ST_11,2025-07-05_ST,2025-07-05,ST,11,818,Class 3,Class 3 - 1400M - (80-60),1400,80-60,GOOD TO FIRM,"TURF - ""C+3"" Course",THE CHAIRMEN'S DAY HANDICAP,1860000,13.40 | 21.39 | 23.13 11.47 11.66 | 23.19 11.32 11.87,https://racing.hkjc.com/en-us/local/information/archive/localresults?racedate=2025/07/05&racecourse=ST&RaceNo=11,false
2025-07-09_HV_01,2025-07-09_HV,2025-07-09,HV,1,819,Class 5,Class 5 - 1000M - (40-0),1000,40-0,GOOD TO FIRM,"TURF - ""A"" Course",HAWTHORN HANDICAP,875000,12.58 | 21.44 10.34 11.10 | 22.67 11.26 11.41,https://racing.hkjc.com/en-us/local/information/archive/localresults?racedate=2025/07/09&racecourse=HV&RaceNo=1,false
2025-07-09_HV_02,2025-07-09_HV,2025-07-09,HV,2,820,Class 5,Class 5 - 1650M - (40-0),1650,40-0,GOOD TO FIRM,"TURF - ""A"" Course",MAGNOLIA HANDICAP,875000,27.69 | 23.88 | 24.21 12.14 12.07 | 23.79 11.71 12.08,https://racing.hkjc.com/en-us/local/information/archive/localresults?racedate=2025/07/09&racecourse=HV&RaceNo=2,false
2025-07-09_HV_03,2025-07-09_HV,2025-07-09,HV,3,821,Class 4,Class 4 - 1200M - (60-40),1200,60-40,GOOD TO FIRM,"TURF - ""A"" Course",GARDEN HANDICAP,1170000,23.32 | 22.54 10.90 11.64 | 23.58 12.01 11.57,https://racing.hkjc.com/en-us/local/information/archive/localresults?racedate=2025/07/09&racecourse=HV&RaceNo=3,false
2025-07-09_HV_04,2025-07-09_HV,2025-07-09,HV,4,822,Class 4,Class 4 - 1000M - (60-40),1000,60-40,GOOD TO FIRM,"TURF - ""A"" Course",FA PO HANDICAP,1170000,12.59 | 21.38 10.11 11.27 | 22.95 11.27 11.68,https://racing.hkjc.com/en-us/local/information/archive/localresults?racedate=2025/07/09&racecourse=HV&RaceNo=4,false
2025-07-09_HV_05,2025-07-09_HV,2025-07-09,HV,5,823,Class 4,Class 4 - 1650M - (60-40),1650,60-40,GOOD TO FIRM,"TURF - ""A"" Course",GREEN HANDICAP,1170000,27.48 | 24.08 | 23.66 11.97 11.69 | 23.94 12.02 11.92,https://racing.hkjc.com/en-us/local/information/archive/localresults?racedate=2025/07/09&racecourse=HV&RaceNo=5,false
2025-07-09_HV_06,2025-07-09_HV,2025-07-09,HV,6,824,Class 3,Class 3 - 1000M - (80-60),1000,80-60,GOOD TO FIRM,"TURF - ""A"" Course",BRIAR HANDICAP,1860000,12.42 | 20.63 09.85 10.78 | 23.64 11.59 12.05,https://racing.hkjc.com/en-us/local/information/archive/localresults?racedate=2025/07/09&racecourse=HV&RaceNo=6,false
2025-07-09_HV_07,2025-07-09_HV,2025-07-09,HV,7,825,Class 4,Class 4 - 1200M - (60-40),1200,60-40,GOOD TO FIRM,"TURF - ""A"" Course",GARDEN HANDICAP,1170000,23.50 | 22.47 10.91 11.56 | 23.52 11.83 11.69,https://racing.hkjc.com/en-us/local/information/archive/localresults?racedate=2025/07/09&racecourse=HV&RaceNo=7,false
2025-07-09_HV_08,2025-07-09_HV,2025-07-09,HV,8,826,Class 2,Class 2 - 1800M - (90-60),1800,90-60,GOOD TO FIRM,"TURF - ""A"" Course",BEGONIA HANDICAP,3120000,13.58 | 22.64 | 24.47 | 24.65 12.43 12.22 | 23.30 11.78 11.52,https://racing.hkjc.com/en-us/local/information/archive/localresults?racedate=2025/07/09&racecourse=HV&RaceNo=8,false
2025-07-09_HV_09,2025-07-09_HV,2025-07-09,HV,9,827,Class 3,Class 3 - 1200M - (80-60),1200,80-60,GOOD TO FIRM,"TURF - ""A"" Course",COTTON TREE HANDICAP,1860000,23.64 | 22.61 11.19 11.42 | 23.17 11.47 11.70,https://racing.hkjc.com/en-us/local/information/archive/localresults?racedate=2025/07/09&racecourse=HV&RaceNo=9,false
2025-07-13_ST_01,2025-07-13_ST,2025-07-13,ST,1,828,Class 5,Class 5 - 1400M - (40-0),1400,40-0,GOOD TO FIRM,"TURF - ""A"" Course",MIRACULOUS HANDICAP,875000,13.56 | 21.39 | 23.93 11.89 12.04 | 23.11 11.41 11.70,https://racing.hkjc.com/en-us/local/information/archive/localresults?racedate=2025/07/13&racecourse=ST&RaceNo=1,false
2025-07-13_ST_02,2025-07-13_ST,2025-07-13,ST,2,829,Class 5,Class 5 - 1400M - (40-0),1400,40-0,GOOD TO FIRM,"TURF - ""A"" Course",MR AWARD HANDICAP,875000,13.53 | 21.53 | 23.02 11.48 11.54 | 23.60 11.55 12.05,https://racing.hkjc.com/en-us/local/information/archive/localresults?racedate=2025/07/13&racecourse=ST&RaceNo=2,false
2025-07-13_ST_03,2025-07-13_ST,2025-07-13,ST,3,830,Class 4,Class 4 - 1200M - (60-40),1200,60-40,GOOD TO FIRM,"TURF - ""A"" Course",BIG PROFIT HANDICAP,1170000,23.51 | 22.32 10.96 11.36 | 23.37 11.73 11.64,https://racing.hkjc.com/en-us/local/information/archive/localresults?racedate=2025/07/13&racecourse=ST&RaceNo=3,false
2025-07-13_ST_04,2025-07-13_ST,2025-07-13,ST,4,831,Class 4,Class 4 - 1400M - (60-40),1400,60-40,GOOD TO FIRM,"TURF - ""A"" Course",PINGWU SPARK HANDICAP,1170000,13.39 | 21.74 | 23.44 11.92 11.52 | 23.31 11.37 11.94,https://racing.hkjc.com/en-us/local/information/archive/localresults?racedate=2025/07/13&racecourse=ST&RaceNo=4,false
2025-07-13_ST_05,2025-07-13_ST,2025-07-13,ST,5,832,Class 4,Class 4 - 1600M - (60-40),1600,60-40,GOOD TO FIRM,"TURF - ""A"" Course",SOLAR HEI HEI HANDICAP,1170000,24.67 | 22.30 | 23.65 11.94 11.71 | 24.01 11.71 12.30,https://racing.hkjc.com/en-us/local/information/archive/localresults?racedate=2025/07/13&racecourse=ST&RaceNo=5,false
2025-07-13_ST_06,2025-07-13_ST,2025-07-13,ST,6,833,Class 4,Class 4 - 1400M - (60-40),1400,60-40,GOOD TO FIRM,"TURF - ""A"" Course",MEDIC KINGDOM HANDICAP,1170000,13.63 | 21.86 | 23.22 11.72 11.50 | 23.05 11.24 11.81,https://racing.hkjc.com/en-us/local/information/archive/localresults?racedate=2025/07/13&racecourse=ST&RaceNo=6,false
2025-07-13_ST_07,2025-07-13_ST,2025-07-13,ST,7,834,Class 4,Class 4 - 1200M - (60-40),1200,60-40,GOOD TO FIRM,"TURF - ""A"" Course",VICTORY MARVEL HANDICAP,1170000,23.67 | 22.63 11.08 11.55 | 22.59 11.24 11.35,https://racing.hkjc.com/en-us/local/information/archive/localresults?racedate=2025/07/13&racecourse=ST&RaceNo=7,false
2025-07-13_ST_08,2025-07-13_ST,2025-07-13,ST,8,835,Class 1,Class 1 - 1600M - (85+),1600,85+,GOOD TO FIRM,"TURF - ""A"" Course",THE HONG KONG RACEHORSE OWNERS ASSOCIATION TROPHY (HANDICAP),4075000,24.30 | 22.66 | 23.21 11.66 11.55 | 23.23 11.50 11.73,https://racing.hkjc.com/en-us/local/information/archive/localresults?racedate=2025/07/13&racecourse=ST&RaceNo=8,false
2025-07-13_ST_09,2025-07-13_ST,2025-07-13,ST,9,836,Class 3,Class 3 - 1600M - (85-60),1600,85-60,GOOD TO FIRM,"TURF - ""A"" Course",SIGHT WINNER HANDICAP,2050000,24.76 | 22.37 | 24.40 12.34 12.06 | 22.60 11.02 11.58,https://racing.hkjc.com/en-us/local/information/archive/localresults?racedate=2025/07/13&racecourse=ST&RaceNo=9,false
2025-07-13_ST_10,2025-07-13_ST,2025-07-13,ST,10,837,Class 3,Class 3 - 1200M - (80-60),1200,80-60,GOOD TO FIRM,"TURF - ""A"" Course",JOY AND FUN HANDICAP,1860000,23.53 | 21.67 10.58 11.09 | 23.51 11.19 12.32,https://racing.hkjc.com/en-us/local/information/archive/localresults?racedate=2025/07/13&racecourse=ST&RaceNo=10,false
2025-07-13_ST_11,2025-07-13_ST,2025-07-13,ST,11,838,Class 3,Class 3 - 1400M - (80-60),1400,80-60,GOOD TO FIRM,"TURF - ""A"" Course",ALL YOU WISH HANDICAP,1860000,13.34 | 21.14 | 23.35 11.70 11.65 | 23.28 11.24 12.04,https://racing.hkjc.com/en-us/local/information/archive/localresults?racedate=2025/07/13&racecourse=ST&RaceNo=11,false
2025-07-16_HV_01,2025-07-16_HV,2025-07-16,HV,1,839,Class 5,Class 5 - 1200M - (40-0),1200,40-0,GOOD TO FIRM,"TURF - ""B"" Course",SILVER GRECIAN HANDICAP,875000,24.00 | 23.13 11.42 11.71 | 22.83 11.31 11.52,https://racing.hkjc.com/en-us/local/information/archive/localresults?racedate=2025/07/16&racecourse=HV&RaceNo=1,false
2025-07-16_HV_02,2025-07-16_HV,2025-07-16,HV,2,840,Class 4,Class 4 - 1200M - (60-40),1200,60-40,GOOD TO FIRM,"TURF - ""B"" Course",STAR SHINE HANDICAP,1170000,23.44 | 22.39 10.85 11.54 | 23.45 11.53 11.92,https://racing.hkjc.com/en-us/local/information/archive/localresults?racedate=2025/07/16&racecourse=HV&RaceNo=2,false
2025-07-16_HV_03,2025-07-16_HV,2025-07-16,HV,3,841,Class 4,Class 4 - 1200M - (60-40),1200,60-40,GOOD TO FIRM,"TURF - ""B"" Course",LET ME FIGHT HANDICAP,1170000,23.55 | 22.08 10.75 11.33 | 23.42 11.72 11.70,https://racing.hkjc.com/en-us/local/information/archive/localresults?racedate=2025/07/16&racecourse=HV&RaceNo=3,false
2025-07-16_HV_04,2025-07-16_HV,2025-07-16,HV,4,842,Class 4,Class 4 - 1800M - (60-40),1800,60-40,GOOD TO FIRM,"TURF - ""B"" Course",TURIN REDSUN HANDICAP,1170000,13.50 | 22.05 | 24.83 | 23.85 11.98 11.87 | 24.61 12.19 12.42,https://racing.hkjc.com/en-us/local/information/archive/localresults?racedate=2025/07/16&racecourse=HV&RaceNo=4,false
2025-07-16_HV_05,2025-07-16_HV,2025-07-16,HV,5,843,Class 4,Class 4 - 1200M - (60-40),1200,60-40,GOOD TO FIRM,"TURF - ""B"" Course",FAST MOST FURIOUS HANDICAP,1170000,23.40 | 22.71 11.00 11.71 | 23.32 11.53 11.79,https://racing.hkjc.com/en-us/local/information/archive/localresults?racedate=2025/07/16&racecourse=HV&RaceNo=5,false
2025-07-16_HV_06,2025-07-16_HV,2025-07-16,HV,6,844,Class 4,Class 4 - 1650M - (60-40),1650,60-40,GOOD TO FIRM,"TURF - ""B"" Course",SUPER OASIS HANDICAP,1170000,27.82 | 23.89 | 24.01 12.36 11.65 | 23.88 11.91 11.97,https://racing.hkjc.com/en-us/local/information/archive/localresults?racedate=2025/07/16&racecourse=HV&RaceNo=6,false
2025-07-16_HV_07,2025-07-16_HV,2025-07-16,HV,7,845,Class 3,Class 3 - 1650M - (80-60),1650,80-60,GOOD TO FIRM,"TURF - ""B"" Course",SWEET ORANGE HANDICAP,2050000,27.15 | 23.42 | 23.62 11.75 11.87 | 24.15 11.86 12.29,https://racing.hkjc.com/en-us/local/information/archive/localresults?racedate=2025/07/16&racecourse=HV&RaceNo=7,false
2025-07-16_HV_08,2025-07-16_HV,2025-07-16,HV,8,846,Class 2,Class 2 - 1200M - (105-80),1200,105-80,GOOD TO FIRM,"TURF - ""B"" Course",LUCKY PATCH HANDICAP,2840000,23.23 | 22.26 11.02 11.24 | 22.61 11.18 11.43,https://racing.hkjc.com/en-us/local/information/archive/localresults?racedate=2025/07/16&racecourse=HV&RaceNo=8,false
2025-07-16_HV_09,2025-07-16_HV,2025-07-16,HV,9,847,Class 3,Class 3 - 1200M - (80-60),1200,80-60,GOOD TO FIRM,"TURF - ""B"" Course",SUN JEWELLERY HANDICAP,1860000,23.19 | 22.24 10.88 11.36 | 23.70 11.97 11.73,https://racing.hkjc.com/en-us/local/information/archive/localresults?racedate=2025/07/16&racecourse=HV&RaceNo=9,false
2025-09-07_ST_01,2025-09-07_ST,2025-09-07,ST,1,1,Class 5,Class 5 - 1200M - (40-0),1200,40-0,GOOD,"TURF - ""A"" Course",GRASSY HILL HANDICAP,875000,23.41 | 22.63 11.16 11.47 | 23.14 11.29 11.85,https://racing.hkjc.com/en-us/local/information/archive/localresults?racedate=2025/09/07&racecourse=ST&RaceNo=1,false
2025-09-07_ST_02,2025-09-07_ST,2025-09-07,ST,2,2,Class 5,Class 5 - 1600M - (40-0),1600,40-0,GOOD,"TURF - ""A"" Course",KOWLOON PEAK HANDICAP,875000,25.00 | 22.44 | 23.44 11.83 11.61 | 23.97 11.71 12.26,https://racing.hkjc.com/en-us/local/information/archive/localresults?racedate=2025/09/07&racecourse=ST&RaceNo=2,false
2025-09-07_ST_03,2025-09-07_ST,2025-09-07,ST,3,3,Class 1,Class 1 - 1200M - (80+),1200,80+,GOOD,"TURF - ""A"" Course",THE HKSAR CHIEF EXECUTIVE'S CUP (HANDICAP),3720000,23.24 | 21.33 10.47 10.86 | 23.06 11.05 12.01,https://racing.hkjc.com/en-us/local/information/archive/localresults?racedate=2025/09/07&racecourse=ST&RaceNo=3,false
2025-09-07_ST_04,2025-09-07_ST,2025-09-07,ST,4,4,Class 4,Class 4 - 1000M - (60-40),1000,60-40,GOOD,"TURF - ""A"" Course",LIN FA SHAN HANDICAP,1170000,13.05 | 20.53 10.00 10.53 | 22.51 10.85 11.66,https://racing.hkjc.com/en-us/local/information/archive/localresults?racedate=2025/09/07&racecourse=ST&RaceNo=4,false
2025-09-07_ST_05,2025-09-07_ST,2025-09-07,ST,5,5,Class 4,Class 4 - 1400M - (60-40),1400,60-40,GOOD,"TURF - ""A"" Course",MOUNT PARKER HANDICAP,1170000,13.31 | 20.95 | 23.00 11.43 11.57 | 24.14 11.91 12.23,https://racing.hkjc.com/en-us/local/information/archive/localresults?racedate=2025/09/07&racecourse=ST&RaceNo=5,false
2025-09-07_ST_06,2025-09-07_ST,2025-09-07,ST,6,6,Class 4,Class 4 - 1200M - (60-40),1200,60-40,GOOD,"TURF - ""A"" Course",MA ON SHAN HANDICAP,1170000,23.83 | 22.20 11.06 11.14 | 22.64 11.06 11.58,https://racing.hkjc.com/en-us/local/information/archive/localresults?racedate=2025/09/07&racecourse=ST&RaceNo=6,false
2025-09-07_ST_07,2025-09-07_ST,2025-09-07,ST,7,7,Class 4,Class 4 - 1200M - (60-40),1200,60-40,GOOD TO YIELDING,"TURF - ""A"" Course",MA ON SHAN HANDICAP,1170000,23.84 | 22.38 11.09 11.29 | 23.30 11.34 11.96,https://racing.hkjc.com/en-us/local/information/archive/localresults?racedate=2025/09/07&racecourse=ST&RaceNo=7,false
2025-09-07_ST_08,2025-09-07_ST,2025-09-07,ST,8,8,Class 2,Class 2 - 1400M - (105-80),1400,105-80,GOOD TO YIELDING,"TURF - ""A"" Course",TAI MO SHAN HANDICAP,2840000,13.49 | 21.44 | 22.84 11.37 11.47 | 23.40 11.32 12.08,https://racing.hkjc.com/en-us/local/information/archive/localresults?racedate=2025/09/07&racecourse=ST&RaceNo=8,false
2025-09-07_ST_09,2025-09-07_ST,2025-09-07,ST,9,9,Class 3,Class 3 - 1200M - (80-60),1200,80-60,GOOD,"TURF - ""A"" Course",LANTAU PEAK HANDICAP,1860000,23.45 | 21.98 10.85 11.13 | 22.95 11.05 11.90,https://racing.hkjc.com/en-us/local/information/archive/localresults?racedate=2025/09/07&racecourse=ST&RaceNo=9,false
2025-09-07_ST_10,2025-09-07_ST,2025-09-07,ST,10,10,Class 3,Class 3 - 1400M - (80-60),1400,80-60,GOOD,"TURF - ""A"" Course",SUNSET PEAK HANDICAP,1860000,13.59 | 21.57 | 23.31 11.69 11.62 | 23.09 11.16 11.93,https://racing.hkjc.com/en-us/local/information/archive/localresults?racedate=2025/09/07&racecourse=ST&RaceNo=10,false
2025-09-10_HV_01,2025-09-10_HV,2025-09-10,HV,1,11,Class 5,Class 5 - 1200M - (40-0),1200,40-0,GOOD,"TURF - ""A"" Course",ADMIRALTY HANDICAP,875000,23.67 | 22.64 11.15 11.49 | 23.60 11.75 11.85,https://racing.hkjc.com/en-us/local/information/archive/localresults?racedate=2025/09/10&racecourse=HV&RaceNo=1,false
2025-09-10_HV_02,2025-09-10_HV,2025-09-10,HV,2,12,Class 5,Class 5 - 1650M - (40-0),1650,40-0,GOOD,"TURF - ""A"" Course",KOWLOON TONG HANDICAP,875000,28.11 | 24.11 | 23.91 11.88 12.03 | 24.17 11.94 12.23,https://racing.hkjc.com/en-us/local/information/archive/localresults?racedate=2025/09/10&racecourse=HV&RaceNo=2,false
2025-09-10_HV_03,2025-09-10_HV,2025-09-10,HV,3,13,Class 4,Class 4 - 1000M - (60-40),1000,60-40,GOOD,"TURF - ""A"" Course",NORTH POINT HANDICAP,1170000,12.62 | 21.77 10.41 11.36 | 23.19 11.54 11.65,https://racing.hkjc.com/en-us/local/information/archive/localresults?racedate=2025/09/10&racecourse=HV&RaceNo=3,false
2025-09-10_HV_04,2025-09-10_HV,2025-09-10,HV,4,14,Class 4,Class 4 - 1650M - (60-40),1650,60-40,GOOD,"TURF - ""A"" Course",KWUN TONG HANDICAP,1170000,27.21 | 23.70 | 24.64 12.22 12.42 | 24.87 12.61 12.26,https://racing.hkjc.com/en-us/local/information/archive/localresults?racedate=2025/09/10&racecourse=HV&RaceNo=4,false
2025-09-10_HV_05,2025-09-10_HV,2025-09-10,HV,5,15,Class 3,Class 3 - 1650M - (80-60),1650,80-60,GOOD,"TURF - ""A"" Course",CENTRAL HANDICAP,2050000,27.96 | 23.93 | 23.50 11.80 11.70 | 24.25 11.86 12.39,https://racing.hkjc.com/en-us/local/information/archive/localresults?racedate=2025/09/10&racecourse=HV&RaceNo=5,false
2025-09-10_HV_06,2025-09-10_HV,2025-09-10,HV,6,16,Class 4,Class 4 - 1650M - (60-40),1650,60-40,GOOD,"TURF - ""A"" Course",KWUN TONG HANDICAP,1170000,28.08 | 24.13 | 24.74 12.53 12.21 | 23.95 11.81 12.14,https://racing.hkjc.com/en-us/local/information/archive/localresults?racedate=2025/09/10&racecourse=HV&RaceNo=6,false
2025-09-10_HV_07,2025-09-10_HV,2025-09-10,HV,7,17,Class 4,Class 4 - 1200M - (60-40),1200,60-40,GOOD,"TURF - ""A"" Course",QUARRY BAY HANDICAP,1170000,23.63 | 23.34 11.53 11.81 | 23.05 11.56 11.49,https://racing.hkjc.com/en-us/local/information/archive/localresults?racedate=2025/09/10&racecourse=HV&RaceNo=7,false
2025-09-10_HV_08,2025-09-10_HV,2025-09-10,HV,8,18,Class 3,Class 3 - 1200M - (80-60),1200,80-60,GOOD,"TURF - ""A"" Course",WAN CHAI HANDICAP,1860000,23.58 | 22.71 11.15 11.56 | 23.60 12.09 11.51,https://racing.hkjc.com/en-us/local/information/archive/localresults?racedate=2025/09/10&racecourse=HV&RaceNo=8,false
2025-09-14_ST_01,2025-09-14_ST,2025-09-14,ST,1,19,Class 5,Class 5 - 1400M - (40-0),1400,40-0,GOOD TO FIRM,"TURF - ""B"" Course",HONG TUNG HANDICAP,875000,13.45 | 21.58 | 23.25 11.58 11.67 | 23.15 11.30 11.85,https://racing.hkjc.com/en-us/local/information/archive/localresults?racedate=2025/09/14&racecourse=ST&RaceNo=1,false
2025-09-14_ST_02,2025-09-14_ST,2025-09-14,ST,2,20,Class 5,Class 5 - 1400M - (40-0),1400,40-0,GOOD TO FIRM,"TURF - ""B"" Course",HONG TUNG HANDICAP,875000,13.46 | 21.64 | 22.60 11.30 11.30 | 23.70 11.57 12.13,https://racing.hkjc.com/en-us/local/information/archive/localresults?racedate=2025/09/14&racecourse=ST&RaceNo=2,false
2025-09-14_ST_03,2025-09-14_ST,2025-09-14,ST,3,21,Class 4,Class 4 - 1200M - (60-40),1200,60-40,GOOD,ALL WEATHER TRACK,HING WAH HANDICAP,1170000,23.44 | 22.15 10.68 11.47 | 23.91 11.49 12.42,https://racing.hkjc.com/en-us/local/information/archive/localresults?racedate=2025/09/14&racecourse=ST&RaceNo=3,false
2025-09-14_ST_04,2025-09-14_ST,2025-09-14,ST,4,22,Class 4,Class 4 - 1400M - (60-40),1400,60-40,GOOD TO FIRM,"TURF - ""B"" Course",KWONG FUK HANDICAP,1170000,13.42 | 21.28 | 23.20 11.26 11.94 | 23.53 11.59 11.94,https://racing.hkjc.com/en-us/local/information/archive/localresults?racedate=2025/09/14&racecourse=ST&RaceNo=4,false
2025-09-14_ST_05,2025-09-14_ST,2025-09-14,ST,5,23,Class 4,Class 4 - 1400M - (60-40),1400,60-40,GOOD TO FIRM,"TURF - ""B"" Course",KWONG FUK HANDICAP,1170000,13.53 | 21.88 | 22.59 11.30 11.29 | 23.10 11.42 11.68,https://racing.hkjc.com/en-us/local/information/archive/localresults?racedate=2025/09/14&racecourse=ST&RaceNo=5,false
2025-09-14_ST_06,2025-09-14_ST,2025-09-14,ST,6,24,Class 4,Class 4 - 1200M - (60-40),1200,60-40,GOOD TO FIRM,"TURF - ""B"" Course",THE TUNG WAH GROUP OF HOSPITALS CHALLENGE CUP (HANDICAP),1170000,23.59 | 22.12 10.93 11.19 | 23.26 11.43 11.83,https://racing.hkjc.com/en-us/local/information/archive/localresults?racedate=2025/09/14&racecourse=ST&RaceNo=6,false
2025-09-14_ST_07,2025-09-14_ST,2025-09-14,ST,7,25,Class 3,Class 3 - 1000M - (80-60),1000,80-60,GOOD TO FIRM,"TURF - ""B"" Course",MEI TUNG HANDICAP,1860000,12.74 | 20.32 09.96 10.36 | 22.27 10.54 11.73,https://racing.hkjc.com/en-us/local/information/archive/localresults?racedate=2025/09/14&racecourse=ST&RaceNo=7,false
2025-09-14_ST_08,2025-09-14_ST,2025-09-14,ST,8,26,Class 4,Class 4 - 1200M - (60-40),1200,60-40,GOOD TO FIRM,"TURF - ""B"" Course",LOK WAH HANDICAP,1170000,23.66 | 21.90 10.74 11.16 | 22.80 11.05 11.75,https://racing.hkjc.com/en-us/local/information/archive/localresults?racedate=2025/09/14&racecourse=ST&RaceNo=8,false
2025-09-14_ST_09,2025-09-14_ST,2025-09-14,ST,9,27,Class 3,Class 3 - 1200M - (80-60),1200,80-60,GOOD,ALL WEATHER TRACK,OI TUNG HANDICAP,1860000,23.46 | 21.89 10.80 11.09 | 23.12 11.05 12.07,https://racing.hkjc.com/en-us/local/information/archive/localresults?racedate=2025/09/14&racecourse=ST&RaceNo=9,false
2025-09-14_ST_10,2025-09-14_ST,2025-09-14,ST,10,28,Class 3,Class 3 - 1400M - (80-60),1400,80-60,GOOD TO FIRM,"TURF - ""B"" Course",WAH FU HANDICAP,1860000,13.89 | 22.44 | 23.36 11.98 11.38 | 22.22 10.96 11.26,https://racing.hkjc.com/en-us/local/information/archive/localresults?racedate=2025/09/14&racecourse=ST&RaceNo=10,false
2025-09-17_HV_01,2025-09-17_HV,2025-09-17,HV,1,29,Class 5,Class 5 - 1000M - (40-0),1000,40-0,GOOD,"TURF - ""B"" Course",CHUNG HOM KOK HANDICAP,875000,12.67 | 21.46 10.37 11.09 | 22.95 11.19 11.76,https://racing.hkjc.com/en-us/local/information/archive/localresults?racedate=2025/09/17&racecourse=HV&RaceNo=1,false
2025-09-17_HV_02,2025-09-17_HV,2025-09-17,HV,2,30,Class 4,Class 4 - 1200M - (60-40),1200,60-40,GOOD,"TURF - ""B"" Course",HOI MEI HANDICAP,1170000,23.83 | 23.04 11.12 11.92 | 22.78 11.63 11.15,https://racing.hkjc.com/en-us/local/information/archive/localresults?racedate=2025/09/17&racecourse=HV&RaceNo=2,false
2025-09-17_HV_03,2025-09-17_HV,2025-09-17,HV,3,31,Class 4,Class 4 - 1800M - (60-40),1800,60-40,GOOD TO FIRM,"TURF - ""B"" Course",LIDO HANDICAP,1170000,13.40 | 22.61 | 24.00 | 24.21 12.05 12.16 | 24.45 12.37 12.08,https://racing.hkjc.com/en-us/local/information/archive/localresults?racedate=2025/09/17&racecourse=HV&RaceNo=3,false
2025-09-17_HV_04,2025-09-17_HV,2025-09-17,HV,4,32,Class 3,Class 3 - 1650M - (80-60),1650,80-60,GOOD TO FIRM,"TURF - ""B"" Course",THE COMMUNITY CHEST CUP (HANDICAP),2050000,28.64 | 23.78 | 24.37 12.21 12.16 | 23.12 11.52 11.60,https://racing.hkjc.com/en-us/local/information/archive/localresults?racedate=2025/09/17&racecourse=HV&RaceNo=4,false
2025-09-17_HV_05,2025-09-17_HV,2025-09-17,HV,5,33,Class 4,Class 4 - 1200M - (60-40),1200,60-40,GOOD TO FIRM,"TURF - ""B"" Course",HOI MEI HANDICAP,1170000,23.39 | 22.73 11.00 11.73 | 23.68 11.81 11.87,https://racing.hkjc.com/en-us/local/information/archive/localresults?racedate=2025/09/17&racecourse=HV&RaceNo=5,false
2025-09-17_HV_06,2025-09-17_HV,2025-09-17,HV,6,34,Class 4,Class 4 - 1200M - (60-40),1200,60-40,GOOD TO FIRM,"TURF - ""B"" Course",HOI MEI HANDICAP,1170000,23.69 | 22.54 10.99 11.55 | 23.57 11.66 11.91,https://racing.hkjc.com/en-us/local/information/archive/localresults?racedate=2025/09/17&racecourse=HV&RaceNo=6,false
2025-09-17_HV_07,2025-09-17_HV,2025-09-17,HV,7,35,Class 3,Class 3 - 1000M - (80-60),1000,80-60,GOOD TO FIRM,"TURF - ""B"" Course",REPULSE BAY HANDICAP,1860000,12.40 | 21.04 10.28 10.76 | 22.97 11.37 11.60,https://racing.hkjc.com/en-us/local/information/archive/localresults?racedate=2025/09/17&racecourse=HV&RaceNo=7,false
2025-09-17_HV_08,2025-09-17_HV,2025-09-17,HV,8,36,Class 2,Class 2 - 1650M - (100-80),1650,100-80,GOOD TO FIRM,"TURF - ""B"" Course",SHEK O HANDICAP,3120000,27.19 | 23.20 | 24.44 12.03 12.41 | 23.43 11.85 11.58,https://racing.hkjc.com/en-us/local/information/archive/localresults?racedate=2025/09/17&racecourse=HV&RaceNo=8,false
2025-09-21_ST_01,2025-09-21_ST,2025-09-21,ST,1,37,Class 5,Class 5 - 1800M - (40-0),1800,40-0,YIELDING,"TURF - ""C"" Course",KOWLOON TSAI HANDICAP,875000,13.92 | 22.98 | 24.64 | 24.46 12.41 12.05 | 24.32 11.74 12.58,https://racing.hkjc.com/en-us/local/information/archive/localresults?racedate=2025/09/21&racecourse=ST&RaceNo=1,false
2025-09-21_ST_02,2025-09-21_ST,2025-09-21,ST,2,38,Class 4 (Restricted),Class 4 (Restricted) - 1200M - (60-40),1200,60-40,YIELDING,"TURF - ""C"" Course",SAM SHING HANDICAP,1170000,24.39 | 22.72 11.40 11.32 | 22.95 11.05 11.90,https://racing.hkjc.com/en-us/local/information/archive/localresults?racedate=2025/09/21&racecourse=ST&RaceNo=2,false
2025-09-21_ST_03,2025-09-21_ST,2025-09-21,ST,3,39,Class 4,Class 4 - 1200M - (60-40),1200,60-40,YIELDING,"TURF - ""C"" Course",YI O HANDICAP,1170000,23.92 | 22.81 11.21 11.60 | 23.36 11.46 11.90,https://racing.hkjc.com/en-us/local/information/archive/localresults?racedate=2025/09/21&racecourse=ST&RaceNo=3,false
2025-09-21_ST_04,2025-09-21_ST,2025-09-21,ST,4,40,Class 4,Class 4 - 1650M - (60-40),1650,60-40,WET SLOW,ALL WEATHER TRACK,TING KAU HANDICAP,1170000,28.49 | 22.96 | 23.74 11.86 11.88 | 24.31 11.86 12.45,https://racing.hkjc.com/en-us/local/information/archive/localresults?racedate=2025/09/21&racecourse=ST&RaceNo=4,false
2025-09-21_ST_05,2025-09-21_ST,2025-09-21,ST,5,41,Class 4,Class 4 - 1600M - (60-40),1600,60-40,SOFT,"TURF - ""C"" Course",KAU TO SHAN HANDICAP,1170000,25.00 | 23.27 | 24.17 12.18 11.99 | 24.65 11.88 12.77,https://racing.hkjc.com/en-us/local/information/archive/localresults?racedate=2025/09/21&racecourse=ST&RaceNo=5,false
2025-09-21_ST_06,2025-09-21_ST,2025-09-21,ST,6,42,Class 3,Class 3 - 1200M - (80-60),1200,80-60,SOFT,"TURF - ""C"" Course",THE KPMG 80TH ANNIVERSARY CUP (HANDICAP),1860000,23.58 | 22.40 10.88 11.52 | 23.41 11.41 12.00,https://racing.hkjc.com/en-us/local/information/archive/localresults?racedate=2025/09/21&racecourse=ST&RaceNo=6,false
2025-09-21_ST_07,2025-09-21_ST,2025-09-21,ST,7,43,Class 4,Class 4 - 1400M - (60-40),1400,60-40,SOFT,"TURF - ""C"" Course",KOWLOON BAY HANDICAP,1170000,13.56 | 21.05 | 23.58 11.66 11.92 | 24.16 12.02 12.14,https://racing.hkjc.com/en-us/local/information/archive/localresults?racedate=2025/09/21&racecourse=ST&RaceNo=7,false
2025-09-21_ST_08,2025-09-21_ST,2025-09-21,ST,8,44,Class 3,Class 3 - 1650M - (80-60),1650,80-60,WET SLOW,ALL WEATHER TRACK,PAT SIN LENG HANDICAP,2050000,27.70 | 23.20 | 23.67 11.62 12.05 | 24.25 12.03 12.22,https://racing.hkjc.com/en-us/local/information/archive/localresults?racedate=2025/09/21&racecourse=ST&RaceNo=8,false
2025-09-21_ST_09,2025-09-21_ST,2025-09-21,ST,9,,,,,,,,,,,https://racing.hkjc.com/en-us/local/information/localresults?racedate=2025/09/21&Racecourse=ST&RaceNo=9,true
2025-09-21_ST_10,2025-09-21_ST,2025-09-21,ST,10,,,,,,,,,,,https://racing.hkjc.com/en-us/local/information/localresults?racedate=2025/09/21&Racecourse=ST&RaceNo=10,true
2025-09-28_ST_01,2025-09-28_ST,2025-09-28,ST,1,45,Class 5,Class 5 - 1200M - (40-0),1200,40-0,WET SLOW,ALL WEATHER TRACK,TROPICBIRD HANDICAP,875000,23.72 | 21.98 10.52 11.46 | 23.46 11.33 12.13,https://racing.hkjc.com/en-us/local/information/archive/localresults?racedate=2025/09/28&racecourse=ST&RaceNo=1,false
2025-09-28_ST_02,2025-09-28_ST,2025-09-28,ST,2,46,Class 4,Class 4 - 1000M - (60-40),1000,60-40,GOOD,"TURF - ""C+3"" Course",PARROT HANDICAP,1170000,13.17 | 20.68 10.11 10.57 | 22.49 10.88 11.61,https://racing.hkjc.com/en-us/local/information/archive/localresults?racedate=2025/09/28&racecourse=ST&RaceNo=2,false
2025-09-28_ST_03,2025-09-28_ST,2025-09-28,ST,3,47,Class 5,Class 5 - 1600M - (40-0),1600,40-0,GOOD,"TURF - ""C+3"" Course",WOODPECKER HANDICAP,875000,24.86 | 22.73 | 22.88 11.45 11.43 | 23.88 11.65 12.23,https://racing.hkjc.com/en-us/local/information/archive/localresults?racedate=2025/09/28&racecourse=ST&RaceNo=3,false
2025-09-28_ST_04,2025-09-28_ST,2025-09-28,ST,4,48,Class 4,Class 4 - 1200M - (60-40),1200,60-40,GOOD,ALL WEATHER TRACK,SWALLOW HANDICAP,1170000,23.14 | 21.81 10.59 11.22 | 24.38 11.67 12.71,https://racing.hkjc.com/en-us/local/information/archive/localresults?racedate=2025/09/28&racecourse=ST&RaceNo=4,false
2025-09-28_ST_05,2025-09-28_ST,2025-09-28,ST,5,49,Class 4,Class 4 - 1200M - (60-40),1200,60-40,GOOD TO FIRM,"TURF - ""C+3"" Course",SHRIKE HANDICAP,1170000,23.73 | 22.36 11.06 11.30 | 22.60 11.08 11.52,https://racing.hkjc.com/en-us/local/information/archive/localresults?racedate=2025/09/28&racecourse=ST&RaceNo=5,false
2025-09-28_ST_06,2025-09-28_ST,2025-09-28,ST,6,50,Class 4,Class 4 - 1400M - (60-40),1400,60-40,GOOD TO FIRM,"TURF - ""C+3"" Course",TAILORBIRD HANDICAP,1170000,13.59 | 21.38 | 22.77 11.22 11.55 | 23.97 11.83 12.14,https://racing.hkjc.com/en-us/local/information/archive/localresults?racedate=2025/09/28&racecourse=ST&RaceNo=6,false
2025-09-28_ST_07,2025-09-28_ST,2025-09-28,ST,7,51,Class 3,Class 3 - 1200M - (80-60),1200,80-60,GOOD TO FIRM,"TURF - ""C+3"" Course",CUCKOO HANDICAP,1860000,23.80 | 22.26 11.04 11.22 | 22.67 11.11 11.56,https://racing.hkjc.com/en-us/local/information/archive/localresults?racedate=2025/09/28&racecourse=ST&RaceNo=7,false
2025-09-28_ST_08,2025-09-28_ST,2025-09-28,ST,8,52,Group Three,Group Three - 1400M,1400,,GOOD TO FIRM,"TURF - ""C+3"" Course",THE CELEBRATION CUP (HANDICAP),4200000,13.33 | 22.25 | 22.66 11.38 11.28 | 22.55 11.17 11.38,https://racing.hkjc.com/en-us/local/information/archive/localresults?racedate=2025/09/28&racecourse=ST&RaceNo=8,false
2025-09-28_ST_09,2025-09-28_ST,2025-09-28,ST,9,53,Class 2,Class 2 - 1200M - (100-80),1200,100-80,GOOD TO FIRM,"TURF - ""C+3"" Course",MAGPIE HANDICAP,2840000,23.51 | 21.86 10.83 11.03 | 22.39 11.17 11.22,https://racing.hkjc.com/en-us/local/information/archive/localresults?racedate=2025/09/28&racecourse=ST&RaceNo=9,false
2025-09-28_ST_10,2025-09-28_ST,2025-09-28,ST,10,54,Class 3,Class 3 - 1400M - (80-60),1400,80-60,GOOD TO FIRM,"TURF - ""C+3"" Course",HWAMEI HANDICAP,1860000,13.49 | 22.67 | 22.50 11.24 11.26 | 22.90 11.32 11.58,https://racing.hkjc.com/en-us/local/information/archive/localresults?racedate=2025/09/28&racecourse=ST&RaceNo=10,false
2025-09-28_ST_11,2025-09-28_ST,2025-09-28,ST,11,55,Class 3,Class 3 - 1600M - (80-60),1600,80-60,GOOD TO FIRM,"TURF - ""C+3"" Course",MESIA HANDICAP,2050000,24.60 | 22.12 | 23.98 12.05 11.93 | 23.37 11.60 11.77,https://racing.hkjc.com/en-us/local/information/archive/localresults?racedate=2025/09/28&racecourse=ST&RaceNo=11,false
2025-10-01_ST_01,2025-10-01_ST,2025-10-01,ST,1,56,Class 5,Class 5 - 1400M - (40-0),1400,40-0,GOOD TO FIRM,"TURF - ""A+3"" Course",SHENYANG HANDICAP,875000,13.64 | 21.48 | 22.80 11.39 11.41 | 23.72 11.44 12.28,https://racing.hkjc.com/en-us/local/information/archive/localresults?racedate=2025/10/01&racecourse=ST&RaceNo=1,false
2025-10-01_ST_02,2025-10-01_ST,2025-10-01,ST,2,57,Class 4,Class 4 - 1200M - (60-40),1200,60-40,GOOD TO FIRM,"TURF - ""A+3"" Course",CHONGQING HANDICAP,1170000,23.95 | 21.64 10.72 10.92 | 23.28 11.23 12.05,https://racing.hkjc.com/en-us/local/information/archive/localresults?racedate=2025/10/01&racecourse=ST&RaceNo=2,false
2025-10-01_ST_03,2025-10-01_ST,2025-10-01,ST,3,58,Class 5,Class 5 - 1200M - (40-0),1200,40-0,GOOD TO FIRM,"TURF - ""A+3"" Course",NANNING HANDICAP,875000,23.80 | 22.13 10.93 11.20 | 22.91 11.10 11.81,https://racing.hkjc.com/en-us/local/information/archive/localresults?racedate=2025/10/01&racecourse=ST&RaceNo=3,false
2025-10-01_ST_04,2025-10-01_ST,2025-10-01,ST,4,59,Class 4,Class 4 - 1200M - (60-40),1200,60-40,GOOD TO FIRM,"TURF - ""A+3"" Course",CHONGQING HANDICAP,1170000,24.01 | 22.51 11.21 11.30 | 22.77 11.00 11.77,https://racing.hkjc.com/en-us/local/information/archive/localresults?racedate=2025/10/01&racecourse=ST&RaceNo=4,false
2025-10-01_ST_05,2025-10-01_ST,2025-10-01,ST,5,60,Class 4,Class 4 - 1800M - (60-40),1800,60-40,GOOD TO FIRM,"TURF - ""A+3"" Course",JINAN HANDICAP,1170000,13.66 | 22.15 | 23.21 | 23.91 11.88 12.03 | 23.74 11.59 12.15,https://racing.hkjc.com/en-us/local/information/archive/localresults?racedate=2025/10/01&racecourse=ST&RaceNo=5,false
2025-10-01_ST_06,2025-10-01_ST,2025-10-01,ST,6,61,Class 4,Class 4 - 1400M - (60-40),1400,60-40,GOOD TO FIRM,"TURF - ""A+3"" Course",CHENGDU HANDICAP,1170000,13.36 | 21.55 | 23.51 11.69 11.82 | 23.29 11.61 11.68,https://racing.hkjc.com/en-us/local/information/archive/localresults?racedate=2025/10/01&racecourse=ST&RaceNo=6,false
2025-10-01_ST_07,2025-10-01_ST,2025-10-01,ST,7,62,Group Three,Group Three - 1000M,1000,,GOOD TO FIRM,"TURF - ""A+3"" Course",THE NATIONAL DAY CUP (HANDICAP),4200000,13.02 | 20.32 09.93 10.39 | 22.30 10.92 11.38,https://racing.hkjc.com/en-us/local/information/archive/localresults?racedate=2025/10/01&racecourse=ST&RaceNo=7,false
2025-10-01_ST_08,2025-10-01_ST,2025-10-01,ST,8,63,Class 2,Class 2 - 1400M - (100-80),1400,100-80,GOOD TO FIRM,"TURF - ""A+3"" Course",BEIJING HANDICAP,2840000,13.31 | 22.37 | 23.01 11.90 11.11 | 22.27 10.77 11.50,https://racing.hkjc.com/en-us/local/information/archive/localresults?racedate=2025/10/01&racecourse=ST&RaceNo=8,false
2025-10-01_ST_09,2025-10-01_ST,2025-10-01,ST,9,64,Class 3,Class 3 - 1200M - (80-60),1200,80-60,GOOD TO FIRM,"TURF - ""A+3"" Course",SHANGHAI HANDICAP,1860000,23.58 | 22.51 11.12 11.39 | 22.68 11.15 11.53,https://racing.hkjc.com/en-us/local/information/archive/localresults?racedate=2025/10/01&racecourse=ST&RaceNo=9,false
2025-10-01_ST_10,2025-10-01_ST,2025-10-01,ST,10,65,Class 3,Class 3 - 1400M - (80-60),1400,80-60,GOOD TO FIRM,"TURF - ""A+3"" Course",TIANJIN HANDICAP,1860000,13.32 | 21.44 | 23.37 11.54 11.83 | 23.01 11.28 11.73,https://racing.hkjc.com/en-us/local/information/archive/localresults?racedate=2025/10/01&racecourse=ST&RaceNo=10,false
2025-10-04_ST_01,2025-10-04_ST,2025-10-04,ST,1,66,Class 5,Class 5 - 1650M - (40-0),1650,40-0,GOOD,ALL WEATHER TRACK,TUNG CHUNG HANDICAP,875000,27.68 | 23.16 | 23.83 11.74 12.09 | 24.83 12.07 12.76,https://racing.hkjc.com/en-us/local/information/archive/localresults?racedate=2025/10/04&racecourse=ST&RaceNo=1,false
2025-10-04_ST_02,2025-10-04_ST,2025-10-04,ST,2,67,Class 5,Class 5 - 1400M - (40-0),1400,40-0,GOOD TO FIRM,"TURF - ""B+2"" Course",NAM SANG WAI HANDICAP,875000,13.41 | 21.11 | 23.49 11.63 11.86 | 24.14 11.69 12.45,https://racing.hkjc.com/en-us/local/information/archive/localresults?racedate=2025/10/04&racecourse=ST&RaceNo=2,false
2025-10-04_ST_03,2025-10-04_ST,2025-10-04,ST,3,68,Class 4,Class 4 - 1650M - (60-40),1650,60-40,GOOD,ALL WEATHER TRACK,SAI KUNG HANDICAP,1170000,27.90 | 23.45 | 23.68 11.75 11.93 | 24.99 12.13 12.86,https://racing.hkjc.com/en-us/local/information/archive/localresults?racedate=2025/10/04&racecourse=ST&RaceNo=3,false
2025-10-04_ST_04,2025-10-04_ST,2025-10-04,ST,4,69,Class 4,Class 4 - 1400M - (60-40),1400,60-40,GOOD TO FIRM,"TURF - ""B+2"" Course",PAK TAM AU HANDICAP,1170000,13.50 | 21.16 | 23.15 11.46 11.69 | 23.77 11.71 12.06,https://racing.hkjc.com/en-us/local/information/archive/localresults?racedate=2025/10/04&racecourse=ST&RaceNo=4,false
2025-10-04_ST_05,2025-10-04_ST,2025-10-04,ST,5,70,Class 4,Class 4 - 1200M - (60-40),1200,60-40,GOOD TO FIRM,"TURF - ""B+2"" Course",SOUTH BAY HANDICAP,1170000,23.66 | 22.10 10.86 11.24 | 23.08 11.06 12.02,https://racing.hkjc.com/en-us/local/information/archive/localresults?racedate=2025/10/04&racecourse=ST&RaceNo=5,false
2025-10-04_ST_06,2025-10-04_ST,2025-10-04,ST,6,71,Class 4,Class 4 - 1400M - (60-40),1400,60-40,GOOD TO FIRM,"TURF - ""B+2"" Course",PAK TAM AU HANDICAP,1170000,13.38 | 21.05 | 23.43 11.69 11.74 | 23.81 11.82 11.99,https://racing.hkjc.com/en-us/local/information/archive/localresults?racedate=2025/10/04&racecourse=ST&RaceNo=6,false
2025-10-04_ST_07,2025-10-04_ST,2025-10-04,ST,7,72,Class 3,Class 3 - 1000M - (85-60),1000,85-60,GOOD TO FIRM,"TURF - ""B+2"" Course",THE ASSOCIATION OF HONG KONG RACING JOURNALISTS 40TH ANNIVERSARY CUP (HANDICAP),1860000,12.97 | 20.74 10.21 10.53 | 22.83 11.05 11.78,https://racing.hkjc.com/en-us/local/information/archive/localresults?racedate=2025/10/04&racecourse=ST&RaceNo=7,false
2025-10-04_ST_08,2025-10-04_ST,2025-10-04,ST,8,73,Class 2,Class 2 - 1650M - (100-75),1650,100-75,SEALED,ALL WEATHER TRACK,HIGH WEST HANDICAP,3120000,27.93 | 22.16 | 24.03 11.61 12.42 | 24.45 11.93 12.52,https://racing.hkjc.com/en-us/local/information/archive/localresults?racedate=2025/10/04&racecourse=ST&RaceNo=8,false
2025-10-04_ST_09,2025-10-04_ST,2025-10-04,ST,9,74,Class 3,Class 3 - 1200M - (80-60),1200,80-60,GOOD TO FIRM,"TURF - ""B+2"" Course",TUNG LUNG CHAU HANDICAP,1860000,23.51 | 21.93 10.71 11.22 | 22.80 11.39 11.41,https://racing.hkjc.com/en-us/local/information/archive/localresults?racedate=2025/10/04&racecourse=ST&RaceNo=9,false
2025-10-04_ST_10,2025-10-04_ST,2025-10-04,ST,10,75,Class 3,Class 3 - 1800M - (85-60),1800,85-60,GOOD TO FIRM,"TURF - ""B+2"" Course",NAM LONG SHAN HANDICAP,2050000,13.96 | 21.99 | 23.75 | 23.88 12.14 11.74 | 23.69 11.67 12.02,https://racing.hkjc.com/en-us/local/information/archive/localresults?racedate=2025/10/04&racecourse=ST&RaceNo=10,false
2025-10-08_HV_01,2025-10-08_HV,2025-10-08,HV,1,76,Class 5,Class 5 - 1800M - (40-0),1800,40-0,GOOD TO FIRM,"TURF - ""C+3"" Course",PEDDER HANDICAP,875000,13.43 | 23.16 | 24.08 | 24.43 12.22 12.21 | 23.82 11.95 11.87,https://racing.hkjc.com/en-us/local/information/archive/localresults?racedate=2025/10/08&racecourse=HV&RaceNo=1,false
2025-10-08_HV_02,2025-10-08_HV,2025-10-08,HV,2,77,Class 4,Class 4 - 1650M - (60-40),1650,60-40,GOOD TO FIRM,"TURF - ""C+3"" Course",MAN CHEUNG HANDICAP,1170000,28.30 | 23.81 | 24.13 12.04 12.09 | 23.57 11.89 11.68,https://racing.hkjc.com/en-us/local/information/archive/localresults?racedate=2025/10/08&racecourse=HV&RaceNo=2,false
2025-10-08_HV_03,2025-10-08_HV,2025-10-08,HV,3,78,Class 4,Class 4 - 1200M - (60-40),1200,60-40,GOOD TO FIRM,"TURF - ""C+3"" Course",LI YUEN HANDICAP,1170000,23.69 | 22.27 10.95 11.32 | 23.34 11.50 11.84,https://racing.hkjc.com/en-us/local/information/archive/localresults?racedate=2025/10/08&racecourse=HV&RaceNo=3,false
2025-10-08_HV_04,2025-10-08_HV,2025-10-08,HV,4,79,Class 4,Class 4 - 1650M - (60-40),1650,60-40,GOOD TO FIRM,"TURF - ""C+3"" Course",MAN CHEUNG HANDICAP,1170000,27.52 | 22.97 | 23.80 11.62 12.18 | 24.24 12.26 11.98,https://racing.hkjc.com/en-us/local/information/archive/localresults?racedate=2025/10/08&racecourse=HV&RaceNo=4,false
2025-10-08_HV_05,2025-10-08_HV,2025-10-08,HV,5,80,Class 4,Class 4 - 1000M - (60-40),1000,60-40,GOOD TO FIRM,"TURF - ""C+3"" Course",MAN YIU HANDICAP,1170000,12.56 | 21.31 10.36 10.95 | 22.81 11.16 11.65,https://racing.hkjc.com/en-us/local/information/archive/localresults?racedate=2025/10/08&racecourse=HV&RaceNo=5,false
2025-10-08_HV_06,2025-10-08_HV,2025-10-08,HV,6,81,Class 3,Class 3 - 1650M - (80-60),1650,80-60,GOOD TO FIRM,"TURF - ""C+3"" Course",THE HKEX CUP (HANDICAP),2050000,27.41 | 22.63 | 24.21 11.99 12.22 | 24.30 12.32 11.98,https://racing.hkjc.com/en-us/local/information/archive/localresults?racedate=2025/10/08&racecourse=HV&RaceNo=6,false
2025-10-08_HV_07,2025-10-08_HV,2025-10-08,HV,7,82,Class 4,Class 4 - 1200M - (60-40),1200,60-40,GOOD TO FIRM,"TURF - ""C+3"" Course",LI YUEN HANDICAP,1170000,24.11 | 22.82 11.27 11.55 | 22.84 11.40 11.44,https://racing.hkjc.com/en-us/local/information/archive/localresults?racedate=2025/10/08&racecourse=HV&RaceNo=7,false
2025-10-08_HV_08,2025-10-08_HV,2025-10-08,HV,8,83,Class 3,Class 3 - 1200M - (80-60),1200,80-60,GOOD TO FIRM,"TURF - ""C+3"" Course",HARBOUR VIEW HANDICAP,1860000,23.79 | 22.60 11.14 11.46 | 22.95 11.31 11.64,https://racing.hkjc.com/en-us/local/information/archive/localresults?racedate=2025/10/08&racecourse=HV&RaceNo=8,false
2025-10-08_HV_09,2025-10-08_HV,2025-10-08,HV,9,84,Class 3,Class 3 - 1200M - (80-60),1200,80-60,GOOD TO FIRM,"TURF - ""C+3"" Course",HARBOUR VIEW HANDICAP,1860000,23.66 | 22.37 10.93 11.44 | 23.05 11.44 11.61,https://racing.hkjc.com/en-us/local/information/archive/localresults?racedate=2025/10/08&racecourse=HV&RaceNo=9,false
2025-10-12_ST_01,2025-10-12_ST,2025-10-12,ST,1,85,Class 5,Class 5 - 1200M - (40-0),1200,40-0,GOOD,"TURF - ""C"" Course",CHAI WAN KOK HANDICAP,875000,23.61 | 21.66 10.53 11.13 | 23.42 11.45 11.97,https://racing.hkjc.com/en-us/local/information/archive/localresults?racedate=2025/10/12&racecourse=ST&RaceNo=1,false
2025-10-12_ST_02,2025-10-12_ST,2025-10-12,ST,2,86,Class 4,Class 4 - 1200M - (60-40),1200,60-40,GOOD,"TURF - ""C"" Course",KWOK SHUI HANDICAP,1170000,23.65 | 22.00 10.89 11.11 | 23.34 11.34 12.00,https://racing.hkjc.com/en-us/local/information/archive/localresults?racedate=2025/10/12&racecourse=ST&RaceNo=2,false
2025-10-12_ST_03,2025-10-12_ST,2025-10-12,ST,3,87,Class 4,Class 4 - 1200M - (60-40),1200,60-40,WET SLOW,ALL WEATHER TRACK,LO WAI HANDICAP,1170000,23.07 | 22.68 10.91 11.77 | 23.83 11.77 12.06,https://racing.hkjc.com/en-us/local/information/archive/localresults?racedate=2025/10/12&racecourse=ST&RaceNo=3,false
2025-10-12_ST_04,2025-10-12_ST,2025-10-12,ST,4,88,Class 4,Class 4 - 1400M - (60-40),1400,60-40,GOOD,"TURF - ""C"" Course",SHA TSUI HANDICAP,1170000,13.45 | 21.90 | 23.29 11.80 11.49 | 23.09 11.45 11.64,https://racing.hkjc.com/en-us/local/information/archive/localresults?racedate=2025/10/12&racecourse=ST&RaceNo=4,false
2025-10-12_ST_05,2025-10-12_ST,2025-10-12,ST,5,89,Class 4,Class 4 - 1200M - (60-40),1200,60-40,GOOD,"TURF - ""C"" Course",THE YAN CHAI TROPHY (HANDICAP),1170000,23.43 | 22.10 10.78 11.32 | 23.78 11.53 12.25,https://racing.hkjc.com/en-us/local/information/archive/localresults?racedate=2025/10/12&racecourse=ST&RaceNo=5,false
2025-10-12_ST_06,2025-10-12_ST,2025-10-12,ST,6,90,Class 4,Class 4 - 1600M - (60-40),1600,60-40,GOOD,"TURF - ""C"" Course",SHAM TSENG HANDICAP,1170000,24.66 | 22.81 | 23.43 11.69 11.74 | 23.49 11.64 11.85,https://racing.hkjc.com/en-us/local/information/archive/localresults?racedate=2025/10/12&racecourse=ST&RaceNo=6,false
2025-10-12_ST_07,2025-10-12_ST,2025-10-12,ST,7,91,Class 3,Class 3 - 1200M - (80-60),1200,80-60,GOOD,"TURF - ""C"" Course",THE CHINESE RECREATION CLUB CHALLENGE CUP (HANDICAP),1860000,23.68 | 22.69 11.41 11.28 | 22.50 10.86 11.64,https://racing.hkjc.com/en-us/local/information/archive/localresults?racedate=2025/10/12&racecourse=ST&RaceNo=7,false
2025-10-12_ST_08,2025-10-12_ST,2025-10-12,ST,8,92,Class 3,Class 3 - 1200M - (80-60),1200,80-60,WET SLOW,ALL WEATHER TRACK,SHEK WAI KOK HANDICAP,1860000,23.17 | 22.07 10.54 11.53 | 23.36 11.49 11.87,https://racing.hkjc.com/en-us/local/information/archive/localresults?racedate=2025/10/12&racecourse=ST&RaceNo=8,false
2025-10-12_ST_09,2025-10-12_ST,2025-10-12,ST,9,93,Class 2,Class 2 - 1200M - (100-80),1200,100-80,GOOD,"TURF - ""C"" Course",SHING MUN HANDICAP,2840000,23.26 | 21.76 10.69 11.07 | 23.31 11.24 12.07,https://racing.hkjc.com/en-us/local/information/archive/localresults?racedate=2025/10/12&racecourse=ST&RaceNo=9,false
2025-10-12_ST_10,2025-10-12_ST,2025-10-12,ST,10,94,Class 3,Class 3 - 1400M - (80-60),1400,80-60,GOOD,"TURF - ""C"" Course",YAU KOM TAU HANDICAP,1860000,13.11 | 21.08 | 23.04 11.49 11.55 | 23.88 11.69 12.19,https://racing.hkjc.com/en-us/local/information/archive/localresults?racedate=2025/10/12&racecourse=ST&RaceNo=10,false
2025-10-15_HV_01,2025-10-15_HV,2025-10-15,HV,1,95,Class 5,Class 5 - 1650M - (40-0),1650,40-0,GOOD TO FIRM,"TURF - ""A"" Course",NGAU CHI WAN HANDICAP,875000,27.13 | 23.24 | 24.74 12.19 12.55 | 24.61 12.63 11.98,https://racing.hkjc.com/en-us/local/information/archive/localresults?racedate=2025/10/15&racecourse=HV&RaceNo=1,false
2025-10-15_HV_02,2025-10-15_HV,2025-10-15,HV,2,96,Class 4,Class 4 - 1650M - (60-40),1650,60-40,GOOD TO FIRM,"TURF - ""A"" Course",HUNG LUEN HANDICAP,1170000,27.17 | 24.23 | 24.00 12.00 12.00 | 24.49 12.15 12.34,https://racing.hkjc.com/en-us/local/information/archive/localresults?racedate=2025/10/15&racecourse=HV&RaceNo=2,false
2025-10-15_HV_03,2025-10-15_HV,2025-10-15,HV,3,97,Class 4,Class 4 - 1200M - (60-40),1200,60-40,GOOD TO FIRM,"TURF - ""A"" Course",FUNG MO HANDICAP,1170000,23.39 | 22.57 11.03 11.54 | 23.51 11.86 11.65,https://racing.hkjc.com/en-us/local/information/archive/localresults?racedate=2025/10/15&racecourse=HV&RaceNo=3,false
2025-10-15_HV_04,2025-10-15_HV,2025-10-15,HV,4,98,Class 4,Class 4 - 1200M - (60-40),1200,60-40,GOOD TO FIRM,"TURF - ""A"" Course",FUNG MO HANDICAP,1170000,23.74 | 23.10 11.05 12.05 | 23.50 11.87 11.63,https://racing.hkjc.com/en-us/local/information/archive/localresults?racedate=2025/10/15&racecourse=HV&RaceNo=4,false
2025-10-15_HV_05,2025-10-15_HV,2025-10-15,HV,5,99,Class 4,Class 4 - 1650M - (60-40),1650,60-40,GOOD TO FIRM,"TURF - ""A"" Course",HUNG LUEN HANDICAP,1170000,28.21 | 24.34 | 24.20 11.90 12.30 | 23.69 11.99 11.70,https://racing.hkjc.com/en-us/local/information/archive/localresults?racedate=2025/10/15&racecourse=HV&RaceNo=5,false
2025-10-15_HV_06,2025-10-15_HV,2025-10-15,HV,6,100,Class 4,Class 4 - 1200M - (60-40),1200,60-40,GOOD TO FIRM,"TURF - ""A"" Course",FUNG MO HANDICAP,1170000,23.44 | 22.41 10.73 11.68 | 23.53 11.76 11.77,https://racing.hkjc.com/en-us/local/information/archive/localresults?racedate=2025/10/15&racecourse=HV&RaceNo=6,false
2025-10-15_HV_07,2025-10-15_HV,2025-10-15,HV,7,101,Class 2,Class 2 - 1800M - (100-80),1800,100-80,GOOD TO FIRM,"TURF - ""A"" Course",LEI YUE MUN HANDICAP,3120000,13.43 | 22.63 | 24.37 | 23.74 11.99 11.75 | 23.79 11.87 11.92,https://racing.hkjc.com/en-us/local/information/archive/localresults?racedate=2025/10/15&racecourse=HV&RaceNo=7,false
2025-10-15_HV_08,2025-10-15_HV,2025-10-15,HV,8,102,Class 3,Class 3 - 1200M - (80-60),1200,80-60,GOOD TO FIRM,"TURF - ""A"" Course",HOK YUEN HANDICAP,1860000,23.36 | 22.38 10.92 11.46 | 23.70 11.85 11.85,https://racing.hkjc.com/en-us/local/information/archive/localresults?racedate=2025/10/15&racecourse=HV&RaceNo=8,false
2025-10-15_HV_09,2025-10-15_HV,2025-10-15,HV,9,103,Class 3,Class 3 - 1800M - (80-60),1800,80-60,GOOD TO FIRM,"TURF - ""A"" Course",LUNG CHEUNG HANDICAP,2050000,13.30 | 22.43 | 24.40 | 23.90 12.02 11.88 | 24.28 12.11 12.17,https://racing.hkjc.com/en-us/local/information/archive/localresults?racedate=2025/10/15&racecourse=HV&RaceNo=9,false
2025-10-19_ST_01,2025-10-19_ST,2025-10-19,ST,1,104,Class 5,Class 5 - 1400M - (40-0),1400,40-0,GOOD TO FIRM,"TURF - ""C+3"" Course",SHEK MUN HANDICAP,875000,13.25 | 20.97 | 23.28 11.40 11.88 | 24.24 12.05 12.19,https://racing.hkjc.com/en-us/local/information/archive/localresults?racedate=2025/10/19&racecourse=ST&RaceNo=1,false
2025-10-19_ST_02,2025-10-19_ST,2025-10-19,ST,2,105,Class 4,Class 4 - 1000M - (60-40),1000,60-40,GOOD TO FIRM,"TURF - ""C+3"" Course",SUN TIN WAI HANDICAP,1170000,13.27 | 20.90 10.32 10.58 | 22.64 11.01 11.63,https://racing.hkjc.com/en-us/local/information/archive/localresults?racedate=2025/10/19&racecourse=ST&RaceNo=2,false
2025-10-19_ST_03,2025-10-19_ST,2025-10-19,ST,3,106,Class 4,Class 4 - 1800M - (60-40),1800,60-40,GOOD TO FIRM,"TURF - ""C+3"" Course",CHUN SHEK HANDICAP,1170000,14.00 | 22.13 | 23.49 | 23.72 11.90 11.82 | 23.37 11.55 11.82,https://racing.hkjc.com/en-us/local/information/archive/localresults?racedate=2025/10/19&racecourse=ST&RaceNo=3,false
2025-10-19_ST_04,2025-10-19_ST,2025-10-19,ST,4,107,Class 4,Class 4 - 1400M - (60-40),1400,60-40,GOOD TO FIRM,"TURF - ""C+3"" Course",SUN CHUI HANDICAP,1170000,13.46 | 21.28 | 23.08 11.65 11.43 | 23.78 11.72 12.06,https://racing.hkjc.com/en-us/local/information/archive/localresults?racedate=2025/10/19&racecourse=ST&RaceNo=4,false
2025-10-19_ST_05,2025-10-19_ST,2025-10-19,ST,5,108,Class 4,Class 4 - 1400M - (60-40),1400,60-40,GOOD TO FIRM,"TURF - ""C+3"" Course",SUN CHUI HANDICAP,1170000,13.27 | 21.33 | 23.06 11.41 11.65 | 23.49 11.50 11.99,https://racing.hkjc.com/en-us/local/information/archive/localresults?racedate=2025/10/19&racecourse=ST&RaceNo=5,false
2025-10-19_ST_06,2025-10-19_ST,2025-10-19,ST,6,109,Class 4,Class 4 - 1200M - (60-40),1200,60-40,GOOD TO FIRM,"TURF - ""C+3"" Course",LUNG HANG HANDICAP,1170000,23.31 | 21.82 10.85 10.97 | 23.56 11.33 12.23,https://racing.hkjc.com/en-us/local/information/archive/localresults?racedate=2025/10/19&racecourse=ST&RaceNo=6,false
2025-10-19_ST_07,2025-10-19_ST,2025-10-19,ST,7,110,Group Two,Group Two - 1600M,1600,,GOOD TO FIRM,"TURF - ""C+3"" Course",THE SHA TIN TROPHY (HANDICAP),5350000,24.07 | 21.83 | 23.27 11.55 11.72 | 23.38 11.35 12.03,https://racing.hkjc.com/en-us/local/information/archive/localresults?racedate=2025/10/19&racecourse=ST&RaceNo=7,false
2025-10-19_ST_08,2025-10-19_ST,2025-10-19,ST,8,111,Class 3,Class 3 - 1200M - (80-60),1200,80-60,GOOD TO FIRM,"TURF - ""C+3"" Course",LEK YUEN HANDICAP,1860000,23.73 | 22.34 11.01 11.33 | 22.50 11.05 11.45,https://racing.hkjc.com/en-us/local/information/archive/localresults?racedate=2025/10/19&racecourse=ST&RaceNo=8,false
2025-10-19_ST_09,2025-10-19_ST,2025-10-19,ST,9,112,Class 3,Class 3 - 1400M - (80-60),1400,80-60,GOOD TO FIRM,"TURF - ""C+3"" Course",WO CHE HANDICAP,1860000,13.20 | 20.91 | 23.19 11.42 11.77 | 23.63 11.75 11.88,https://racing.hkjc.com/en-us/local/information/archive/localresults?racedate=2025/10/19&racecourse=ST&RaceNo=9,false
2025-10-19_ST_10,2025-10-19_ST,2025-10-19,ST,10,113,Class 3,Class 3 - 1600M - (80-60),1600,80-60,GOOD TO FIRM,"TURF - ""C+3"" Course",SHA KOK HANDICAP,2050000,24.00 | 22.36 | 23.72 12.02 11.70 | 23.59 11.70 11.89,https://racing.hkjc.com/en-us/local/information/archive/localresults?racedate=2025/10/19&racecourse=ST&RaceNo=10,false
2025-10-22_HV_01,2025-10-22_HV,2025-10-22,HV,1,114,Class 4,Class 4 - 1000M - (60-40),1000,60-40,GOOD,"TURF - ""B"" Course",SPEEDY HANDICAP,1170000,12.37 | 21.29 10.27 11.02 | 23.22 11.45 11.77,https://racing.hkjc.com/en-us/local/information/archive/localresults?racedate=2025/10/22&racecourse=HV&RaceNo=1,false
2025-10-22_HV_02,2025-10-22_HV,2025-10-22,HV,2,115,Class 5,Class 5 - 1200M - (40-0),1200,40-0,GOOD,"TURF - ""B"" Course",SUCCESS HANDICAP,875000,23.58 | 22.34 10.96 11.38 | 23.95 11.97 11.98,https://racing.hkjc.com/en-us/local/information/archive/localresults?racedate=2025/10/22&racecourse=HV&RaceNo=2,false
2025-10-22_HV_03,2025-10-22_HV,2025-10-22,HV,3,116,Class 4,Class 4 - 1200M - (60-40),1200,60-40,GOOD,"TURF - ""B"" Course",SWIFTY HANDICAP,1170000,23.25 | 23.11 11.41 11.70 | 23.34 11.66 11.68,https://racing.hkjc.com/en-us/local/information/archive/localresults?racedate=2025/10/22&racecourse=HV&RaceNo=3,false
2025-10-22_HV_04,2025-10-22_HV,2025-10-22,HV,4,117,Class 4,Class 4 - 1200M - (60-40),1200,60-40,GOOD,"TURF - ""B"" Course",SWIFTY HANDICAP,1170000,23.55 | 22.56 11.20 11.36 | 24.28 12.07 12.21,https://racing.hkjc.com/en-us/local/information/archive/localresults?racedate=2025/10/22&racecourse=HV&RaceNo=4,false
2025-10-22_HV_05,2025-10-22_HV,2025-10-22,HV,5,118,Class 4,Class 4 - 1650M - (60-40),1650,60-40,GOOD,"TURF - ""B"" Course",RACING SPIRIT HANDICAP,1170000,27.44 | 23.68 | 23.66 11.82 11.84 | 24.76 12.29 12.47,https://racing.hkjc.com/en-us/local/information/archive/localresults?racedate=2025/10/22&racecourse=HV&RaceNo=5,false
2025-10-22_HV_06,2025-10-22_HV,2025-10-22,HV,6,119,Class 2,Class 2 - 1000M - (100-75),1000,100-75,GOOD,"TURF - ""B"" Course",THE LONGINES CUP (HANDICAP),2840000,12.45 | 20.85 10.31 10.54 | 22.93 11.24 11.69,https://racing.hkjc.com/en-us/local/information/archive/localresults?racedate=2025/10/22&racecourse=HV&RaceNo=6,false
2025-10-22_HV_07,2025-10-22_HV,2025-10-22,HV,7,120,Class 4,Class 4 - 1200M - (60-40),1200,60-40,GOOD,"TURF - ""B"" Course",SWIFTY HANDICAP,1170000,24.23 | 22.76 11.27 11.49 | 23.41 11.49 11.92,https://racing.hkjc.com/en-us/local/information/archive/localresults?racedate=2025/10/22&racecourse=HV&RaceNo=7,false
2025-10-22_HV_08,2025-10-22_HV,2025-10-22,HV,8,121,Class 3,Class 3 - 1650M - (80-60),1650,80-60,GOOD,"TURF - ""B"" Course",SONGS OF VICTORY HANDICAP,2050000,28.20 | 23.33 | 23.75 11.70 12.05 | 24.20 12.16 12.04,https://racing.hkjc.com/en-us/local/information/archive/localresults?racedate=2025/10/22&racecourse=HV&RaceNo=8,false
2025-10-22_HV_09,2025-10-22_HV,2025-10-22,HV,9,122,Class 3,Class 3 - 1200M - (80-60),1200,80-60,GOOD,"TURF - ""B"" Course",FLYING HANDICAP,1860000,24.28 | 22.64 11.07 11.57 | 22.91 11.44 11.47,https://racing.hkjc.com/en-us/local/information/archive/localresults?racedate=2025/10/22&racecourse=HV&RaceNo=9,false
2025-10-26_ST_01,2025-10-26_ST,2025-10-26,ST,1,123,Class 5,Class 5 - 1800M - (40-0),1800,40-0,GOOD TO FIRM,"TURF - ""A"" Course",PANASONIC AIR-CONDITIONER HANDICAP,875000,13.78 | 22.38 | 23.36 | 23.77 11.88 11.89 | 24.04 11.79 12.25,https://racing.hkjc.com/en-us/local/information/archive/localresults?racedate=2025/10/26&racecourse=ST&RaceNo=1,false
2025-10-26_ST_02,2025-10-26_ST,2025-10-26,ST,2,124,Class 4 (Restricted),Class 4 (Restricted) - 1200M - (60-40),1200,60-40,GOOD TO FIRM,"TURF - ""A"" Course",PANASONIC TV HANDICAP,1170000,23.18 | 22.59 11.09 11.50 | 23.07 11.14 11.93,https://racing.hkjc.com/en-us/local/information/archive/localresults?racedate=2025/10/26&racecourse=ST&RaceNo=2,false
2025-10-26_ST_03,2025-10-26_ST,2025-10-26,ST,3,125,Class 4,Class 4 - 1200M - (60-40),1200,60-40,GOOD TO FIRM,"TURF - ""A"" Course",PANASHOP HANDICAP,1170000,23.38 | 22.42 11.07 11.35 | 22.97 11.27 11.70,https://racing.hkjc.com/en-us/local/information/archive/localresults?racedate=2025/10/26&racecourse=ST&RaceNo=3,false
2025-10-26_ST_04,2025-10-26_ST,2025-10-26,ST,4,126,Class 4,Class 4 - 1600M - (60-40),1600,60-40,GOOD TO FIRM,"TURF - ""A"" Course",PANASONIC SMART LOCK HANDICAP,1170000,24.29 | 22.49 | 23.44 11.78 11.66 | 23.66 11.77 11.89,https://racing.hkjc.com/en-us/local/information/archive/localresults?racedate=2025/10/26&racecourse=ST&RaceNo=4,false
2025-10-26_ST_05,2025-10-26_ST,2025-10-26,ST,5,127,Class 4,Class 4 - 1400M - (60-40),1400,60-40,GOOD TO FIRM,"TURF - ""A"" Course",PANASONIC RICE COOKER HANDICAP,1170000,13.25 | 21.27 | 23.19 11.61 11.58 | 23.47 11.53 11.94,https://racing.hkjc.com/en-us/local/information/archive/localresults?racedate=2025/10/26&racecourse=ST&RaceNo=5,false
2025-10-26_ST_06,2025-10-26_ST,2025-10-26,ST,6,128,Class 2,Class 2 - 1600M - (105-75),1600,105-75,GOOD TO FIRM,"TURF - ""A"" Course",THE PANASONIC CUP (HANDICAP),3120000,24.10 | 22.61 | 23.34 11.61 11.73 | 22.98 11.24 11.74,https://racing.hkjc.com/en-us/local/information/archive/localresults?racedate=2025/10/26&racecourse=ST&RaceNo=6,false
2025-10-26_ST_07,2025-10-26_ST,2025-10-26,ST,7,129,Class 3,Class 3 - 2000M - (80-60),2000,80-60,GOOD TO FIRM,"TURF - ""A"" Course",PANASONIC VITALIFT HANDICAP,2050000,25.09 | 23.46 | 23.62 | 23.78 12.06 11.72 | 23.82 12.07 11.75,https://racing.hkjc.com/en-us/local/information/archive/localresults?racedate=2025/10/26&racecourse=ST&RaceNo=7,false
2025-10-26_ST_08,2025-10-26_ST,2025-10-26,ST,8,130,Group Two,Group Two - 1200M,1200,,GOOD TO FIRM,"TURF - ""A"" Course",THE PREMIER BOWL (HANDICAP),5350000,22.90 | 21.78 10.76 11.02 | 22.71 11.26 11.45,https://racing.hkjc.com/en-us/local/information/archive/localresults?racedate=2025/10/26&racecourse=ST&RaceNo=8,false
2025-10-26_ST_09,2025-10-26_ST,2025-10-26,ST,9,131,Class 3,Class 3 - 1000M - (80-60),1000,80-60,GOOD TO FIRM,"TURF - ""A"" Course",TECHNICS HEADPHONES HANDICAP,1860000,13.02 | 20.61 10.18 10.43 | 22.74 10.74 12.00,https://racing.hkjc.com/en-us/local/information/archive/localresults?racedate=2025/10/26&racecourse=ST&RaceNo=9,false
2025-10-26_ST_10,2025-10-26_ST,2025-10-26,ST,10,132,Class 3,Class 3 - 1400M - (80-60),1400,80-60,GOOD TO FIRM,"TURF - ""A"" Course",PANASONIC WASHER DRYER HANDICAP,1860000,13.43 | 21.48 | 23.85 11.93 11.92 | 22.56 11.11 11.45,https://racing.hkjc.com/en-us/local/information/archive/localresults?racedate=2025/10/26&racecourse=ST&RaceNo=10,false
2025-10-30_ST_01,2025-10-30_ST,2025-10-30,ST,1,133,Class 5,Class 5 - 1650M - (40-0),1650,40-0,GOOD,ALL WEATHER TRACK,WA MEI SHAN HANDICAP,875000,28.12 | 23.57 | 24.81 12.15 12.66 | 25.03 12.37 12.66,https://racing.hkjc.com/en-us/local/information/archive/localresults?racedate=2025/10/30&racecourse=ST&RaceNo=1,false
2025-10-30_ST_02,2025-10-30_ST,2025-10-30,ST,2,134,Class 5,Class 5 - 1200M - (40-0),1200,40-0,GOOD,ALL WEATHER TRACK,TSIM MEI FUNG HANDICAP,875000,23.66 | 22.39 10.89 11.50 | 24.73 11.80 12.93,https://racing.hkjc.com/en-us/local/information/archive/localresults?racedate=2025/10/30&racecourse=ST&RaceNo=2,false
2025-10-30_ST_03,2025-10-30_ST,2025-10-30,ST,3,135,Class 4,Class 4 - 1200M - (60-40),1200,60-40,GOOD,ALL WEATHER TRACK,SHEK UK SHAN HANDICAP,1170000,23.25 | 22.69 10.78 11.91 | 24.77 12.14 12.63,https://racing.hkjc.com/en-us/local/information/archive/localresults?racedate=2025/10/30&racecourse=ST&RaceNo=3,false
2025-10-30_ST_04,2025-10-30_ST,2025-10-30,ST,4,136,Class 4,Class 4 - 1800M - (60-40),1800,60-40,GOOD,ALL WEATHER TRACK,TIU YUE YUNG HANDICAP,1170000,13.82 | 22.92 | 23.92 | 24.79 12.22 12.57 | 24.85 12.30 12.55,https://racing.hkjc.com/en-us/local/information/archive/localresults?racedate=2025/10/30&racecourse=ST&RaceNo=4,false
2025-10-30_ST_05,2025-10-30_ST,2025-10-30,ST,5,137,Class 4,Class 4 - 1200M - (60-40),1200,60-40,GOOD,ALL WEATHER TRACK,SHEK UK SHAN HANDICAP,1170000,23.67 | 22.59 10.91 11.68 | 24.09 11.92 12.17,https://racing.hkjc.com/en-us/local/information/archive/localresults?racedate=2025/10/30&racecourse=ST&RaceNo=5,false
2025-10-30_ST_06,2025-10-30_ST,2025-10-30,ST,6,138,Class 4,Class 4 - 1650M - (60-40),1650,60-40,GOOD,ALL WEATHER TRACK,TIN HA SHAN HANDICAP,1170000,28.02 | 23.42 | 24.42 11.86 12.56 | 24.99 12.29 12.70,https://racing.hkjc.com/en-us/local/information/archive/localresults?racedate=2025/10/30&racecourse=ST&RaceNo=6,false
2025-10-30_ST_07,2025-10-30_ST,2025-10-30,ST,7,139,Class 3,Class 3 - 1200M - (85-60),1200,85-60,GOOD,ALL WEATHER TRACK,HEBE HILL HANDICAP,1860000,23.32 | 22.25 10.72 11.53 | 23.68 11.66 12.02,https://racing.hkjc.com/en-us/local/information/archive/localresults?racedate=2025/10/30&racecourse=ST&RaceNo=7,false
2025-10-30_ST_08,2025-10-30_ST,2025-10-30,ST,8,140,Class 3,Class 3 - 1650M - (85-60),1650,85-60,GOOD,ALL WEATHER TRACK,PYRAMID HILL HANDICAP,2050000,28.13 | 23.86 | 23.28 11.55 11.73 | 24.32 11.74 12.58,https://racing.hkjc.com/en-us/local/information/archive/localresults?racedate=2025/10/30&racecourse=ST&RaceNo=8,false
2025-11-02_HV_01,2025-11-02_HV,2025-11-02,HV,1,141,Class 5,Class 5 - 1200M - (40-0),1200,40-0,GOOD TO FIRM,"TURF - ""C"" Course",DONGGUAN HANDICAP,875000,23.75 | 22.43 10.68 11.75 | 23.42 11.62 11.80,https://racing.hkjc.com/en-us/local/information/archive/localresults?racedate=2025/11/02&racecourse=HV&RaceNo=1,false
2025-11-02_HV_02,2025-11-02_HV,2025-11-02,HV,2,142,Class 4,Class 4 - 1200M - (60-40),1200,60-40,GOOD TO FIRM,"TURF - ""C"" Course",FOSHAN HANDICAP,1170000,23.58 | 22.41 10.85 11.56 | 23.28 11.30 11.98,https://racing.hkjc.com/en-us/local/information/archive/localresults?racedate=2025/11/02&racecourse=HV&RaceNo=2,false
2025-11-02_HV_03,2025-11-02_HV,2025-11-02,HV,3,143,Class 4,Class 4 - 1650M - (60-40),1650,60-40,GOOD TO FIRM,"TURF - ""C"" Course",HUIZHOU HANDICAP,1170000,27.53 | 23.19 | 24.11 11.98 12.13 | 24.52 11.80 12.72,https://racing.hkjc.com/en-us/local/information/archive/localresults?racedate=2025/11/02&racecourse=HV&RaceNo=3,false
2025-11-02_HV_04,2025-11-02_HV,2025-11-02,HV,4,144,Class 4,Class 4 - 1000M - (60-40),1000,60-40,GOOD TO FIRM,"TURF - ""C"" Course",SHANTOU HANDICAP,1170000,12.45 | 21.49 10.27 11.22 | 23.20 11.52 11.68,https://racing.hkjc.com/en-us/local/information/archive/localresults?racedate=2025/11/02&racecourse=HV&RaceNo=4,false
2025-11-02_HV_05,2025-11-02_HV,2025-11-02,HV,5,145,Class 4,Class 4 - 1200M - (60-40),1200,60-40,GOOD TO FIRM,"TURF - ""C"" Course",THE HONG KONG COUNTRY CLUB CHALLENGE CUP (HANDICAP),1170000,23.77 | 23.07 11.24 11.83 | 23.26 11.52 11.74,https://racing.hkjc.com/en-us/local/information/archive/localresults?racedate=2025/11/02&racecourse=HV&RaceNo=5,false
2025-11-02_HV_06,2025-11-02_HV,2025-11-02,HV,6,146,Class 4,Class 4 - 1800M - (60-40),1800,60-40,GOOD TO FIRM,"TURF - ""C"" Course",SHENZHEN HANDICAP,1170000,13.44 | 22.83 | 23.83 | 24.60 12.10 12.50 | 24.36 12.01 12.35,https://racing.hkjc.com/en-us/local/information/archive/localresults?racedate=2025/11/02&racecourse=HV&RaceNo=6,false
2025-11-02_HV_07,2025-11-02_HV,2025-11-02,HV,7,147,Class 3,Class 3 - 1000M - (80-60),1000,80-60,GOOD TO FIRM,"TURF - ""C"" Course",THE KWANGTUNG HANDICAP CUP (HANDICAP),1860000,12.41 | 21.04 09.96 11.08 | 23.22 11.44 11.78,https://racing.hkjc.com/en-us/local/information/archive/localresults?racedate=2025/11/02&racecourse=HV&RaceNo=7,false
2025-11-02_HV_08,2025-11-02_HV,2025-11-02,HV,8,148,Class 3,Class 3 - 1200M - (80-60),1200,80-60,GOOD TO FIRM,"TURF - ""C"" Course",ZHAOQING HANDICAP,1860000,23.44 | 22.59 10.90 11.69 | 23.24 11.67 11.57,https://racing.hkjc.com/en-us/local/information/archive/localresults?racedate=2025/11/02&racecourse=HV&RaceNo=8,false
2025-11-02_HV_09,2025-11-02_HV,2025-11-02,HV,9,149,Class 2,Class 2 - 1200M - (100-80),1200,100-80,GOOD TO FIRM,"TURF - ""C"" Course",GUANGZHOU HANDICAP,2840000,23.04 | 22.41 10.99 11.42 | 23.45 11.70 11.75,https://racing.hkjc.com/en-us/local/information/archive/localresults?racedate=2025/11/02&racecourse=HV&RaceNo=9,false
2025-11-02_HV_10,2025-11-02_HV,2025-11-02,HV,10,150,Class 3,Class 3 - 1650M - (80-60),1650,80-60,GOOD TO FIRM,"TURF - ""C"" Course",ZHUHAI HANDICAP,2050000,28.38 | 24.03 | 24.81 12.60 12.21 | 23.06 11.44 11.62,https://racing.hkjc.com/en-us/local/information/archive/localresults?racedate=2025/11/02&racecourse=HV&RaceNo=10,false
2025-11-05_HV_01,2025-11-05_HV,2025-11-05,HV,1,151,Class 5,Class 5 - 2200M - (40-0),2200,40-0,GOOD,"TURF - ""C+3"" Course",CHUKYO HANDICAP,875000,14.32 | 23.59 | 24.97 | 24.69 | 23.46 11.51 11.95 | 24.09 11.74 12.35,https://racing.hkjc.com/en-us/local/information/archive/localresults?racedate=2025/11/05&racecourse=HV&RaceNo=1,false
2025-11-05_HV_02,2025-11-05_HV,2025-11-05,HV,2,152,Class 5,Class 5 - 1000M - (40-0),1000,40-0,GOOD,"TURF - ""C+3"" Course",NIIGATA HANDICAP,875000,12.47 | 21.37 10.37 11.00 | 23.32 11.54 11.78,https://racing.hkjc.com/en-us/local/information/archive/localresults?racedate=2025/11/05&racecourse=HV&RaceNo=2,false
2025-11-05_HV_03,2025-11-05_HV,2025-11-05,HV,3,153,Class 4,Class 4 - 1200M - (60-40),1200,60-40,GOOD,"TURF - ""C+3"" Course",KYOTO HANDICAP,1170000,23.47 | 22.46 11.03 11.43 | 23.56 11.51 12.05,https://racing.hkjc.com/en-us/local/information/archive/localresults?racedate=2025/11/05&racecourse=HV&RaceNo=3,false
2025-11-05_HV_04,2025-11-05_HV,2025-11-05,HV,4,154,Class 4,Class 4 - 1650M - (60-40),1650,60-40,GOOD TO FIRM,"TURF - ""C+3"" Course",TOKYO HANDICAP,1170000,27.56 | 23.32 | 23.88 11.85 12.03 | 23.70 11.86 11.84,https://racing.hkjc.com/en-us/local/information/archive/localresults?racedate=2025/11/05&racecourse=HV&RaceNo=4,false
2025-11-05_HV_05,2025-11-05_HV,2025-11-05,HV,5,155,Class 4,Class 4 - 1200M - (60-40),1200,60-40,GOOD TO FIRM,"TURF - ""C+3"" Course",THE JAPAN RACING ASSOCIATION TROPHY (HANDICAP),1170000,23.52 | 23.16 11.38 11.78 | 23.40 11.51 11.89,https://racing.hkjc.com/en-us/local/information/archive/localresults?racedate=2025/11/05&racecourse=HV&RaceNo=5,false
2025-11-05_HV_06,2025-11-05_HV,2025-11-05,HV,6,156,Class 4,Class 4 - 1650M - (60-40),1650,60-40,GOOD TO FIRM,"TURF - ""C+3"" Course",TOKYO HANDICAP,1170000,27.22 | 22.85 | 25.15 12.44 12.71 | 24.06 12.10 11.96,https://racing.hkjc.com/en-us/local/information/archive/localresults?racedate=2025/11/05&racecourse=HV&RaceNo=6,false
2025-11-05_HV_07,2025-11-05_HV,2025-11-05,HV,7,157,Class 4,Class 4 - 1200M - (60-40),1200,60-40,GOOD TO FIRM,"TURF - ""C+3"" Course",KYOTO HANDICAP,1170000,23.79 | 22.42 11.09 11.33 | 23.20 11.38 11.82,https://racing.hkjc.com/en-us/local/information/archive/localresults?racedate=2025/11/05&racecourse=HV&RaceNo=7,false
2025-11-05_HV_08,2025-11-05_HV,2025-11-05,HV,8,158,Class 3,Class 3 - 1200M - (80-60),1200,80-60,GOOD TO FIRM,"TURF - ""C+3"" Course",NAKAYAMA HANDICAP,1860000,23.39 | 22.44 10.87 11.57 | 23.53 11.59 11.94,https://racing.hkjc.com/en-us/local/information/archive/localresults?racedate=2025/11/05&racecourse=HV&RaceNo=8,false
2025-11-05_HV_09,2025-11-05_HV,2025-11-05,HV,9,159,Class 3,Class 3 - 1650M - (80-60),1650,80-60,GOOD TO FIRM,"TURF - ""C+3"" Course",HANSHIN HANDICAP,2050000,28.12 | 23.00 | 23.88 11.99 11.89 | 24.04 11.89 12.15,https://racing.hkjc.com/en-us/local/information/archive/localresults?racedate=2025/11/05&racecourse=HV&RaceNo=9,false
2025-11-09_ST_01,2025-11-09_ST,2025-11-09,ST,1,160,Class 5,Class 5 - 1600M - (40-0),1600,40-0,GOOD,"TURF - ""C+3"" Course",L'OREAL PARIS HANDICAP,875000,24.98 | 22.92 | 24.06 12.16 11.90 | 24.48 12.14 12.34,https://racing.hkjc.com/en-us/local/information/archive/localresults?racedate=2025/11/09&racecourse=ST&RaceNo=1,false
2025-11-09_ST_02,2025-11-09_ST,2025-11-09,ST,2,161,Class 4,Class 4 - 1000M - (60-40),1000,60-40,GOOD,"TURF - ""C+3"" Course",GRACE ONE HANDICAP,1170000,13.00 | 21.41 10.34 11.07 | 23.33 11.21 12.12,https://racing.hkjc.com/en-us/local/information/archive/localresults?racedate=2025/11/09&racecourse=ST&RaceNo=2,false
2025-11-09_ST_03,2025-11-09_ST,2025-11-09,ST,3,162,Class 5,Class 5 - 1400M - (40-0),1400,40-0,GOOD,"TURF - ""C+3"" Course",KATE TOKYO HANDICAP,875000,13.25 | 21.89 | 23.47 11.65 11.82 | 24.23 11.94 12.29,https://racing.hkjc.com/en-us/local/information/archive/localresults?racedate=2025/11/09&racecourse=ST&RaceNo=3,false
2025-11-09_ST_04,2025-11-09_ST,2025-11-09,ST,4,163,Class 4,Class 4 - 1600M - (60-40),1600,60-40,GOOD,"TURF - ""C+3"" Course",LA ESTEPHE HANDICAP,1170000,24.39 | 23.60 | 23.90 11.85 12.05 | 23.62 11.74 11.88,https://racing.hkjc.com/en-us/local/information/archive/localresults?racedate=2025/11/09&racecourse=ST&RaceNo=4,false
2025-11-09_ST_05,2025-11-09_ST,2025-11-09,ST,5,164,Class 3,Class 3 - 1200M - (80-60),1200,80-60,GOOD,"TURF - ""C+3"" Course",CANMAKE TOKYO HANDICAP,1860000,23.72 | 22.30 10.97 11.33 | 24.04 11.66 12.38,https://racing.hkjc.com/en-us/local/information/archive/localresults?racedate=2025/11/09&racecourse=ST&RaceNo=5,false
2025-11-09_ST_06,2025-11-09_ST,2025-11-09,ST,6,165,Class 4,Class 4 - 1200M - (60-40),1200,60-40,GOOD,"TURF - ""C+3"" Course",SUISSE PROGRAMME HANDICAP,1170000,24.00 | 22.58 11.28 11.30 | 23.23 11.25 11.98,https://racing.hkjc.com/en-us/local/information/archive/localresults?racedate=2025/11/09&racecourse=ST&RaceNo=6,false
2025-11-09_ST_07,2025-11-09_ST,2025-11-09,ST,7,166,Group Three,Group Three - 1800M,1800,,GOOD,"TURF - ""C+3"" Course",THE SA SA LADIES' PURSE (HANDICAP),4200000,13.92 | 22.31 | 23.24 | 23.32 11.68 11.64 | 24.56 11.88 12.68,https://racing.hkjc.com/en-us/local/information/archive/localresults?racedate=2025/11/09&racecourse=ST&RaceNo=7,false
2025-11-09_ST_08,2025-11-09_ST,2025-11-09,ST,8,167,Class 4,Class 4 - 1400M - (60-40),1400,60-40,GOOD,"TURF - ""C+3"" Course",ELIZABETH ARDEN HANDICAP,1170000,13.65 | 22.05 | 23.92 11.89 12.03 | 23.45 11.45 12.00,https://racing.hkjc.com/en-us/local/information/archive/localresults?racedate=2025/11/09&racecourse=ST&RaceNo=8,false
2025-11-09_ST_09,2025-11-09_ST,2025-11-09,ST,9,168,Class 3,Class 3 - 1400M - (80-60),1400,80-60,GOOD,"TURF - ""C+3"" Course",NEOGENCE HANDICAP,1860000,13.54 | 22.52 | 23.81 12.19 11.62 | 23.06 11.19 11.87,https://racing.hkjc.com/en-us/local/information/archive/localresults?racedate=2025/11/09&racecourse=ST&RaceNo=9,false
2025-11-09_ST_10,2025-11-09_ST,2025-11-09,ST,10,169,Class 2,Class 2 - 1400M - (105-80),1400,105-80,GOOD,"TURF - ""C+3"" Course",SANTA MONICA HANDICAP,2840000,13.21 | 21.05 | 22.99 11.30 11.69 | 24.54 11.92 12.62,https://racing.hkjc.com/en-us/local/information/archive/localresults?racedate=2025/11/09&racecourse=ST&RaceNo=10,false
2025-11-12_HV_01,2025-11-12_HV,2025-11-12,HV,1,170,Class 5,Class 5 - 1650M - (40-0),1650,40-0,GOOD,"TURF - ""A"" Course",BEDFORD HANDICAP,875000,27.51 | 23.59 | 24.43 12.10 12.33 | 24.18 12.10 12.08,https://racing.hkjc.com/en-us/local/information/archive/localresults?racedate=2025/11/12&racecourse=HV&RaceNo=1,false
2025-11-12_HV_02,2025-11-12_HV,2025-11-12,HV,2,171,Class 5,Class 5 - 1200M - (40-0),1200,40-0,GOOD,"TURF - ""A"" Course",CHEONG WAN HANDICAP,875000,23.47 | 22.45 10.94 11.51 | 23.76 11.60 12.16,https://racing.hkjc.com/en-us/local/information/archive/localresults?racedate=2025/11/12&racecourse=HV&RaceNo=2,false
2025-11-12_HV_03,2025-11-12_HV,2025-11-12,HV,3,172,Class 4,Class 4 - 1650M - (60-40),1650,60-40,GOOD TO FIRM,"TURF - ""A"" Course",CHEUNG SHUN HANDICAP,1170000,27.22 | 23.43 | 24.27 12.16 12.11 | 24.29 12.10 12.19,https://racing.hkjc.com/en-us/local/information/archive/localresults?racedate=2025/11/12&racecourse=HV&RaceNo=3,false
2025-11-12_HV_04,2025-11-12_HV,2025-11-12,HV,4,173,Class 4,Class 4 - 1650M - (60-40),1650,60-40,GOOD TO FIRM,"TURF - ""A"" Course",THE CHINESE GENERAL CHAMBER OF COMMERCE 125TH ANNIVERSARY CUP (HANDICAP),1170000,27.42 | 23.72 | 24.89 12.37 12.52 | 24.34 12.35 11.99,https://racing.hkjc.com/en-us/local/information/archive/localresults?racedate=2025/11/12&racecourse=HV&RaceNo=4,false
2025-11-12_HV_05,2025-11-12_HV,2025-11-12,HV,5,174,Class 4,Class 4 - 1200M - (60-40),1200,60-40,GOOD TO FIRM,"TURF - ""A"" Course",FAT TSEUNG HANDICAP,1170000,23.50 | 23.18 11.24 11.94 | 23.26 11.68 11.58,https://racing.hkjc.com/en-us/local/information/archive/localresults?racedate=2025/11/12&racecourse=HV&RaceNo=5,false
2025-11-12_HV_06,2025-11-12_HV,2025-11-12,HV,6,175,Class 4,Class 4 - 1200M - (60-40),1200,60-40,GOOD TO FIRM,"TURF - ""A"" Course",FAT TSEUNG HANDICAP,1170000,23.62 | 22.27 10.85 11.42 | 23.66 11.89 11.77,https://racing.hkjc.com/en-us/local/information/archive/localresults?racedate=2025/11/12&racecourse=HV&RaceNo=6,false
2025-11-12_HV_07,2025-11-12_HV,2025-11-12,HV,7,176,Class 3,Class 3 - 1200M - (80-60),1200,80-60,GOOD TO FIRM,"TURF - ""A"" Course",FIFE HANDICAP,1860000,23.52 | 22.34 10.80 11.54 | 23.17 11.39 11.78,https://racing.hkjc.com/en-us/local/information/archive/localresults?racedate=2025/11/12&racecourse=HV&RaceNo=7,false
2025-11-12_HV_08,2025-11-12_HV,2025-11-12,HV,8,177,Class 3,Class 3 - 1800M - (80-60),1800,80-60,GOOD TO FIRM,"TURF - ""A"" Course",HING YIP HANDICAP,2050000,13.59 | 23.16 | 24.55 | 24.41 12.36 12.05 | 23.90 11.82 12.08,https://racing.hkjc.com/en-us/local/information/archive/localresults?racedate=2025/11/12&racecourse=HV&RaceNo=8,false
2025-11-12_HV_09,2025-11-12_HV,2025-11-12,HV,9,178,Class 2,Class 2 - 1650M - (100-80),1650,100-80,GOOD TO FIRM,"TURF - ""A"" Course",SHING YIP HANDICAP,3120000,27.61 | 23.09 | 23.78 11.84 11.94 | 24.08 11.97 12.11,https://racing.hkjc.com/en-us/local/information/archive/localresults?racedate=2025/11/12&racecourse=HV&RaceNo=9,false
2025-11-15_ST_01,2025-11-15_ST,2025-11-15,ST,1,179,Class 4 (Restricted),Class 4 (Restricted) - 1200M - (60-40),1200,60-40,GOOD,"TURF - ""A+3"" Course",LUKFOOK JEWELLERY HEXICON HANDICAP,1170000,23.45 | 22.50 10.92 11.58 | 23.39 11.42 11.97,https://racing.hkjc.com/en-us/local/information/archive/localresults?racedate=2025/11/15&racecourse=ST&RaceNo=1,false
2025-11-15_ST_02,2025-11-15_ST,2025-11-15,ST,2,180,Class 5,Class 5 - 1800M - (40-0),1800,40-0,GOOD,"TURF - ""A+3"" Course",LUKFOOK JEWELLERY WEDDING COLLECTION HANDICAP,875000,13.88 | 22.22 | 23.60 | 23.66 11.98 11.68 | 24.84 12.03 12.81,https://racing.hkjc.com/en-us/local/information/archive/localresults?racedate=2025/11/15&racecourse=ST&RaceNo=2,false
2025-11-15_ST_03,2025-11-15_ST,2025-11-15,ST,3,181,Class 4,Class 4 - 2000M - (60-40),2000,60-40,GOOD,"TURF - ""A+3"" Course",LUKFOOK JEWELLERY LOVE IS BEAUTY COLLECTION HANDICAP,1170000,25.74 | 24.61 | 24.00 | 23.79 11.88 11.91 | 24.34 11.86 12.48,https://racing.hkjc.com/en-us/local/information/archive/localresults?racedate=2025/11/15&racecourse=ST&RaceNo=3,false
2025-11-15_ST_04,2025-11-15_ST,2025-11-15,ST,4,182,Class 3,Class 3 - 1000M - (80-60),1000,80-60,GOOD,"TURF - ""A+3"" Course",LUKFOOK JEWELLERY DIABLING SHIMMERING GOLD COLLECTION HANDICAP,1860000,12.98 | 20.79 10.07 10.72 | 22.98 11.26 11.72,https://racing.hkjc.com/en-us/local/information/archive/localresults?racedate=2025/11/15&racecourse=ST&RaceNo=4,false
2025-11-15_ST_05,2025-11-15_ST,2025-11-15,ST,5,183,Class 4,Class 4 - 1400M - (60-40),1400,60-40,GOOD,"TURF - ""A+3"" Course",LUKFOOK JEWELLERY MISS HONG KONG LOVE YOURSELF COLLECTION HANDICAP,1170000,13.42 | 21.56 | 23.74 11.82 11.92 | 23.53 11.60 11.93,https://racing.hkjc.com/en-us/local/information/archive/localresults?racedate=2025/11/15&racecourse=ST&RaceNo=5,false
2025-11-15_ST_06,2025-11-15_ST,2025-11-15,ST,6,184,Class 4,Class 4 - 1650M - (60-40),1650,60-40,GOOD,ALL WEATHER TRACK,LUKFOOK JEWELLERY HEIRLOOM FORTUNE COLLECTION HANDICAP,1170000,27.85 | 22.77 | 23.75 11.67 12.08 | 24.57 12.13 12.44,https://racing.hkjc.com/en-us/local/information/archive/localresults?racedate=2025/11/15&racecourse=ST&RaceNo=6,false
2025-11-15_ST_07,2025-11-15_ST,2025-11-15,ST,7,185,Class 2,Class 2 - 1200M - (100-80),1200,100-80,GOOD,"TURF - ""A+3"" Course",THE LUKFOOK JEWELLERY CUP (HANDICAP),2840000,23.60 | 22.57 11.05 11.52 | 22.71 11.02 11.69,https://racing.hkjc.com/en-us/local/information/archive/localresults?racedate=2025/11/15&racecourse=ST&RaceNo=7,false
2025-11-15_ST_08,2025-11-15_ST,2025-11-15,ST,8,186,Class 4,Class 4 - 1200M - (60-40),1200,60-40,,"TURF - ""A+3"" Course",LUKFOOK JEWELLERY CCOOL COLLECTION HANDICAP,1170000,,https://racing.hkjc.com/en-us/local/information/archive/localresults?racedate=2025/11/15&racecourse=ST&RaceNo=8,false
2025-11-15_ST_09,2025-11-15_ST,2025-11-15,ST,9,187,Class 3,Class 3 - 1650M - (80-60),1650,80-60,GOOD,ALL WEATHER TRACK,LUKFOOK JOAILLERIE HANDICAP,2050000,28.11 | 23.35 | 23.92 11.87 12.05 | 23.21 11.52 11.69,https://racing.hkjc.com/en-us/local/information/archive/localresults?racedate=2025/11/15&racecourse=ST&RaceNo=9,false
2025-11-15_ST_10,2025-11-15_ST,2025-11-15,ST,10,188,Class 3,Class 3 - 1600M - (80-60),1600,80-60,GOOD,"TURF - ""A+3"" Course",LUKFOOK JEWELLERY NIGHT BANQUET IN TANG PALACE COLLECTION HANDICAP,2050000,24.82 | 23.02 | 23.68 11.77 11.91 | 23.26 11.41 11.85,https://racing.hkjc.com/en-us/local/information/archive/localresults?racedate=2025/11/15&racecourse=ST&RaceNo=10,false
2025-11-19_HV_01,2025-11-19_HV,2025-11-19,HV,1,189,Class 4,Class 4 - 1200M - (60-40),1200,60-40,GOOD,"TURF - ""B"" Course",SO KON PO HANDICAP,1170000,23.30 | 22.86 11.17 11.69 | 23.52 11.52 12.00,https://racing.hkjc.com/en-us/local/information/archive/localresults?racedate=2025/11/19&racecourse=HV&RaceNo=1,false
2025-11-19_HV_02,2025-11-19_HV,2025-11-19,HV,2,190,Class 5,Class 5 - 1650M - (40-0),1650,40-0,GOOD,"TURF - ""B"" Course",TAI HANG HANDICAP,875000,27.55 | 23.11 | 25.07 12.37 12.70 | 24.95 12.50 12.45,https://racing.hkjc.com/en-us/local/information/archive/localresults?racedate=2025/11/19&racecourse=HV&RaceNo=2,false
2025-11-19_HV_03,2025-11-19_HV,2025-11-19,HV,3,191,Class 5,Class 5 - 1200M - (40-0),1200,40-0,GOOD,"TURF - ""B"" Course",HING FAT HANDICAP,875000,23.63 | 22.67 11.08 11.59 | 24.00 11.89 12.11,https://racing.hkjc.com/en-us/local/information/archive/localresults?racedate=2025/11/19&racecourse=HV&RaceNo=3,false
2025-11-19_HV_04,2025-11-19_HV,2025-11-19,HV,4,192,Class 4,Class 4 - 1650M - (60-40),1650,60-40,GOOD,"TURF - ""B"" Course",CAROLINE HILL HANDICAP,1170000,28.30 | 23.77 | 23.83 11.93 11.90 | 24.54 12.12 12.42,https://racing.hkjc.com/en-us/local/information/archive/localresults?racedate=2025/11/19&racecourse=HV&RaceNo=4,false
2025-11-19_HV_05,2025-11-19_HV,2025-11-19,HV,5,193,Class 4,Class 4 - 1000M - (60-40),1000,60-40,GOOD,"TURF - ""B"" Course",THE INDIAN RECREATION CLUB CHALLENGE CUP (HANDICAP),1170000,12.65 | 21.24 10.20 11.04 | 23.39 11.42 11.97,https://racing.hkjc.com/en-us/local/information/archive/localresults?racedate=2025/11/19&racecourse=HV&RaceNo=5,false
2025-11-19_HV_06,2025-11-19_HV,2025-11-19,HV,6,194,Class 4,Class 4 - 1200M - (60-40),1200,60-40,GOOD,"TURF - ""B"" Course",SO KON PO HANDICAP,1170000,23.34 | 22.66 10.97 11.69 | 24.09 11.77 12.32,https://racing.hkjc.com/en-us/local/information/archive/localresults?racedate=2025/11/19&racecourse=HV&RaceNo=6,false
2025-11-19_HV_07,2025-11-19_HV,2025-11-19,HV,7,195,Class 4,Class 4 - 1650M - (60-40),1650,60-40,GOOD,"TURF - ""B"" Course",CAROLINE HILL HANDICAP,1170000,27.97 | 23.62 | 24.30 12.11 12.19 | 24.01 12.21 11.80,https://racing.hkjc.com/en-us/local/information/archive/localresults?racedate=2025/11/19&racecourse=HV&RaceNo=7,false
2025-11-19_HV_08,2025-11-19_HV,2025-11-19,HV,8,196,Class 3,Class 3 - 1200M - (80-60),1200,80-60,GOOD,"TURF - ""B"" Course",COTTON HANDICAP,1860000,23.43 | 22.16 10.82 11.34 | 23.78 11.84 11.94,https://racing.hkjc.com/en-us/local/information/archive/localresults?racedate=2025/11/19&racecourse=HV&RaceNo=8,false
2025-11-19_HV_09,2025-11-19_HV,2025-11-19,HV,9,197,Class 3,Class 3 - 1650M - (80-60),1650,80-60,GOOD,"TURF - ""B"" Course",CAUSEWAY BAY HANDICAP,2050000,27.67 | 23.64 | 23.78 11.94 11.84 | 24.34 12.16 12.18,https://racing.hkjc.com/en-us/local/information/archive/localresults?racedate=2025/11/19&racecourse=HV&RaceNo=9,false
2025-11-23_ST_01,2025-11-23_ST,2025-11-23,ST,1,198,Class 4,Class 4 - 1200M - (60-40),1200,60-40,GOOD,"TURF - ""B+2"" Course",BOCHK CROSS-BORDER SERVICES HANDICAP,1170000,23.58 | 22.42 11.09 11.33 | 23.15 11.34 11.81,https://racing.hkjc.com/en-us/local/information/archive/localresults?racedate=2025/11/23&racecourse=ST&RaceNo=1,false
2025-11-23_ST_02,2025-11-23_ST,2025-11-23,ST,2,199,Class 4,Class 4 - 1400M - (60-40),1400,60-40,GOOD,"TURF - ""B+2"" Course",BOCHK SME IN ONE HANDICAP,1170000,13.49 | 21.07 | 23.16 11.49 11.67 | 23.75 11.71 12.04,https://racing.hkjc.com/en-us/local/information/archive/localresults?racedate=2025/11/23&racecourse=ST&RaceNo=2,false
2025-11-23_ST_03,2025-11-23_ST,2025-11-23,ST,3,200,Class 4,Class 4 - 1400M - (60-40),1400,60-40,GOOD,"TURF - ""B+2"" Course",BOC LIFE HANDICAP,1170000,13.47 | 21.48 | 23.13 11.60 11.53 | 23.58 11.55 12.03,https://racing.hkjc.com/en-us/local/information/archive/localresults?racedate=2025/11/23&racecourse=ST&RaceNo=3,false
2025-11-23_ST_04,2025-11-23_ST,2025-11-23,ST,4,201,Class 3,Class 3 - 2000M - (85-60),2000,85-60,GOOD,"TURF - ""B+2"" Course","BOCHK ""BANKING TRENDYTOO"" HANDICAP",2050000,26.33 | 24.71 | 23.99 | 22.76 11.16 11.60 | 23.92 11.77 12.15,https://racing.hkjc.com/en-us/local/information/archive/localresults?racedate=2025/11/23&racecourse=ST&RaceNo=4,false
2025-11-23_ST_05,2025-11-23_ST,2025-11-23,ST,5,202,Class 3,Class 3 - 1400M - (80-60),1400,80-60,GOOD,"TURF - ""B+2"" Course",BOCHK WEALTH MANAGEMENT HANDICAP,1860000,13.42 | 21.59 | 22.86 11.45 11.41 | 23.43 11.47 11.96,https://racing.hkjc.com/en-us/local/information/archive/localresults?racedate=2025/11/23&racecourse=ST&RaceNo=5,false
2025-11-23_ST_06,2025-11-23_ST,2025-11-23,ST,6,203,Group Two,Group Two - 1200M,1200,,GOOD TO FIRM,"TURF - ""B+2"" Course",THE BOCHK PRIVATE BANKING JOCKEY CLUB SPRINT,5350000,23.18 | 22.13 11.12 11.01 | 22.02 10.56 11.46,https://racing.hkjc.com/en-us/local/information/archive/localresults?racedate=2025/11/23&racecourse=ST&RaceNo=6,false
2025-11-23_ST_07,2025-11-23_ST,2025-11-23,ST,7,204,Group Two,Group Two - 1600M,1600,,GOOD TO FIRM,"TURF - ""B+2"" Course",THE BOCHK PRIVATE WEALTH JOCKEY CLUB MILE,5350000,23.93 | 22.02 | 23.30 11.66 11.64 | 23.63 11.61 12.02,https://racing.hkjc.com/en-us/local/information/archive/localresults?racedate=2025/11/23&racecourse=ST&RaceNo=7,false
2025-11-23_ST_08,2025-11-23_ST,2025-11-23,ST,8,205,Group Two,Group Two - 2000M,2000,,GOOD TO FIRM,"TURF - ""B+2"" Course",THE BOCHK JOCKEY CLUB CUP,5350000,27.73 | 25.43 | 25.34 | 23.41 12.44 10.97 | 21.81 10.61 11.20,https://racing.hkjc.com/en-us/local/information/archive/localresults?racedate=2025/11/23&racecourse=ST&RaceNo=8,false
2025-11-23_ST_09,2025-11-23_ST,2025-11-23,ST,9,206,Class 3,Class 3 - 1200M - (80-60),1200,80-60,GOOD TO FIRM,"TURF - ""B+2"" Course",BOC CREDIT CARD HANDICAP,1860000,23.75 | 22.79 11.35 11.44 | 22.46 10.96 11.50,https://racing.hkjc.com/en-us/local/information/archive/localresults?racedate=2025/11/23&racecourse=ST&RaceNo=9,false
2025-11-23_ST_10,2025-11-23_ST,2025-11-23,ST,10,207,Class 3,Class 3 - 1400M - (80-60),1400,80-60,GOOD TO FIRM,"TURF - ""B+2"" Course",BOCHK BOC PAY+ HANDICAP,1860000,13.37 | 22.44 | 22.98 11.58 11.40 | 23.19 11.28 11.91,https://racing.hkjc.com/en-us/local/information/archive/localresults?racedate=2025/11/23&racecourse=ST&RaceNo=10,false
2025-11-26_HV_01,2025-11-26_HV,2025-11-26,HV,1,208,Class 5,Class 5 - 1200M - (40-0),1200,40-0,GOOD TO FIRM,"TURF - ""C"" Course",FORTH ROAD BRIDGE HANDICAP,875000,23.62 | 22.90 11.02 11.88 | 23.65 11.83 11.82,https://racing.hkjc.com/en-us/local/information/archive/localresults?racedate=2025/11/26&racecourse=HV&RaceNo=1,false
2025-11-26_HV_02,2025-11-26_HV,2025-11-26,HV,2,209,Class 5,Class 5 - 1650M - (40-0),1650,40-0,GOOD TO FIRM,"TURF - ""C"" Course",QUEENSFERRY BRIDGE HANDICAP,875000,28.03 | 24.03 | 24.10 12.07 12.03 | 23.99 11.91 12.08,https://racing.hkjc.com/en-us/local/information/archive/localresults?racedate=2025/11/26&racecourse=HV&RaceNo=2,false
2025-11-26_HV_03,2025-11-26_HV,2025-11-26,HV,3,210,Class 4,Class 4 - 1200M - (60-40),1200,60-40,GOOD TO FIRM,"TURF - ""C"" Course",GLENFINNAN VIADUCT HANDICAP,1170000,23.83 | 22.95 11.18 11.77 | 23.11 11.41 11.70,https://racing.hkjc.com/en-us/local/information/archive/localresults?racedate=2025/11/26&racecourse=HV&RaceNo=3,false
2025-11-26_HV_04,2025-11-26_HV,2025-11-26,HV,4,211,Class 4,Class 4 - 1200M - (60-40),1200,60-40,GOOD TO FIRM,"TURF - ""C"" Course",BRIG O' DOON HANDICAP,1170000,23.54 | 22.82 11.07 11.75 | 23.86 11.94 11.92,https://racing.hkjc.com/en-us/local/information/archive/localresults?racedate=2025/11/26&racecourse=HV&RaceNo=4,false
2025-11-26_HV_05,2025-11-26_HV,2025-11-26,HV,5,212,Class 4,Class 4 - 1800M - (60-40),1800,60-40,GOOD TO FIRM,"TURF - ""C"" Course",THE ST ANDREW'S CHALLENGE QUAICH (HANDICAP),1170000,13.86 | 22.86 | 24.87 | 24.93 12.55 12.38 | 23.57 11.80 11.77,https://racing.hkjc.com/en-us/local/information/archive/localresults?racedate=2025/11/26&racecourse=HV&RaceNo=5,false
2025-11-26_HV_06,2025-11-26_HV,2025-11-26,HV,6,213,Class 4,Class 4 - 1200M - (60-40),1200,60-40,GOOD TO FIRM,"TURF - ""C"" Course",CLYDE ARC HANDICAP,1170000,24.02 | 23.36 11.47 11.89 | 22.78 11.41 11.37,https://racing.hkjc.com/en-us/local/information/archive/localresults?racedate=2025/11/26&racecourse=HV&RaceNo=6,false
2025-11-26_HV_07,2025-11-26_HV,2025-11-26,HV,7,214,Class 4,Class 4 - 1650M - (60-40),1650,60-40,GOOD TO FIRM,"TURF - ""C"" Course",KYLESKU BRIDGE HANDICAP,1170000,28.64 | 24.28 | 24.42 12.15 12.27 | 23.11 11.60 11.51,https://racing.hkjc.com/en-us/local/information/archive/localresults?racedate=2025/11/26&racecourse=HV&RaceNo=7,false
2025-11-26_HV_08,2025-11-26_HV,2025-11-26,HV,8,215,Class 3,Class 3 - 1650M - (80-60),1650,80-60,GOOD TO FIRM,"TURF - ""C"" Course",GLEN OGLE VIADUCT HANDICAP,2050000,27.90 | 24.51 | 24.32 12.07 12.25 | 23.56 12.09 11.47,https://racing.hkjc.com/en-us/local/information/archive/localresults?racedate=2025/11/26&racecourse=HV&RaceNo=8,false
2025-11-26_HV_09,2025-11-26_HV,2025-11-26,HV,9,216,Class 3,Class 3 - 1200M - (80-60),1200,80-60,GOOD TO FIRM,"TURF - ""C"" Course",CULLODEN BRIDGE HANDICAP,1860000,23.58 | 22.84 11.12 11.72 | 23.64 11.51 12.13,https://racing.hkjc.com/en-us/local/information/archive/localresults?racedate=2025/11/26&racecourse=HV&RaceNo=9,false
2025-11-30_ST_01,2025-11-30_ST,2025-11-30,ST,1,217,Class 4,Class 4 - 1000M - (60-40),1000,60-40,GOOD,"TURF - ""C"" Course",CLASS 4 1000M TURF HANDICAP,1170000,13.20 | 21.12 10.27 10.85 | 22.96 11.10 11.86,https://racing.hkjc.com/en-us/local/information/archive/localresults?racedate=2025/11/30&racecourse=ST&RaceNo=1,false
2025-11-30_ST_02,2025-11-30_ST,2025-11-30,ST,2,218,Class 5,Class 5 - 1400M - (40-0),1400,40-0,GOOD,"TURF - ""C"" Course",CLASS 5 1400M TURF HANDICAP,875000,13.50 | 21.29 | 23.69 11.86 11.83 | 23.82 11.79 12.03,https://racing.hkjc.com/en-us/local/information/archive/localresults?racedate=2025/11/30&racecourse=ST&RaceNo=2,false
2025-11-30_ST_03,2025-11-30_ST,2025-11-30,ST,3,219,Class 4,Class 4 - 1200M - (60-40),1200,60-40,GOOD,ALL WEATHER TRACK,CLASS 4 1200M AWT HANDICAP,1170000,23.41 | 22.24 10.89 11.35 | 23.06 11.33 11.73,https://racing.hkjc.com/en-us/local/information/archive/localresults?racedate=2025/11/30&racecourse=ST&RaceNo=3,false
2025-11-30_ST_04,2025-11-30_ST,2025-11-30,ST,4,220,Class 4,Class 4 - 1200M - (60-40),1200,60-40,GOOD,"TURF - ""C"" Course",CLASS 4 1200M TURF HANDICAP,1170000,23.28 | 22.35 10.91 11.44 | 23.22 11.37 11.85,https://racing.hkjc.com/en-us/local/information/archive/localresults?racedate=2025/11/30&racecourse=ST&RaceNo=4,false
2025-11-30_ST_05,2025-11-30_ST,2025-11-30,ST,5,221,Class 4,Class 4 - 1600M - (60-40),1600,60-40,GOOD,"TURF - ""C"" Course",CLASS 4 1600M TURF HANDICAP,1170000,24.84 | 23.50 | 23.71 12.00 11.71 | 23.03 11.26 11.77,https://racing.hkjc.com/en-us/local/information/archive/localresults?racedate=2025/11/30&racecourse=ST&RaceNo=5,false
2025-11-30_ST_06,2025-11-30_ST,2025-11-30,ST,6,222,Class 3,Class 3 - 1200M - (80-60),1200,80-60,GOOD,ALL WEATHER TRACK,CLASS 3 1200M AWT HANDICAP,1860000,23.10 | 21.94 10.56 11.38 | 23.11 11.28 11.83,https://racing.hkjc.com/en-us/local/information/archive/localresults?racedate=2025/11/30&racecourse=ST&RaceNo=6,false
2025-11-30_ST_07,2025-11-30_ST,2025-11-30,ST,7,223,Class 2,Class 2 - 1600M - (105-80),1600,105-80,GOOD,"TURF - ""C"" Course",CLASS 2 1600M TURF HANDICAP,3120000,24.44 | 22.42 | 23.80 12.03 11.77 | 23.36 11.41 11.95,https://racing.hkjc.com/en-us/local/information/archive/localresults?racedate=2025/11/30&racecourse=ST&RaceNo=7,false
2025-11-30_ST_08,2025-11-30_ST,2025-11-30,ST,8,224,Class 2,Class 2 - 1000M - (105-80),1000,105-80,GOOD,"TURF - ""C"" Course",CLASS 2 1000M TURF HANDICAP,2840000,12.99 | 20.74 10.13 10.61 | 22.62 11.00 11.62,https://racing.hkjc.com/en-us/local/information/archive/localresults?racedate=2025/11/30&racecourse=ST&RaceNo=8,false
2025-11-30_ST_09,2025-11-30_ST,2025-11-30,ST,9,225,Class 3,Class 3 - 1200M - (80-60),1200,80-60,GOOD,"TURF - ""C"" Course",CLASS 3 1200M TURF HANDICAP,1860000,23.65 | 22.26 10.90 11.36 | 23.18 11.18 12.00,https://racing.hkjc.com/en-us/local/information/archive/localresults?racedate=2025/11/30&racecourse=ST&RaceNo=9,false
2025-11-30_ST_10,2025-11-30_ST,2025-11-30,ST,10,226,Class 3,Class 3 - 1600M - (80-60),1600,80-60,GOOD,"TURF - ""C"" Course",CLASS 3 1600M TURF HANDICAP,2050000,24.82 | 23.62 | 23.53 11.81 11.72 | 22.99 11.19 11.80,https://racing.hkjc.com/en-us/local/information/archive/localresults?racedate=2025/11/30&racecourse=ST&RaceNo=10,false
2025-12-03_HV_01,2025-12-03_HV,2025-12-03,HV,1,227,Class 5,Class 5 - 1000M - (40-0),1000,40-0,GOOD,"TURF - ""C+3"" Course",LAU SHUI HEUNG HANDICAP,875000,12.69 | 21.34 10.32 11.02 | 22.95 11.50 11.45,https://racing.hkjc.com/en-us/local/information/archive/localresults?racedate=2025/12/03&racecourse=HV&RaceNo=1,false
2025-12-03_HV_02,2025-12-03_HV,2025-12-03,HV,2,228,Class 4,Class 4 - 2200M - (60-40),2200,60-40,GOOD,"TURF - ""C+3"" Course",SHEK LEI PUI HANDICAP,1170000,14.20 | 23.36 | 24.32 | 24.41 | 24.83 12.47 12.36 | 24.59 12.59 12.00,https://racing.hkjc.com/en-us/local/information/archive/localresults?racedate=2025/12/03&racecourse=HV&RaceNo=2,false
2025-12-03_HV_03,2025-12-03_HV,2025-12-03,HV,3,229,Class 5,Class 5 - 1800M - (40-0),1800,40-0,GOOD,"TURF - ""C+3"" Course",TAI LAM CHUNG HANDICAP,875000,13.82 | 22.89 | 24.72 | 24.73 12.49 12.24 | 23.57 11.67 11.90,https://racing.hkjc.com/en-us/local/information/archive/localresults?racedate=2025/12/03&racecourse=HV&RaceNo=3,false
2025-12-03_HV_04,2025-12-03_HV,2025-12-03,HV,4,230,Class 4,Class 4 - 1200M - (60-40),1200,60-40,GOOD,"TURF - ""C+3"" Course",THE AMERICAN CLUB CHALLENGE CUP (HANDICAP),1170000,23.71 | 22.56 10.79 11.77 | 23.48 11.78 11.70,https://racing.hkjc.com/en-us/local/information/archive/localresults?racedate=2025/12/03&racecourse=HV&RaceNo=4,false
2025-12-03_HV_05,2025-12-03_HV,2025-12-03,HV,5,231,Class 4,Class 4 - 1200M - (60-40),1200,60-40,GOOD,"TURF - ""C+3"" Course",TAI TAM HANDICAP,1170000,23.66 | 22.80 11.11 11.69 | 23.30 11.74 11.56,https://racing.hkjc.com/en-us/local/information/archive/localresults?racedate=2025/12/03&racecourse=HV&RaceNo=5,false
2025-12-03_HV_06,2025-12-03_HV,2025-12-03,HV,6,232,Class 4,Class 4 - 1200M - (60-40),1200,60-40,GOOD,"TURF - ""C+3"" Course",TAI TAM HANDICAP,1170000,23.80 | 22.76 11.21 11.55 | 23.24 11.57 11.67,https://racing.hkjc.com/en-us/local/information/archive/localresults?racedate=2025/12/03&racecourse=HV&RaceNo=6,false
2025-12-03_HV_07,2025-12-03_HV,2025-12-03,HV,7,233,Class 3,Class 3 - 1000M - (80-60),1000,80-60,GOOD,"TURF - ""C+3"" Course",PLOVER COVE HANDICAP,1860000,12.64 | 21.02 10.16 10.86 | 23.04 11.32 11.72,https://racing.hkjc.com/en-us/local/information/archive/localresults?racedate=2025/12/03&racecourse=HV&RaceNo=7,false
2025-12-03_HV_08,2025-12-03_HV,2025-12-03,HV,8,234,Class 3,Class 3 - 1800M - (80-60),1800,80-60,GOOD,"TURF - ""C+3"" Course",HIGH ISLAND HANDICAP,2050000,13.74 | 23.63 | 24.24 | 23.79 12.08 11.71 | 23.55 11.58 11.97,https://racing.hkjc.com/en-us/local/information/archive/localresults?racedate=2025/12/03&racecourse=HV&RaceNo=8,false
2025-12-07_ST_01,2025-12-07_ST,2025-12-07,ST,1,235,Class 5,Class 5 - 1650M - (40-0),1650,40-0,GOOD,ALL WEATHER TRACK,ASHLEY HANDICAP,875000,28.30 | 23.54 | 23.45 11.54 11.91 | 24.23 11.67 12.56,https://racing.hkjc.com/en-us/local/information/archive/localresults?racedate=2025/12/07&racecourse=ST&RaceNo=1,false
2025-12-07_ST_02,2025-12-07_ST,2025-12-07,ST,2,236,Class 5,Class 5 - 1200M - (40-0),1200,40-0,GOOD,ALL WEATHER TRACK,CAMERON HANDICAP,875000,23.27 | 22.28 10.88 11.40 | 23.73 11.58 12.15,https://racing.hkjc.com/en-us/local/information/archive/localresults?racedate=2025/12/07&racecourse=ST&RaceNo=2,false
2025-12-07_ST_03,2025-12-07_ST,2025-12-07,ST,3,237,Class 4,Class 4 - 1200M - (60-40),1200,60-40,GOOD,"TURF - ""C+3"" Course",CARNARVON HANDICAP,1170000,23.79 | 22.40 11.00 11.40 | 23.71 11.68 12.03,https://racing.hkjc.com/en-us/local/information/archive/localresults?racedate=2025/12/07&racecourse=ST&RaceNo=3,false
2025-12-07_ST_04,2025-12-07_ST,2025-12-07,ST,4,238,Class 4,Class 4 - 1400M - (60-40),1400,60-40,GOOD,"TURF - ""C+3"" Course",KIMBERLEY HANDICAP,1170000,13.48 | 21.27 | 24.14 11.75 12.39 | 23.96 11.97 11.99,https://racing.hkjc.com/en-us/local/information/archive/localresults?racedate=2025/12/07&racecourse=ST&RaceNo=4,false
2025-12-07_ST_05,2025-12-07_ST,2025-12-07,ST,5,239,Class 4,Class 4 - 1400M - (60-40),1400,60-40,GOOD,"TURF - ""C+3"" Course",KIMBERLEY HANDICAP,1170000,13.50 | 21.56 | 23.68 11.58 12.10 | 23.47 11.51 11.96,https://racing.hkjc.com/en-us/local/information/archive/localresults?racedate=2025/12/07&racecourse=ST&RaceNo=5,false
2025-12-07_ST_06,2025-12-07_ST,2025-12-07,ST,6,240,Class 3,Class 3 - 1000M - (85-60),1000,85-60,GOOD,"TURF - ""C+3"" Course",MIDDLE HANDICAP,1860000,13.14 | 21.23 10.41 10.82 | 22.59 10.83 11.76,https://racing.hkjc.com/en-us/local/information/archive/localresults?racedate=2025/12/07&racecourse=ST&RaceNo=6,false
2025-12-07_ST_07,2025-12-07_ST,2025-12-07,ST,7,241,Class 4,Class 4 - 1200M - (60-40),1200,60-40,GOOD,ALL WEATHER TRACK,AUSTIN HANDICAP,1170000,23.13 | 22.01 10.60 11.41 | 23.70 11.43 12.27,https://racing.hkjc.com/en-us/local/information/archive/localresults?racedate=2025/12/07&racecourse=ST&RaceNo=7,false
2025-12-07_ST_08,2025-12-07_ST,2025-12-07,ST,8,242,Class 2,Class 2 - 1200M - (100-80),1200,100-80,GOOD,ALL WEATHER TRACK,CHATHAM HANDICAP,2840000,23.00 | 22.00 10.72 11.28 | 23.06 11.12 11.94,https://racing.hkjc.com/en-us/local/information/archive/localresults?racedate=2025/12/07&racecourse=ST&RaceNo=8,false
2025-12-07_ST_09,2025-12-07_ST,2025-12-07,ST,9,243,Class 3,Class 3 - 1650M - (80-60),1650,80-60,GOOD,ALL WEATHER TRACK,MODY HANDICAP,2050000,27.67 | 22.96 | 23.63 11.66 11.97 | 23.95 11.78 12.17,https://racing.hkjc.com/en-us/local/information/archive/localresults?racedate=2025/12/07&racecourse=ST&RaceNo=9,false
2025-12-07_ST_10,2025-12-07_ST,2025-12-07,ST,10,244,Class 3,Class 3 - 1400M - (80-60),1400,80-60,GOOD,"TURF - ""C+3"" Course",SALISBURY HANDICAP,1860000,13.52 | 21.77 | 23.21 11.55 11.66 | 23.45 11.37 12.08,https://racing.hkjc.com/en-us/local/information/archive/localresults?racedate=2025/12/07&racecourse=ST&RaceNo=10,false
2025-12-10_HV_01,2025-12-10_HV,2025-12-10,HV,1,245,Class 5,Class 5 - 1650M - (40-0),1650,40-0,GOOD,"TURF - ""A"" Course",VENTRIS HANDICAP,875000,27.63 | 24.07 | 24.63 12.36 12.27 | 24.40 12.18 12.22,https://racing.hkjc.com/en-us/local/information/archive/localresults?racedate=2025/12/10&racecourse=HV&RaceNo=1,false
2025-12-10_HV_02,2025-12-10_HV,2025-12-10,HV,2,246,Class 5,Class 5 - 1200M - (40-0),1200,40-0,GOOD,"TURF - ""A"" Course",MORRISON HILL HANDICAP,875000,24.04 | 23.22 11.26 11.96 | 23.25 11.56 11.69,https://racing.hkjc.com/en-us/local/information/archive/localresults?racedate=2025/12/10&racecourse=HV&RaceNo=2,false
2025-12-10_HV_03,2025-12-10_HV,2025-12-10,HV,3,247,Class 4,Class 4 - 1650M - (60-40),1650,60-40,GOOD,"TURF - ""A"" Course",CANAL HANDICAP,1170000,27.36 | 23.80 | 24.43 12.21 12.22 | 24.55 12.41 12.14,https://racing.hkjc.com/en-us/local/information/archive/localresults?racedate=2025/12/10&racecourse=HV&RaceNo=3,false
2025-12-10_HV_04,2025-12-10_HV,2025-12-10,HV,4,248,Class 4,Class 4 - 1000M - (60-40),1000,60-40,GOOD,"TURF - ""A"" Course",LONGINES INTERNATIONAL JOCKEYS' CHAMPIONSHIP (HANDICAP) - 1ST LEG,1404000,12.47 | 21.20 10.18 11.02 | 23.58 11.79 11.79,https://racing.hkjc.com/en-us/local/information/archive/localresults?racedate=2025/12/10&racecourse=HV&RaceNo=4,false
2025-12-10_HV_05,2025-12-10_HV,2025-12-10,HV,5,249,Class 4,Class 4 - 1650M - (60-40),1650,60-40,GOOD,"TURF - ""A"" Course",LONGINES INTERNATIONAL JOCKEYS' CHAMPIONSHIP (HANDICAP) - 2ND LEG,1404000,28.26 | 23.55 | 24.05 11.99 12.06 | 24.24 12.04 12.20,https://racing.hkjc.com/en-us/local/information/archive/localresults?racedate=2025/12/10&racecourse=HV&RaceNo=5,false
2025-12-10_HV_06,2025-12-10_HV,2025-12-10,HV,6,250,Class 4,Class 4 - 1200M - (60-40),1200,60-40,GOOD,"TURF - ""A"" Course",SPORTS HANDICAP,1170000,23.54 | 22.57 10.99 11.58 | 23.79 11.65 12.14,https://racing.hkjc.com/en-us/local/information/archive/localresults?racedate=2025/12/10&racecourse=HV&RaceNo=6,false
2025-12-10_HV_07,2025-12-10_HV,2025-12-10,HV,7,251,Class 3,Class 3 - 1650M - (80-60),1650,80-60,GOOD,"TURF - ""A"" Course",LONGINES INTERNATIONAL JOCKEYS' CHAMPIONSHIP (HANDICAP) - 3RD LEG,2460000,27.57 | 24.55 | 23.87 11.98 11.89 | 24.04 12.08 11.96,https://racing.hkjc.com/en-us/local/information/archive/localresults?racedate=2025/12/10&racecourse=HV&RaceNo=7,false
2025-12-10_HV_08,2025-12-10_HV,2025-12-10,HV,8,252,Class 3,Class 3 - 1200M - (80-60),1200,80-60,GOOD,"TURF - ""A"" Course",LONGINES INTERNATIONAL JOCKEYS' CHAMPIONSHIP (HANDICAP) - 4TH LEG,2232000,23.63 | 22.43 10.89 11.54 | 23.94 11.91 12.03,https://racing.hkjc.com/en-us/local/information/archive/localresults?racedate=2025/12/10&racecourse=HV&RaceNo=8,false
2025-12-10_HV_09,2025-12-10_HV,2025-12-10,HV,9,253,Class 2,Class 2 - 1800M - (100-80),1800,100-80,GOOD,"TURF - ""A"" Course",WONG NAI CHUNG HANDICAP,3120000,13.67 | 23.55 | 24.60 | 24.01 12.12 11.89 | 23.28 11.68 11.60,https://racing.hkjc.com/en-us/local/information/archive/localresults?racedate=2025/12/10&racecourse=HV&RaceNo=9,false
2025-12-14_ST_01,2025-12-14_ST,2025-12-14,ST,1,254,Class 4,Class 4 - 1400M - (60-40),1400,60-40,GOOD,"TURF - ""A"" Course",FAIRY KING PRAWN HANDICAP,1170000,13.47 | 21.58 | 23.65 11.76 11.89 | 23.80 11.83 11.97,https://racing.hkjc.com/en-us/local/information/archive/localresults?racedate=2025/12/14&racecourse=ST&RaceNo=1,false
2025-12-14_ST_02,2025-12-14_ST,2025-12-14,ST,2,255,Class 3,Class 3 - 1200M - (80-60),1200,80-60,GOOD,"TURF - ""A"" Course",SNOW FAIRY HANDICAP,1860000,23.46 | 22.97 11.21 11.76 | 23.39 11.59 11.80,https://racing.hkjc.com/en-us/local/information/archive/localresults?racedate=2025/12/14&racecourse=ST&RaceNo=2,false
2025-12-14_ST_03,2025-12-14_ST,2025-12-14,ST,3,256,Class 4,Class 4 - 1200M - (60-40),1200,60-40,GOOD,"TURF - ""A"" Course",SILENT WITNESS HANDICAP,1170000,24.39 | 23.19 11.53 11.66 | 22.49 11.30 11.19,https://racing.hkjc.com/en-us/local/information/archive/localresults?racedate=2025/12/14&racecourse=ST&RaceNo=3,false
2025-12-14_ST_04,2025-12-14_ST,2025-12-14,ST,4,257,Group One,Group One - 2400M,2400,,GOOD,"TURF - ""A"" Course",THE LONGINES HONG KONG VASE,26000000,27.02 | 25.33 | 24.89 | 23.94 | 24.06 12.34 11.72 | 22.81 11.19 11.62,https://racing.hkjc.com/en-us/local/information/archive/localresults?racedate=2025/12/14&racecourse=ST&RaceNo=4,false
2025-12-14_ST_05,2025-12-14_ST,2025-12-14,ST,5,258,Group One,Group One - 1200M,1200,,GOOD,"TURF - ""A"" Course",THE LONGINES HONG KONG SPRINT,28000000,23.42 | 21.74 10.91 10.83 | 22.54 10.78 11.76,https://racing.hkjc.com/en-us/local/information/archive/localresults?racedate=2025/12/14&racecourse=ST&RaceNo=5,false
2025-12-14_ST_06,2025-12-14_ST,2025-12-14,ST,6,259,Class 3,Class 3 - 1800M - (80-60),1800,80-60,GOOD,"TURF - ""A"" Course",JIM AND TONIC HANDICAP,2050000,14.21 | 22.41 | 23.16 | 23.52 11.98 11.54 | 24.25 11.75 12.50,https://racing.hkjc.com/en-us/local/information/archive/localresults?racedate=2025/12/14&racecourse=ST&RaceNo=6,false
2025-12-14_ST_07,2025-12-14_ST,2025-12-14,ST,7,260,Group One,Group One - 1600M,1600,,GOOD,"TURF - ""A"" Course",THE LONGINES HONG KONG MILE,36000000,24.50 | 22.33 | 23.16 11.47 11.69 | 23.48 11.39 12.09,https://racing.hkjc.com/en-us/local/information/archive/localresults?racedate=2025/12/14&racecourse=ST&RaceNo=7,false
2025-12-14_ST_08,2025-12-14_ST,2025-12-14,ST,8,261,Group One,Group One - 2000M,2000,,GOOD,"TURF - ""A"" Course",THE LONGINES HONG KONG CUP,40000000,26.26 | 24.41 | 25.25 | 23.95 12.35 11.60 | 22.42 10.91 11.51,https://racing.hkjc.com/en-us/local/information/archive/localresults?racedate=2025/12/14&racecourse=ST&RaceNo=8,false
2025-12-14_ST_09,2025-12-14_ST,2025-12-14,ST,9,262,Class 3,Class 3 - 1400M - (80-60),1400,80-60,GOOD,"TURF - ""A"" Course",OUIJA BOARD HANDICAP,1860000,13.58 | 21.72 | 23.01 11.57 11.44 | 23.43 11.55 11.88,https://racing.hkjc.com/en-us/local/information/archive/localresults?racedate=2025/12/14&racecourse=ST&RaceNo=9,false
2025-12-14_ST_10,2025-12-14_ST,2025-12-14,ST,10,263,Class 2,Class 2 - 1400M - (105-80),1400,105-80,GOOD,"TURF - ""A"" Course",HIGHLAND REEL HANDICAP,2840000,13.51 | 22.06 | 23.54 11.94 11.60 | 22.96 11.24 11.72,https://racing.hkjc.com/en-us/local/information/archive/localresults?racedate=2025/12/14&racecourse=ST&RaceNo=10,false
2025-12-17_HV_01,2025-12-17_HV,2025-12-17,HV,1,264,Class 5,Class 5 - 2200M - (40-0),2200,40-0,GOOD,"TURF - ""B"" Course",HERON HANDICAP,875000,14.07 | 23.36 | 24.70 | 24.86 | 24.77 12.49 12.28 | 25.06 12.57 12.49,https://racing.hkjc.com/en-us/local/information/archive/localresults?racedate=2025/12/17&racecourse=HV&RaceNo=1,false
2025-12-17_HV_02,2025-12-17_HV,2025-12-17,HV,2,265,Class 5,Class 5 - 1000M - (40-0),1000,40-0,GOOD,"TURF - ""B"" Course",ROBIN HANDICAP,875000,12.64 | 21.42 10.36 11.06 | 23.31 11.52 11.79,https://racing.hkjc.com/en-us/local/information/archive/localresults?racedate=2025/12/17&racecourse=HV&RaceNo=2,false
2025-12-17_HV_03,2025-12-17_HV,2025-12-17,HV,3,266,Class 4,Class 4 - 1200M - (60-40),1200,60-40,GOOD,"TURF - ""B"" Course",ALBATROSS HANDICAP,1170000,23.71 | 22.85 11.22 11.63 | 23.72 11.74 11.98,https://racing.hkjc.com/en-us/local/information/archive/localresults?racedate=2025/12/17&racecourse=HV&RaceNo=3,false
2025-12-17_HV_04,2025-12-17_HV,2025-12-17,HV,4,267,Class 4,Class 4 - 1650M - (60-40),1650,60-40,GOOD,"TURF - ""B"" Course",LARK HANDICAP,1170000,28.32 | 23.92 | 24.49 12.30 12.19 | 23.94 12.07 11.87,https://racing.hkjc.com/en-us/local/information/archive/localresults?racedate=2025/12/17&racecourse=HV&RaceNo=4,false
2025-12-17_HV_05,2025-12-17_HV,2025-12-17,HV,5,268,Class 4,Class 4 - 1200M - (60-40),1200,60-40,GOOD,"TURF - ""B"" Course",THE HONG KONG GOLF CLUB CENTENARY CUP (HANDICAP),1170000,23.50 | 23.12 11.26 11.86 | 23.33 11.47 11.86,https://racing.hkjc.com/en-us/local/information/archive/localresults?racedate=2025/12/17&racecourse=HV&RaceNo=5,false
2025-12-17_HV_06,2025-12-17_HV,2025-12-17,HV,6,269,Class 4,Class 4 - 1800M - (60-40),1800,60-40,GOOD,"TURF - ""B"" Course",SWIFTLET HANDICAP,1170000,13.80 | 23.19 | 24.69 | 24.20 12.17 12.03 | 24.00 11.97 12.03,https://racing.hkjc.com/en-us/local/information/archive/localresults?racedate=2025/12/17&racecourse=HV&RaceNo=6,false
2025-12-17_HV_07,2025-12-17_HV,2025-12-17,HV,7,270,Class 4,Class 4 - 1200M - (60-40),1200,60-40,GOOD,"TURF - ""B"" Course",ALBATROSS HANDICAP,1170000,23.73 | 23.22 11.59 11.63 | 23.10 11.42 11.68,https://racing.hkjc.com/en-us/local/information/archive/localresults?racedate=2025/12/17&racecourse=HV&RaceNo=7,false
2025-12-17_HV_08,2025-12-17_HV,2025-12-17,HV,8,271,Class 3,Class 3 - 1000M - (80-60),1000,80-60,GOOD,"TURF - ""B"" Course",NIGHTJAR HANDICAP,1860000,12.66 | 21.37 10.43 10.94 | 22.66 11.21 11.45,https://racing.hkjc.com/en-us/local/information/archive/localresults?racedate=2025/12/17&racecourse=HV&RaceNo=8,false
2025-12-17_HV_09,2025-12-17_HV,2025-12-17,HV,9,272,Class 3,Class 3 - 1650M - (80-60),1650,80-60,GOOD,"TURF - ""B"" Course",SEA EAGLE HANDICAP,2050000,28.29 | 24.45 | 24.06 12.24 11.82 | 23.46 11.63 11.83,https://racing.hkjc.com/en-us/local/information/archive/localresults?racedate=2025/12/17&racecourse=HV&RaceNo=9,false
2025-12-20_ST_01,2025-12-20_ST,2025-12-20,ST,1,273,Class 5,Class 5 - 1400M - (40-0),1400,40-0,GOOD,"TURF - ""C+3"" Course",AMARYLLIS HANDICAP,875000,13.32 | 22.25 | 23.30 11.70 11.60 | 23.26 11.34 11.92,https://racing.hkjc.com/en-us/local/information/archive/localresults?racedate=2025/12/20&racecourse=ST&RaceNo=1,false
2025-12-20_ST_02,2025-12-20_ST,2025-12-20,ST,2,274,Class 4,Class 4 - 1200M - (60-40),1200,60-40,GOOD,"TURF - ""C+3"" Course",TULIP HANDICAP,1170000,23.79 | 22.90 11.32 11.58 | 23.11 11.34 11.77,https://racing.hkjc.com/en-us/local/information/archive/localresults?racedate=2025/12/20&racecourse=ST&RaceNo=2,false
2025-12-20_ST_03,2025-12-20_ST,2025-12-20,ST,3,275,Class 5,Class 5 - 1400M - (40-0),1400,40-0,GOOD,"TURF - ""C+3"" Course",AMARYLLIS HANDICAP,875000,13.54 | 21.35 | 23.34 11.57 11.77 | 24.02 11.77 12.25,https://racing.hkjc.com/en-us/local/information/archive/localresults?racedate=2025/12/20&racecourse=ST&RaceNo=3,false
2025-12-20_ST_04,2025-12-20_ST,2025-12-20,ST,4,276,Class 4,Class 4 - 1000M - (60-40),1000,60-40,GOOD,"TURF - ""C+3"" Course",CEDAR HANDICAP,1170000,13.09 | 20.61 10.20 10.41 | 23.17 11.02 12.15,https://racing.hkjc.com/en-us/local/information/archive/localresults?racedate=2025/12/20&racecourse=ST&RaceNo=4,false
2025-12-20_ST_05,2025-12-20_ST,2025-12-20,ST,5,277,Class 4,Class 4 - 1200M - (60-40),1200,60-40,GOOD,"TURF - ""C+3"" Course",THE POK OI CUP (HANDICAP),1170000,23.79 | 22.56 11.22 11.34 | 22.86 11.17 11.69,https://racing.hkjc.com/en-us/local/information/archive/localresults?racedate=2025/12/20&racecourse=ST&RaceNo=5,false
2025-12-20_ST_06,2025-12-20_ST,2025-12-20,ST,6,278,Class 4,Class 4 - 1400M - (60-40),1400,60-40,GOOD,"TURF - ""C+3"" Course",ERICA HANDICAP,1170000,13.39 | 21.34 | 23.37 11.61 11.76 | 23.74 11.63 12.11,https://racing.hkjc.com/en-us/local/information/archive/localresults?racedate=2025/12/20&racecourse=ST&RaceNo=6,false
2025-12-20_ST_07,2025-12-20_ST,2025-12-20,ST,7,279,Class 4,Class 4 - 1600M - (60-40),1600,60-40,GOOD,"TURF - ""C+3"" Course",HIBISCUS HANDICAP,1170000,24.45 | 22.79 | 23.77 11.91 11.86 | 23.61 11.71 11.90,https://racing.hkjc.com/en-us/local/information/archive/localresults?racedate=2025/12/20&racecourse=ST&RaceNo=7,false
2025-12-20_ST_08,2025-12-20_ST,2025-12-20,ST,8,280,Class 3,Class 3 - 1200M - (80-60),1200,80-60,GOOD,"TURF - ""C+3"" Course",HOLLY HANDICAP,1860000,23.60 | 22.81 11.20 11.61 | 22.76 11.12 11.64,https://racing.hkjc.com/en-us/local/information/archive/localresults?racedate=2025/12/20&racecourse=ST&RaceNo=8,false
2025-12-20_ST_09,2025-12-20_ST,2025-12-20,ST,9,281,Class 2,Class 2 - 1200M - (100-80),1200,100-80,GOOD,"TURF - ""C+3"" Course",IVY HANDICAP,2840000,23.92 | 23.16 11.56 11.60 | 22.35 10.99 11.36,https://racing.hkjc.com/en-us/local/information/archive/localresults?racedate=2025/12/20&racecourse=ST&RaceNo=9,false
2025-12-20_ST_10,2025-12-20_ST,2025-12-20,ST,10,282,Class 3,Class 3 - 1400M - (80-60),1400,80-60,GOOD,"TURF - ""C+3"" Course",SPRUCE HANDICAP,1860000,13.31 | 21.70 | 23.32 11.61 11.71 | 23.54 11.57 11.97,https://racing.hkjc.com/en-us/local/information/archive/localresults?racedate=2025/12/20&racecourse=ST&RaceNo=10,false
2025-12-20_ST_11,2025-12-20_ST,2025-12-20,ST,11,283,Class 3,Class 3 - 1600M - (80-60),1600,80-60,GOOD,"TURF - ""C+3"" Course",POINSETTIA HANDICAP,2050000,24.73 | 23.09 | 24.20 12.38 11.82 | 22.95 11.48 11.47,https://racing.hkjc.com/en-us/local/information/archive/localresults?racedate=2025/12/20&racecourse=ST&RaceNo=11,false
2025-12-23_HV_01,2025-12-23_HV,2025-12-23,HV,1,284,Class 5,Class 5 - 1200M - (40-0),1200,40-0,GOOD,"TURF - ""C"" Course",MERCURY HANDICAP,875000,23.60 | 22.60 11.24 11.36 | 23.43 11.64 11.79,https://racing.hkjc.com/en-us/local/information/archive/localresults?racedate=2025/12/23&racecourse=HV&RaceNo=1,false
2025-12-23_HV_02,2025-12-23_HV,2025-12-23,HV,2,285,Class 4,Class 4 - 1650M - (60-40),1650,60-40,GOOD,"TURF - ""C"" Course",VENUS HANDICAP,1170000,28.19 | 23.16 | 24.10 11.93 12.17 | 24.19 12.31 11.88,https://racing.hkjc.com/en-us/local/information/archive/localresults?racedate=2025/12/23&racecourse=HV&RaceNo=2,false
2025-12-23_HV_03,2025-12-23_HV,2025-12-23,HV,3,286,Class 4,Class 4 - 1650M - (60-40),1650,60-40,GOOD,"TURF - ""C"" Course",VENUS HANDICAP,1170000,27.62 | 23.63 | 24.76 12.63 12.13 | 24.05 12.12 11.93,https://racing.hkjc.com/en-us/local/information/archive/localresults?racedate=2025/12/23&racecourse=HV&RaceNo=3,false
2025-12-23_HV_04,2025-12-23_HV,2025-12-23,HV,4,287,Class 4,Class 4 - 1200M - (60-40),1200,60-40,GOOD,"TURF - ""C"" Course",JUPITER HANDICAP,1170000,23.52 | 22.17 10.78 11.39 | 23.86 11.99 11.87,https://racing.hkjc.com/en-us/local/information/archive/localresults?racedate=2025/12/23&racecourse=HV&RaceNo=4,false
2025-12-23_HV_05,2025-12-23_HV,2025-12-23,HV,5,288,Class 4,Class 4 - 1200M - (60-40),1200,60-40,GOOD,"TURF - ""C"" Course",JUPITER HANDICAP,1170000,23.54 | 22.03 10.75 11.28 | 23.88 11.88 12.00,https://racing.hkjc.com/en-us/local/information/archive/localresults?racedate=2025/12/23&racecourse=HV&RaceNo=5,false
2025-12-23_HV_06,2025-12-23_HV,2025-12-23,HV,6,289,Class 3,Class 3 - 2200M - (80-55),2200,80-55,GOOD,"TURF - ""C"" Course",SATURN HANDICAP,2050000,14.21 | 23.44 | 24.58 | 24.78 | 24.22 12.33 11.89 | 24.02 11.76 12.26,https://racing.hkjc.com/en-us/local/information/archive/localresults?racedate=2025/12/23&racecourse=HV&RaceNo=6,false
2025-12-23_HV_07,2025-12-23_HV,2025-12-23,HV,7,290,Class 4,Class 4 - 1200M - (60-40),1200,60-40,GOOD,"TURF - ""C"" Course",JUPITER HANDICAP,1170000,23.71 | 22.78 11.23 11.55 | 23.63 11.70 11.93,https://racing.hkjc.com/en-us/local/information/archive/localresults?racedate=2025/12/23&racecourse=HV&RaceNo=7,false
2025-12-23_HV_08,2025-12-23_HV,2025-12-23,HV,8,291,Class 3,Class 3 - 1200M - (80-60),1200,80-60,GOOD,"TURF - ""C"" Course",URANUS HANDICAP,1860000,23.12 | 22.36 11.25 11.11 | 23.59 11.75 11.84,https://racing.hkjc.com/en-us/local/information/archive/localresults?racedate=2025/12/23&racecourse=HV&RaceNo=8,false
2025-12-23_HV_09,2025-12-23_HV,2025-12-23,HV,9,292,Class 2,Class 2 - 1650M - (100-75),1650,100-75,GOOD,"TURF - ""C"" Course",NEPTUNE HANDICAP,3120000,27.69 | 23.71 | 24.13 12.30 11.83 | 23.46 11.77 11.69,https://racing.hkjc.com/en-us/local/information/archive/localresults?racedate=2025/12/23&racecourse=HV&RaceNo=9,false
2025-12-27_ST_01,2025-12-27_ST,2025-12-27,ST,1,293,Class 4 (Restricted),Class 4 (Restricted) - 1400M - (60-40),1400,60-40,GOOD,"TURF - ""A+3"" Course",WONG CHUK WAN HANDICAP,1170000,13.38 | 21.10 | 23.28 11.46 11.82 | 23.58 11.43 12.15,https://racing.hkjc.com/en-us/local/information/archive/localresults?racedate=2025/12/27&racecourse=ST&RaceNo=1,false
2025-12-27_ST_02,2025-12-27_ST,2025-12-27,ST,2,294,Class 4,Class 4 - 1200M - (60-40),1200,60-40,GOOD,"TURF - ""A+3"" Course",TAI LONG TSUI HANDICAP,1170000,23.57 | 21.79 10.72 11.07 | 23.31 11.43 11.88,https://racing.hkjc.com/en-us/local/information/archive/localresults?racedate=2025/12/27&racecourse=ST&RaceNo=2,false
2025-12-27_ST_03,2025-12-27_ST,2025-12-27,ST,3,295,Class 2,Class 2 - 2000M - (100-75),2000,100-75,GOOD,"TURF - ""A+3"" Course",LONG KE HANDICAP,3120000,26.26 | 23.43 | 24.05 | 23.35 11.78 11.57 | 23.85 11.66 12.19,https://racing.hkjc.com/en-us/local/information/archive/localresults?racedate=2025/12/27&racecourse=ST&RaceNo=3,false
2025-12-27_ST_04,2025-12-27_ST,2025-12-27,ST,4,296,Class 5,Class 5 - 1800M - (40-0),1800,40-0,GOOD,ALL WEATHER TRACK,YUNG SHUE O HANDICAP,875000,14.05 | 24.25 | 24.68 | 23.41 11.95 11.46 | 23.46 11.38 12.08,https://racing.hkjc.com/en-us/local/information/archive/localresults?racedate=2025/12/27&racecourse=ST&RaceNo=4,false
2025-12-27_ST_05,2025-12-27_ST,2025-12-27,ST,5,297,Class 4,Class 4 - 1200M - (60-40),1200,60-40,GOOD,"TURF - ""A+3"" Course",TAI LONG TSUI HANDICAP,1170000,23.47 | 22.40 10.97 11.43 | 23.42 11.41 12.01,https://racing.hkjc.com/en-us/local/information/archive/localresults?racedate=2025/12/27&racecourse=ST&RaceNo=5,false
2025-12-27_ST_06,2025-12-27_ST,2025-12-27,ST,6,298,Class 4,Class 4 - 1400M - (60-40),1400,60-40,GOOD,"TURF - ""A+3"" Course",TAI TAN HANDICAP,1170000,13.47 | 21.36 | 23.33 11.71 11.62 | 23.93 11.68 12.25,https://racing.hkjc.com/en-us/local/information/archive/localresults?racedate=2025/12/27&racecourse=ST&RaceNo=6,false
2025-12-27_ST_07,2025-12-27_ST,2025-12-27,ST,7,299,Class 4,Class 4 - 1650M - (60-40),1650,60-40,GOOD,ALL WEATHER TRACK,WONG YI CHAU HANDICAP,1170000,28.93 | 23.78 | 23.37 11.80 11.57 | 23.45 11.50 11.95,https://racing.hkjc.com/en-us/local/information/archive/localresults?racedate=2025/12/27&racecourse=ST&RaceNo=7,false
2025-12-27_ST_08,2025-12-27_ST,2025-12-27,ST,8,300,Class 3,Class 3 - 1000M - (80-60),1000,80-60,GOOD,"TURF - ""A+3"" Course",SHAM CHUNG HANDICAP,1860000,13.05 | 20.58 10.11 10.47 | 22.22 10.74 11.48,https://racing.hkjc.com/en-us/local/information/archive/localresults?racedate=2025/12/27&racecourse=ST&RaceNo=8,false
2025-12-27_ST_09,2025-12-27_ST,2025-12-27,ST,9,301,Class 3,Class 3 - 1650M - (80-60),1650,80-60,GOOD,ALL WEATHER TRACK,TAI LONG AU HANDICAP,2050000,28.54 | 23.24 | 23.80 11.81 11.99 | 23.50 11.45 12.05,https://racing.hkjc.com/en-us/local/information/archive/localresults?racedate=2025/12/27&racecourse=ST&RaceNo=9,false
2025-12-27_ST_10,2025-12-27_ST,2025-12-27,ST,10,302,Class 3,Class 3 - 1200M - (80-60),1200,80-60,GOOD,"TURF - ""A+3"" Course",SHUI LONG WO HANDICAP,1860000,24.04 | 22.50 11.19 11.31 | 22.70 11.02 11.68,https://racing.hkjc.com/en-us/local/information/archive/localresults?racedate=2025/12/27&racecourse=ST&RaceNo=10,false
2026-01-01_ST_01,2026-01-01_ST,2026-01-01,ST,1,303,Class 5,Class 5 - 1600M - (40-0),1600,40-0,GOOD,"TURF - ""B+2"" Course",TSUNG PAK LONG HANDICAP,875000,24.33 | 22.30 | 24.07 12.16 11.91 | 24.66 12.10 12.56,https://racing.hkjc.com/en-us/local/information/archive/localresults?racedate=2026/01/01&racecourse=ST&RaceNo=1,false
2026-01-01_ST_02,2026-01-01_ST,2026-01-01,ST,2,304,Class 4,Class 4 - 1200M - (60-40),1200,60-40,GOOD,"TURF - ""B+2"" Course",HILLWOOD HANDICAP,1170000,23.98 | 22.65 11.26 11.39 | 23.54 11.38 12.16,https://racing.hkjc.com/en-us/local/information/archive/localresults?racedate=2026/01/01&racecourse=ST&RaceNo=2,false
2026-01-01_ST_03,2026-01-01_ST,2026-01-01,ST,3,305,Class 5,Class 5 - 1200M - (40-0),1200,40-0,GOOD,"TURF - ""B+2"" Course",PINE TREE HILL HANDICAP,875000,24.12 | 22.36 11.16 11.20 | 23.21 11.05 12.16,https://racing.hkjc.com/en-us/local/information/archive/localresults?racedate=2026/01/01&racecourse=ST&RaceNo=3,false
2026-01-01_ST_04,2026-01-01_ST,2026-01-01,ST,4,306,Class 4,Class 4 - 1200M - (60-40),1200,60-40,GOOD,"TURF - ""B+2"" Course",HILLWOOD HANDICAP,1170000,23.67 | 22.64 11.35 11.29 | 22.82 11.08 11.74,https://racing.hkjc.com/en-us/local/information/archive/localresults?racedate=2026/01/01&racecourse=ST&RaceNo=4,false
2026-01-01_ST_05,2026-01-01_ST,2026-01-01,ST,5,307,Class 4,Class 4 - 2000M - (60-40),2000,60-40,GOOD,"TURF - ""B+2"" Course",MUI WO HANDICAP,1170000,26.11 | 23.92 | 25.53 | 24.71 12.90 11.81 | 23.31 11.34 11.97,https://racing.hkjc.com/en-us/local/information/archive/localresults?racedate=2026/01/01&racecourse=ST&RaceNo=5,false
2026-01-01_ST_06,2026-01-01_ST,2026-01-01,ST,6,308,Class 4,Class 4 - 1400M - (60-40),1400,60-40,GOOD,"TURF - ""B+2"" Course",LAI CHI CHONG HANDICAP,1170000,13.22 | 21.23 | 23.67 11.74 11.93 | 23.98 11.85 12.13,https://racing.hkjc.com/en-us/local/information/archive/localresults?racedate=2026/01/01&racecourse=ST&RaceNo=6,false
2026-01-01_ST_07,2026-01-01_ST,2026-01-01,ST,7,309,Class 4,Class 4 - 1600M - (60-40),1600,60-40,GOOD,"TURF - ""B+2"" Course",LEI MUK SHUE HANDICAP,1170000,24.01 | 22.65 | 23.92 12.10 11.82 | 23.69 11.88 11.81,https://racing.hkjc.com/en-us/local/information/archive/localresults?racedate=2026/01/01&racecourse=ST&RaceNo=7,false
2026-01-01_ST_08,2026-01-01_ST,2026-01-01,ST,8,310,Group Three,Group Three - 1400M,1400,,GOOD,"TURF - ""B+2"" Course",THE CHINESE CLUB CHALLENGE CUP (HANDICAP),4200000,13.28 | 20.89 | 22.72 11.40 11.32 | 23.73 11.41 12.32,https://racing.hkjc.com/en-us/local/information/archive/localresults?racedate=2026/01/01&racecourse=ST&RaceNo=8,false
2026-01-01_ST_09,2026-01-01_ST,2026-01-01,ST,9,311,Class 3,Class 3 - 1200M - (80-60),1200,80-60,GOOD,"TURF - ""B+2"" Course",CHA KWO LING HANDICAP,1860000,23.36 | 22.73 11.29 11.44 | 22.87 11.17 11.70,https://racing.hkjc.com/en-us/local/information/archive/localresults?racedate=2026/01/01&racecourse=ST&RaceNo=9,false
2026-01-01_ST_10,2026-01-01_ST,2026-01-01,ST,10,312,Class 3,Class 3 - 1400M - (80-60),1400,80-60,GOOD,"TURF - ""B+2"" Course",CHUK YUEN HANDICAP,1860000,13.45 | 22.02 | 23.10 11.60 11.50 | 23.15 11.24 11.91,https://racing.hkjc.com/en-us/local/information/archive/localresults?racedate=2026/01/01&racecourse=ST&RaceNo=10,false
2026-01-01_ST_11,2026-01-01_ST,2026-01-01,ST,11,313,Class 3,Class 3 - 1200M - (80-60),1200,80-60,GOOD,"TURF - ""B+2"" Course",CHA KWO LING HANDICAP,1860000,23.57 | 22.59 11.22 11.37 | 23.16 11.31 11.85,https://racing.hkjc.com/en-us/local/information/archive/localresults?racedate=2026/01/01&racecourse=ST&RaceNo=11,false
2026-01-04_ST_01,2026-01-04_ST,2026-01-04,ST,1,314,Class 5,Class 5 - 1400M - (40-0),1400,40-0,GOOD,"TURF - ""C"" Course",TAI LAM HANDICAP,875000,13.50 | 21.02 | 22.97 11.06 11.91 | 24.54 12.13 12.41,https://racing.hkjc.com/en-us/local/information/archive/localresults?racedate=2026/01/04&racecourse=ST&RaceNo=1,false
2026-01-04_ST_02,2026-01-04_ST,2026-01-04,ST,2,315,Class 4,Class 4 - 1000M - (60-40),1000,60-40,GOOD,"TURF - ""C"" Course",TSAM CHUK WAN HANDICAP,1170000,13.01 | 20.86 10.17 10.69 | 23.00 11.20 11.80,https://racing.hkjc.com/en-us/local/information/archive/localresults?racedate=2026/01/04&racecourse=ST&RaceNo=2,false
2026-01-04_ST_03,2026-01-04_ST,2026-01-04,ST,3,316,Class 4,Class 4 - 1200M - (60-40),1200,60-40,GOOD,ALL WEATHER TRACK,TAI MONG TSAI HANDICAP,1170000,23.33 | 21.85 10.56 11.29 | 23.66 11.68 11.98,https://racing.hkjc.com/en-us/local/information/archive/localresults?racedate=2026/01/04&racecourse=ST&RaceNo=3,false
2026-01-04_ST_04,2026-01-04_ST,2026-01-04,ST,4,317,Class 4,Class 4 - 1200M - (60-40),1200,60-40,GOOD,ALL WEATHER TRACK,TAI MONG TSAI HANDICAP,1170000,23.57 | 21.95 10.75 11.20 | 22.86 11.17 11.69,https://racing.hkjc.com/en-us/local/information/archive/localresults?racedate=2026/01/04&racecourse=ST&RaceNo=4,false
2026-01-04_ST_05,2026-01-04_ST,2026-01-04,ST,5,318,Class 4,Class 4 - 1400M - (60-40),1400,60-40,GOOD,"TURF - ""C"" Course",BROADWOOD HANDICAP,1170000,13.42 | 21.23 | 22.83 11.19 11.64 | 23.88 11.63 12.25,https://racing.hkjc.com/en-us/local/information/archive/localresults?racedate=2026/01/04&racecourse=ST&RaceNo=5,false
2026-01-04_ST_06,2026-01-04_ST,2026-01-04,ST,6,319,Class 4,Class 4 - 1400M - (60-40),1400,60-40,GOOD,"TURF - ""C"" Course",THE PO LEUNG KUK CUP (HANDICAP),1170000,13.46 | 20.96 | 23.48 11.51 11.97 | 23.64 11.57 12.07,https://racing.hkjc.com/en-us/local/information/archive/localresults?racedate=2026/01/04&racecourse=ST&RaceNo=6,false
2026-01-04_ST_07,2026-01-04_ST,2026-01-04,ST,7,320,Class 2,Class 2 - 1600M - (100-75),1600,100-75,GOOD,"TURF - ""C"" Course",LEIGHTON HANDICAP,3120000,24.35 | 23.04 | 23.35 11.83 11.52 | 23.35 11.58 11.77,https://racing.hkjc.com/en-us/local/information/archive/localresults?racedate=2026/01/04&racecourse=ST&RaceNo=7,false
2026-01-04_ST_08,2026-01-04_ST,2026-01-04,ST,8,321,Group Three,Group Three - 1000M,1000,,GOOD,"TURF - ""C"" Course",THE BAUHINIA SPRINT TROPHY (HANDICAP),4200000,12.84 | 20.70 10.28 10.42 | 22.31 10.84 11.47,https://racing.hkjc.com/en-us/local/information/archive/localresults?racedate=2026/01/04&racecourse=ST&RaceNo=8,false
2026-01-04_ST_09,2026-01-04_ST,2026-01-04,ST,9,322,Class 3,Class 3 - 1200M - (85-60),1200,85-60,GOOD,ALL WEATHER TRACK,TAI TONG SHAN HANDICAP,1860000,23.56 | 21.99 10.81 11.18 | 22.32 10.94 11.38,https://racing.hkjc.com/en-us/local/information/archive/localresults?racedate=2026/01/04&racecourse=ST&RaceNo=9,false
2026-01-04_ST_10,2026-01-04_ST,2026-01-04,ST,10,323,Class 3,Class 3 - 1200M - (80-60),1200,80-60,GOOD,"TURF - ""C"" Course",PAK TAM CHUNG HANDICAP,1860000,23.92 | 22.52 11.16 11.36 | 22.62 11.05 11.57,https://racing.hkjc.com/en-us/local/information/archive/localresults?racedate=2026/01/04&racecourse=ST&RaceNo=10,false
2026-01-04_ST_11,2026-01-04_ST,2026-01-04,ST,11,324,Class 3,Class 3 - 1600M - (80-60),1600,80-60,GOOD,"TURF - ""C"" Course",TAI TONG HANDICAP,2050000,24.63 | 22.73 | 24.29 12.44 11.85 | 22.98 11.46 11.52,https://racing.hkjc.com/en-us/local/information/archive/localresults?racedate=2026/01/04&racecourse=ST&RaceNo=11,false
2026-01-07_HV_01,2026-01-07_HV,2026-01-07,HV,1,325,Class 5,Class 5 - 1800M - (40-0),1800,40-0,GOOD,"TURF - ""A"" Course",MURRAY HANDICAP,875000,13.50 | 22.01 | 24.84 | 24.27 12.39 11.88 | 24.63 12.24 12.39,https://racing.hkjc.com/en-us/local/information/archive/localresults?racedate=2026/01/07&racecourse=HV&RaceNo=1,false
2026-01-07_HV_02,2026-01-07_HV,2026-01-07,HV,2,326,Class 4,Class 4 - 1200M - (60-40),1200,60-40,GOOD,"TURF - ""A"" Course",JACKSON HANDICAP,1170000,23.26 | 22.86 11.07 11.79 | 23.49 11.94 11.55,https://racing.hkjc.com/en-us/local/information/archive/localresults?racedate=2026/01/07&racecourse=HV&RaceNo=2,false
2026-01-07_HV_03,2026-01-07_HV,2026-01-07,HV,3,327,Class 4,Class 4 - 1650M - (60-40),1650,60-40,GOOD,"TURF - ""A"" Course",CLUB HANDICAP,1170000,27.20 | 23.36 | 24.32 12.03 12.29 | 24.65 12.64 12.01,https://racing.hkjc.com/en-us/local/information/archive/localresults?racedate=2026/01/07&racecourse=HV&RaceNo=3,false
2026-01-07_HV_04,2026-01-07_HV,2026-01-07,HV,4,328,Class 4,Class 4 - 1200M - (60-40),1200,60-40,GOOD,"TURF - ""A"" Course",JACKSON HANDICAP,1170000,23.93 | 23.39 11.34 12.05 | 23.37 11.76 11.61,https://racing.hkjc.com/en-us/local/information/archive/localresults?racedate=2026/01/07&racecourse=HV&RaceNo=4,false
2026-01-07_HV_05,2026-01-07_HV,2026-01-07,HV,5,329,Class 4,Class 4 - 1650M - (60-40),1650,60-40,GOOD,"TURF - ""A"" Course",THE HONG KONG CLUB CHALLENGE CUP (HANDICAP),1170000,28.99 | 24.22 | 24.47 12.36 12.11 | 23.28 11.67 11.61,https://racing.hkjc.com/en-us/local/information/archive/localresults?racedate=2026/01/07&racecourse=HV&RaceNo=5,false
2026-01-07_HV_06,2026-01-07_HV,2026-01-07,HV,6,330,Class 4,Class 4 - 1200M - (60-40),1200,60-40,GOOD,"TURF - ""A"" Course",JACKSON HANDICAP,1170000,23.36 | 22.83 11.17 11.66 | 23.47 11.52 11.95,https://racing.hkjc.com/en-us/local/information/archive/localresults?racedate=2026/01/07&racecourse=HV&RaceNo=6,false
2026-01-07_HV_07,2026-01-07_HV,2026-01-07,HV,7,331,Class 3,Class 3 - 1000M - (85-60),1000,85-60,GOOD,"TURF - ""A"" Course",CHATER HANDICAP,1860000,12.77 | 20.76 09.93 10.83 | 23.05 11.55 11.50,https://racing.hkjc.com/en-us/local/information/archive/localresults?racedate=2026/01/07&racecourse=HV&RaceNo=7,false
2026-01-07_HV_08,2026-01-07_HV,2026-01-07,HV,8,332,Class 3,Class 3 - 1200M - (80-60),1200,80-60,GOOD,"TURF - ""A"" Course",CONNAUGHT HANDICAP,1860000,24.15 | 22.44 10.90 11.54 | 23.16 11.52 11.64,https://racing.hkjc.com/en-us/local/information/archive/localresults?racedate=2026/01/07&racecourse=HV&RaceNo=8,false
2026-01-07_HV_09,2026-01-07_HV,2026-01-07,HV,9,333,Class 3,Class 3 - 1650M - (80-60),1650,80-60,GOOD,"TURF - ""A"" Course",DES VOEUX HANDICAP,2050000,27.62 | 23.13 | 24.52 12.51 12.01 | 24.78 12.39 12.39,https://racing.hkjc.com/en-us/local/information/archive/localresults?racedate=2026/01/07&racecourse=HV&RaceNo=9,false
2026-01-11_ST_01,2026-01-11_ST,2026-01-11,ST,1,334,Class 5,Class 5 - 1200M - (40-0),1200,40-0,GOOD TO FIRM,"TURF - ""C+3"" Course",CHEK KENG HANDICAP,875000,23.70 | 22.99 11.36 11.63 | 23.08 11.18 11.90,https://racing.hkjc.com/en-us/local/information/archive/localresults?racedate=2026/01/11&racecourse=ST&RaceNo=1,false
2026-01-11_ST_02,2026-01-11_ST,2026-01-11,ST,2,335,Class 4,Class 4 - 1200M - (60-40),1200,60-40,GOOD TO FIRM,"TURF - ""C+3"" Course",WU KAI SHA HANDICAP,1170000,23.51 | 22.23 10.98 11.25 | 23.30 11.35 11.95,https://racing.hkjc.com/en-us/local/information/archive/localresults?racedate=2026/01/11&racecourse=ST&RaceNo=2,false
2026-01-11_ST_03,2026-01-11_ST,2026-01-11,ST,3,336,Class 4,Class 4 - 1200M - (60-40),1200,60-40,GOOD TO FIRM,"TURF - ""C+3"" Course",WU KAI SHA HANDICAP,1170000,23.88 | 22.92 11.48 11.44 | 22.79 11.02 11.77,https://racing.hkjc.com/en-us/local/information/archive/localresults?racedate=2026/01/11&racecourse=ST&RaceNo=3,false
2026-01-11_ST_04,2026-01-11_ST,2026-01-11,ST,4,337,Class 4,Class 4 - 1400M - (60-40),1400,60-40,GOOD TO FIRM,"TURF - ""C+3"" Course",WU KAU TANG HANDICAP,1170000,13.44 | 21.55 | 23.18 11.66 11.52 | 23.74 11.67 12.07,https://racing.hkjc.com/en-us/local/information/archive/localresults?racedate=2026/01/11&racecourse=ST&RaceNo=4,false
2026-01-11_ST_05,2026-01-11_ST,2026-01-11,ST,5,338,Class 4,Class 4 - 1400M - (60-40),1400,60-40,GOOD TO FIRM,"TURF - ""C+3"" Course",WU KAU TANG HANDICAP,1170000,13.48 | 21.47 | 23.22 11.59 11.63 | 23.83 11.61 12.22,https://racing.hkjc.com/en-us/local/information/archive/localresults?racedate=2026/01/11&racecourse=ST&RaceNo=5,false
2026-01-11_ST_06,2026-01-11_ST,2026-01-11,ST,6,339,Class 4,Class 4 - 1800M - (60-40),1800,60-40,GOOD TO FIRM,"TURF - ""C+3"" Course",HEBE HAVEN HANDICAP,1170000,13.75 | 21.67 | 23.31 | 24.62 12.18 12.44 | 23.46 11.73 11.73,https://racing.hkjc.com/en-us/local/information/archive/localresults?racedate=2026/01/11&racecourse=ST&RaceNo=6,false
2026-01-11_ST_07,2026-01-11_ST,2026-01-11,ST,7,340,Class 3,Class 3 - 1200M - (80-60),1200,80-60,GOOD TO FIRM,"TURF - ""C+3"" Course",HUNG MUI KUK HANDICAP,1860000,23.64 | 22.25 10.91 11.34 | 22.85 11.17 11.68,https://racing.hkjc.com/en-us/local/information/archive/localresults?racedate=2026/01/11&racecourse=ST&RaceNo=7,false
2026-01-11_ST_08,2026-01-11_ST,2026-01-11,ST,8,341,Class 2,Class 2 - 1400M - (100-80),1400,100-80,GOOD TO FIRM,"TURF - ""C+3"" Course",THE RACING CLUB CUP (HANDICAP),2840000,13.21 | 21.15 | 23.13 11.52 11.61 | 23.35 11.37 11.98,https://racing.hkjc.com/en-us/local/information/archive/localresults?racedate=2026/01/11&racecourse=ST&RaceNo=8,false
2026-01-11_ST_09,2026-01-11_ST,2026-01-11,ST,9,342,Class 3,Class 3 - 1800M - (85-60),1800,85-60,GOOD TO FIRM,"TURF - ""C+3"" Course",PAK SHA O HANDICAP,2050000,13.92 | 21.71 | 23.36 | 23.33 11.55 11.78 | 24.10 12.09 12.01,https://racing.hkjc.com/en-us/local/information/archive/localresults?racedate=2026/01/11&racecourse=ST&RaceNo=9,false
2026-01-11_ST_10,2026-01-11_ST,2026-01-11,ST,10,343,Class 3 (Restricted),Class 3 (Restricted) - 1600M - (85-60),1600,85-60,GOOD TO FIRM,"TURF - ""C+3"" Course",PAK SHEK AU HANDICAP,2050000,24.24 | 22.13 | 24.02 11.96 12.06 | 23.79 11.91 11.88,https://racing.hkjc.com/en-us/local/information/archive/localresults?racedate=2026/01/11&racecourse=ST&RaceNo=10,false
2026-01-11_ST_11,2026-01-11_ST,2026-01-11,ST,11,344,Class 3,Class 3 - 1400M - (80-60),1400,80-60,GOOD TO FIRM,"TURF - ""C+3"" Course",STANLEY GAP HANDICAP,1860000,13.38 | 22.66 | 23.75 12.00 11.75 | 22.54 11.21 11.33,https://racing.hkjc.com/en-us/local/information/archive/localresults?racedate=2026/01/11&racecourse=ST&RaceNo=11,false
2026-01-14_HV_01,2026-01-14_HV,2026-01-14,HV,1,345,Class 5,Class 5 - 1200M - (40-0),1200,40-0,GOOD,"TURF - ""B"" Course",METEORITES HANDICAP,875000,23.25 | 22.59 11.11 11.48 | 24.08 12.08 12.00,https://racing.hkjc.com/en-us/local/information/archive/localresults?racedate=2026/01/14&racecourse=HV&RaceNo=1,false
2026-01-14_HV_02,2026-01-14_HV,2026-01-14,HV,2,346,Class 4,Class 4 - 1650M - (60-40),1650,60-40,GOOD,"TURF - ""B"" Course",YUMMY HANDICAP,1170000,27.60 | 23.86 | 24.68 12.31 12.37 | 23.89 12.13 11.76,https://racing.hkjc.com/en-us/local/information/archive/localresults?racedate=2026/01/14&racecourse=HV&RaceNo=2,false
2026-01-14_HV_03,2026-01-14_HV,2026-01-14,HV,3,347,Class 4,Class 4 - 1200M - (60-40),1200,60-40,GOOD,"TURF - ""B"" Course",CROISETTE HANDICAP,1170000,23.41 | 22.10 10.76 11.34 | 23.86 11.64 12.22,https://racing.hkjc.com/en-us/local/information/archive/localresults?racedate=2026/01/14&racecourse=HV&RaceNo=3,false
2026-01-14_HV_04,2026-01-14_HV,2026-01-14,HV,4,348,Class 4,Class 4 - 1650M - (60-40),1650,60-40,GOOD,"TURF - ""B"" Course",YACHT CLUB HANDICAP,1170000,27.77 | 23.12 | 24.57 12.20 12.37 | 24.52 12.42 12.10,https://racing.hkjc.com/en-us/local/information/archive/localresults?racedate=2026/01/14&racecourse=HV&RaceNo=4,false
2026-01-14_HV_05,2026-01-14_HV,2026-01-14,HV,5,349,Class 3,Class 3 - 1650M - (85-60),1650,85-60,GOOD,"TURF - ""B"" Course",THE APM MONACO CUP (HANDICAP),2050000,28.61 | 24.79 | 24.11 12.19 11.92 | 23.06 11.63 11.43,https://racing.hkjc.com/en-us/local/information/archive/localresults?racedate=2026/01/14&racecourse=HV&RaceNo=5,false
2026-01-14_HV_06,2026-01-14_HV,2026-01-14,HV,6,350,Class 4,Class 4 - 1200M - (60-40),1200,60-40,GOOD,"TURF - ""B"" Course",MONACO HANDICAP,1170000,23.22 | 22.11 10.77 11.34 | 24.51 11.89 12.62,https://racing.hkjc.com/en-us/local/information/archive/localresults?racedate=2026/01/14&racecourse=HV&RaceNo=6,false
2026-01-14_HV_07,2026-01-14_HV,2026-01-14,HV,7,351,Group Three,Group Three - 1800M,1800,,GOOD,"TURF - ""B"" Course",THE JANUARY CUP (HANDICAP),4200000,13.48 | 22.77 | 24.29 | 23.45 11.65 11.80 | 24.01 12.11 11.90,https://racing.hkjc.com/en-us/local/information/archive/localresults?racedate=2026/01/14&racecourse=HV&RaceNo=7,false
2026-01-14_HV_08,2026-01-14_HV,2026-01-14,HV,8,352,Class 2,Class 2 - 1200M - (100-80),1200,100-80,GOOD,"TURF - ""B"" Course",CANNES HANDICAP,2840000,23.01 | 22.04 10.59 11.45 | 24.22 12.02 12.20,https://racing.hkjc.com/en-us/local/information/archive/localresults?racedate=2026/01/14&racecourse=HV&RaceNo=8,false
2026-01-14_HV_09,2026-01-14_HV,2026-01-14,HV,9,353,Class 3,Class 3 - 1200M - (80-60),1200,80-60,GOOD,"TURF - ""B"" Course",SAINT TROPEZ HANDICAP,1860000,23.46 | 22.53 11.36 11.17 | 23.45 11.71 11.74,https://racing.hkjc.com/en-us/local/information/archive/localresults?racedate=2026/01/14&racecourse=HV&RaceNo=9,false
2026-01-18_ST_01,2026-01-18_ST,2026-01-18,ST,1,354,Class 5,Class 5 - 2000M - (40-0),2000,40-0,GOOD,"TURF - ""A"" Course",RUGBY SEVENS 2000M HANDICAP,875000,26.43 | 25.25 | 24.91 | 23.92 12.33 11.59 | 23.33 11.52 11.81,https://racing.hkjc.com/en-us/local/information/archive/localresults?racedate=2026/01/18&racecourse=ST&RaceNo=1,false
2026-01-18_ST_02,2026-01-18_ST,2026-01-18,ST,2,355,Class 4,Class 4 - 1200M - (60-40),1200,60-40,GOOD,"TURF - ""A"" Course",CYCLING 1200M HANDICAP,1170000,23.84 | 22.23 10.96 11.27 | 23.11 11.30 11.81,https://racing.hkjc.com/en-us/local/information/archive/localresults?racedate=2026/01/18&racecourse=ST&RaceNo=2,false
2026-01-18_ST_03,2026-01-18_ST,2026-01-18,ST,3,356,Class 3,Class 3 - 1000M - (80-60),1000,80-60,GOOD,"TURF - ""A"" Course",THE 15TH NATIONAL GAMES HONG KONG MEDALLISTS CUP (HANDICAP),1860000,13.00 | 20.96 10.41 10.55 | 22.87 11.21 11.66,https://racing.hkjc.com/en-us/local/information/archive/localresults?racedate=2026/01/18&racecourse=ST&RaceNo=3,false
2026-01-18_ST_04,2026-01-18_ST,2026-01-18,ST,4,357,Class 4,Class 4 - 1400M - (60-40),1400,60-40,GOOD,"TURF - ""A"" Course",SWIMMING 1400M HANDICAP,1170000,13.27 | 21.61 | 23.12 11.49 11.63 | 23.62 11.52 12.10,https://racing.hkjc.com/en-us/local/information/archive/localresults?racedate=2026/01/18&racecourse=ST&RaceNo=4,false
2026-01-18_ST_05,2026-01-18_ST,2026-01-18,ST,5,358,Class 4,Class 4 - 1200M - (60-40),1200,60-40,GOOD TO FIRM,"TURF - ""A"" Course",CYCLING 1200M HANDICAP,1170000,23.47 | 22.15 10.87 11.28 | 23.01 11.45 11.56,https://racing.hkjc.com/en-us/local/information/archive/localresults?racedate=2026/01/18&racecourse=ST&RaceNo=5,false
2026-01-18_ST_06,2026-01-18_ST,2026-01-18,ST,6,359,Class 4,Class 4 - 1400M - (60-40),1400,60-40,GOOD TO FIRM,"TURF - ""A"" Course",SWIMMING 1400M HANDICAP,1170000,13.74 | 21.73 | 23.44 11.67 11.77 | 23.43 11.66 11.77,https://racing.hkjc.com/en-us/local/information/archive/localresults?racedate=2026/01/18&racecourse=ST&RaceNo=6,false
2026-01-18_ST_07,2026-01-18_ST,2026-01-18,ST,7,360,Class 4,Class 4 - 1600M - (60-40),1600,60-40,GOOD TO FIRM,"TURF - ""A"" Course",TRIATHLON 1600M HANDICAP,1170000,24.90 | 22.78 | 23.43 11.74 11.69 | 23.43 11.65 11.78,https://racing.hkjc.com/en-us/local/information/archive/localresults?racedate=2026/01/18&racecourse=ST&RaceNo=7,false
2026-01-18_ST_08,2026-01-18_ST,2026-01-18,ST,8,361,Class 3,Class 3 - 1200M - (80-60),1200,80-60,GOOD TO FIRM,"TURF - ""A"" Course",SAILING 1200M HANDICAP,1860000,23.84 | 22.07 10.87 11.20 | 23.06 11.28 11.78,https://racing.hkjc.com/en-us/local/information/archive/localresults?racedate=2026/01/18&racecourse=ST&RaceNo=8,false
2026-01-18_ST_09,2026-01-18_ST,2026-01-18,ST,9,362,Class 3,Class 3 - 1400M - (80-60),1400,80-60,GOOD TO FIRM,"TURF - ""A"" Course",FENCING 1400M HANDICAP,1860000,13.49 | 21.61 | 23.14 11.46 11.68 | 23.45 11.52 11.93,https://racing.hkjc.com/en-us/local/information/archive/localresults?racedate=2026/01/18&racecourse=ST&RaceNo=9,false
2026-01-18_ST_10,2026-01-18_ST,2026-01-18,ST,10,363,Class 3,Class 3 - 1400M - (80-60),1400,80-60,GOOD TO FIRM,"TURF - ""A"" Course",FENCING 1400M HANDICAP,1860000,13.38 | 22.08 | 23.13 11.60 11.53 | 22.71 11.04 11.67,https://racing.hkjc.com/en-us/local/information/archive/localresults?racedate=2026/01/18&racecourse=ST&RaceNo=10,false
2026-01-18_ST_11,2026-01-18_ST,2026-01-18,ST,11,364,Class 3,Class 3 - 1600M - (80-60),1600,80-60,GOOD TO FIRM,"TURF - ""A"" Course",TENNIS 1600M HANDICAP,2050000,24.57 | 22.74 | 23.54 11.91 11.63 | 23.68 11.72 11.96,https://racing.hkjc.com/en-us/local/information/archive/localresults?racedate=2026/01/18&racecourse=ST&RaceNo=11,false
2026-01-21_ST_01,2026-01-21_ST,2026-01-21,ST,1,365,Class 5,Class 5 - 1200M - (40-0),1200,40-0,GOOD,ALL WEATHER TRACK,KAM SHAN HANDICAP,875000,23.73 | 22.21 10.74 11.47 | 23.66 11.69 11.97,https://racing.hkjc.com/en-us/local/information/archive/localresults?racedate=2026/01/21&racecourse=ST&RaceNo=1,false
2026-01-21_ST_02,2026-01-21_ST,2026-01-21,ST,2,366,Class 5,Class 5 - 1650M - (40-0),1650,40-0,GOOD,ALL WEATHER TRACK,SILVERMINE BAY HANDICAP,875000,28.29 | 22.73 | 23.99 11.82 12.17 | 23.97 11.75 12.22,https://racing.hkjc.com/en-us/local/information/archive/localresults?racedate=2026/01/21&racecourse=ST&RaceNo=2,false
2026-01-21_ST_03,2026-01-21_ST,2026-01-21,ST,3,367,Class 4,Class 4 - 1200M - (60-40),1200,60-40,GOOD,ALL WEATHER TRACK,MARBLE HANDICAP,1170000,23.64 | 22.22 10.79 11.43 | 22.49 10.93 11.56,https://racing.hkjc.com/en-us/local/information/archive/localresults?racedate=2026/01/21&racecourse=ST&RaceNo=3,false
2026-01-21_ST_04,2026-01-21_ST,2026-01-21,ST,4,368,Class 2,Class 2 - 1650M - (105-80),1650,105-80,GOOD,ALL WEATHER TRACK,TIN CHAK HANDICAP,3120000,29.00 | 23.45 | 23.05 11.55 11.50 | 22.75 11.14 11.61,https://racing.hkjc.com/en-us/local/information/archive/localresults?racedate=2026/01/21&racecourse=ST&RaceNo=4,false
2026-01-21_ST_05,2026-01-21_ST,2026-01-21,ST,5,369,Class 4,Class 4 - 1200M - (60-40),1200,60-40,GOOD,ALL WEATHER TRACK,MARBLE HANDICAP,1170000,23.42 | 22.09 10.58 11.51 | 23.32 11.45 11.87,https://racing.hkjc.com/en-us/local/information/archive/localresults?racedate=2026/01/21&racecourse=ST&RaceNo=5,false
2026-01-21_ST_06,2026-01-21_ST,2026-01-21,ST,6,370,Class 4,Class 4 - 1800M - (60-40),1800,60-40,GOOD,ALL WEATHER TRACK,PO SHEK WU HANDICAP,1170000,13.51 | 22.83 | 24.06 | 23.97 12.17 11.80 | 23.25 11.27 11.98,https://racing.hkjc.com/en-us/local/information/archive/localresults?racedate=2026/01/21&racecourse=ST&RaceNo=6,false
2026-01-21_ST_07,2026-01-21_ST,2026-01-21,ST,7,371,Class 4,Class 4 - 1650M - (60-40),1650,60-40,GOOD,ALL WEATHER TRACK,DIAMOND HILL HANDICAP,1170000,28.18 | 22.52 | 23.50 11.51 11.99 | 24.22 11.93 12.29,https://racing.hkjc.com/en-us/local/information/archive/localresults?racedate=2026/01/21&racecourse=ST&RaceNo=7,false
2026-01-21_ST_08,2026-01-21_ST,2026-01-21,ST,8,372,Class 3,Class 3 - 1200M - (80-60),1200,80-60,GOOD,ALL WEATHER TRACK,SHUI CHUEN O HANDICAP,1860000,23.08 | 21.50 10.31 11.19 | 23.34 11.47 11.87,https://racing.hkjc.com/en-us/local/information/archive/localresults?racedate=2026/01/21&racecourse=ST&RaceNo=8,false
2026-01-21_ST_09,2026-01-21_ST,2026-01-21,ST,9,373,Class 3,Class 3 - 1650M - (80-60),1650,80-60,GOOD,ALL WEATHER TRACK,GREEN ISLAND HANDICAP,2050000,28.13 | 22.97 | 24.11 11.86 12.25 | 23.08 11.43 11.65,https://racing.hkjc.com/en-us/local/information/archive/localresults?racedate=2026/01/21&racecourse=ST&RaceNo=9,false
2026-01-25_ST_01,2026-01-25_ST,2026-01-25,ST,1,374,Class 4,Class 4 - 1000M - (60-40),1000,60-40,GOOD,"TURF - ""A+3"" Course",PENIAPHOBIA HANDICAP,1170000,12.92 | 21.05 10.21 10.84 | 22.76 10.98 11.78,https://racing.hkjc.com/en-us/local/information/archive/localresults?racedate=2026/01/25&racecourse=ST&RaceNo=1,false
2026-01-25_ST_02,2026-01-25_ST,2026-01-25,ST,2,375,Class 4,Class 4 - 1200M - (60-40),1200,60-40,GOOD,"TURF - ""A+3"" Course",BEAT THE CLOCK HANDICAP,1170000,23.79 | 22.46 11.00 11.46 | 22.91 11.11 11.80,https://racing.hkjc.com/en-us/local/information/archive/localresults?racedate=2026/01/25&racecourse=ST&RaceNo=2,false
2026-01-25_ST_03,2026-01-25_ST,2026-01-25,ST,3,376,Class 2,Class 2 - 2000M - (95-70),2000,95-70,GOOD TO FIRM,"TURF - ""A+3"" Course",AMBITIOUS DRAGON HANDICAP,3120000,26.39 | 24.21 | 23.49 | 23.30 11.72 11.58 | 23.44 11.40 12.04,https://racing.hkjc.com/en-us/local/information/archive/localresults?racedate=2026/01/25&racecourse=ST&RaceNo=3,false
2026-01-25_ST_04,2026-01-25_ST,2026-01-25,ST,4,377,Class 4,Class 4 - 1200M - (60-40),1200,60-40,GOOD TO FIRM,"TURF - ""A+3"" Course",MR VITALITY HANDICAP,1170000,23.55 | 22.47 11.09 11.38 | 22.95 11.22 11.73,https://racing.hkjc.com/en-us/local/information/archive/localresults?racedate=2026/01/25&racecourse=ST&RaceNo=4,false
2026-01-25_ST_05,2026-01-25_ST,2026-01-25,ST,5,378,Class 4,Class 4 - 1400M - (60-40),1400,60-40,GOOD TO FIRM,"TURF - ""A+3"" Course",SOUND PRINT HANDICAP,1170000,13.19 | 21.55 | 23.18 11.50 11.68 | 23.72 11.70 12.02,https://racing.hkjc.com/en-us/local/information/archive/localresults?racedate=2026/01/25&racecourse=ST&RaceNo=5,false
2026-01-25_ST_06,2026-01-25_ST,2026-01-25,ST,6,379,Group One,Group One - 1200M,1200,,GOOD TO FIRM,"TURF - ""A+3"" Course",THE CENTENARY SPRINT CUP,13000000,23.65 | 22.07 11.10 10.97 | 21.94 10.47 11.47,https://racing.hkjc.com/en-us/local/information/archive/localresults?racedate=2026/01/25&racecourse=ST&RaceNo=6,false
2026-01-25_ST_07,2026-01-25_ST,2026-01-25,ST,7,380,Class 4,Class 4 - 1400M - (60-40),1400,60-40,GOOD TO FIRM,"TURF - ""A+3"" Course",WAIKUKU HANDICAP,1170000,13.24 | 21.27 | 23.10 11.35 11.75 | 23.64 11.63 12.01,https://racing.hkjc.com/en-us/local/information/archive/localresults?racedate=2026/01/25&racecourse=ST&RaceNo=7,false
2026-01-25_ST_08,2026-01-25_ST,2026-01-25,ST,8,381,Group One,Group One - 1600M,1600,,GOOD TO FIRM,"TURF - ""A+3"" Course",THE STEWARDS' CUP,13000000,24.69 | 22.22 | 23.04 11.55 11.49 | 22.65 10.94 11.71,https://racing.hkjc.com/en-us/local/information/archive/localresults?racedate=2026/01/25&racecourse=ST&RaceNo=8,false
2026-01-25_ST_09,2026-01-25_ST,2026-01-25,ST,9,382,Class 2,Class 2 - 1200M - (100-75),1200,100-75,GOOD TO FIRM,"TURF - ""A+3"" Course",ABLE FRIEND HANDICAP,2840000,24.49 | 22.57 11.24 11.33 | 21.95 10.73 11.22,https://racing.hkjc.com/en-us/local/information/archive/localresults?racedate=2026/01/25&racecourse=ST&RaceNo=9,false
2026-01-25_ST_10,2026-01-25_ST,2026-01-25,ST,10,383,Class 3,Class 3 - 1200M - (80-60),1200,80-60,GOOD TO FIRM,"TURF - ""A+3"" Course",AEROVELOCITY HANDICAP,1860000,23.70 | 22.28 11.21 11.07 | 22.63 11.01 11.62,https://racing.hkjc.com/en-us/local/information/archive/localresults?racedate=2026/01/25&racecourse=ST&RaceNo=10,false
2026-01-25_ST_11,2026-01-25_ST,2026-01-25,ST,11,384,Class 3,Class 3 - 1600M - (80-60),1600,80-60,GOOD TO FIRM,"TURF - ""A+3"" Course",BEAUTY GENERATION HANDICAP,2050000,24.25 | 22.45 | 23.62 11.89 11.73 | 23.47 11.47 12.00,https://racing.hkjc.com/en-us/local/information/archive/localresults?racedate=2026/01/25&racecourse=ST&RaceNo=11,false
2026-01-28_HV_01,2026-01-28_HV,2026-01-28,HV,1,385,Class 5,Class 5 - 1000M - (40-0),1000,40-0,GOOD,"TURF - ""C"" Course",FENWICK HANDICAP,875000,12.62 | 21.36 10.27 11.09 | 23.00 11.29 11.71,https://racing.hkjc.com/en-us/local/information/archive/localresults?racedate=2026/01/28&racecourse=HV&RaceNo=1,false
2026-01-28_HV_02,2026-01-28_HV,2026-01-28,HV,2,386,Class 5,Class 5 - 1650M - (40-0),1650,40-0,GOOD TO FIRM,"TURF - ""C"" Course",FLEMING HANDICAP,875000,28.09 | 23.51 | 23.79 11.86 11.93 | 24.32 11.89 12.43,https://racing.hkjc.com/en-us/local/information/archive/localresults?racedate=2026/01/28&racecourse=HV&RaceNo=2,false
2026-01-28_HV_03,2026-01-28_HV,2026-01-28,HV,3,387,Class 4,Class 4 - 1200M - (60-40),1200,60-40,GOOD TO FIRM,"TURF - ""C"" Course",LOCKHART HANDICAP,1170000,23.68 | 23.29 11.29 12.00 | 22.79 11.14 11.65,https://racing.hkjc.com/en-us/local/information/archive/localresults?racedate=2026/01/28&racecourse=HV&RaceNo=3,false
2026-01-28_HV_04,2026-01-28_HV,2026-01-28,HV,4,388,Class 4,Class 4 - 1000M - (60-40),1000,60-40,GOOD TO FIRM,"TURF - ""C"" Course",THE HONG KONG FOOTBALL CLUB CENTENARY CUP (HANDICAP),1170000,12.44 | 21.56 10.31 11.25 | 22.95 11.53 11.42,https://racing.hkjc.com/en-us/local/information/archive/localresults?racedate=2026/01/28&racecourse=HV&RaceNo=4,false
2026-01-28_HV_05,2026-01-28_HV,2026-01-28,HV,5,389,Class 4,Class 4 - 1650M - (60-40),1650,60-40,GOOD TO FIRM,"TURF - ""C"" Course",JAFFE HANDICAP,1170000,27.14 | 22.35 | 24.75 12.27 12.48 | 24.48 12.61 11.87,https://racing.hkjc.com/en-us/local/information/archive/localresults?racedate=2026/01/28&racecourse=HV&RaceNo=5,false
2026-01-28_HV_06,2026-01-28_HV,2026-01-28,HV,6,390,Class 4,Class 4 - 1200M - (60-40),1200,60-40,GOOD TO FIRM,"TURF - ""C"" Course",LOCKHART HANDICAP,1170000,23.66 | 23.13 11.44 11.69 | 22.86 11.22 11.64,https://racing.hkjc.com/en-us/local/information/archive/localresults?racedate=2026/01/28&racecourse=HV&RaceNo=6,false
2026-01-28_HV_07,2026-01-28_HV,2026-01-28,HV,7,391,Class 3,Class 3 - 1200M - (80-60),1200,80-60,GOOD TO FIRM,"TURF - ""C"" Course",SOUTHORN HANDICAP,1860000,23.64 | 22.89 11.10 11.79 | 22.79 11.46 11.33,https://racing.hkjc.com/en-us/local/information/archive/localresults?racedate=2026/01/28&racecourse=HV&RaceNo=7,false
2026-01-28_HV_08,2026-01-28_HV,2026-01-28,HV,8,392,Class 3,Class 3 - 1800M - (85-60),1800,85-60,GOOD TO FIRM,"TURF - ""C"" Course",O'BRIEN HANDICAP,2050000,13.58 | 22.97 | 23.49 | 23.96 11.95 12.01 | 23.79 11.62 12.17,https://racing.hkjc.com/en-us/local/information/archive/localresults?racedate=2026/01/28&racecourse=HV&RaceNo=8,false
2026-01-28_HV_09,2026-01-28_HV,2026-01-28,HV,9,393,Class 3,Class 3 - 1200M - (80-60),1200,80-60,GOOD TO FIRM,"TURF - ""C"" Course",SOUTHORN HANDICAP,1860000,24.06 | 22.38 10.88 11.50 | 22.92 11.34 11.58,https://racing.hkjc.com/en-us/local/information/archive/localresults?racedate=2026/01/28&racecourse=HV&RaceNo=9,false
2026-02-01_ST_01,2026-02-01_ST,2026-02-01,ST,1,394,Class 4,Class 4 - 1000M - (60-40),1000,60-40,GOOD,"TURF - ""B+2"" Course",CLEAR WATER BAY HANDICAP,1170000,13.11 | 21.11 10.39 10.72 | 23.14 11.16 11.98,https://racing.hkjc.com/en-us/local/information/archive/localresults?racedate=2026/02/01&racecourse=ST&RaceNo=1,false
2026-02-01_ST_02,2026-02-01_ST,2026-02-01,ST,2,395,Class 5,Class 5 - 1200M - (40-0),1200,40-0,GOOD,"TURF - ""B+2"" Course",KIU TSUI HANDICAP,875000,23.72 | 22.45 11.03 11.42 | 23.17 11.37 11.80,https://racing.hkjc.com/en-us/local/information/archive/localresults?racedate=2026/02/01&racecourse=ST&RaceNo=2,false
2026-02-01_ST_03,2026-02-01_ST,2026-02-01,ST,3,396,Class 1,Class 1 - 1400M - (110-85),1400,110-85,GOOD,"TURF - ""B+2"" Course",MIRS BAY HANDICAP,3720000,13.79 | 21.66 | 22.67 11.33 11.34 | 23.00 11.25 11.75,https://racing.hkjc.com/en-us/local/information/archive/localresults?racedate=2026/02/01&racecourse=ST&RaceNo=3,false
2026-02-01_ST_04,2026-02-01_ST,2026-02-01,ST,4,397,Class 4,Class 4 - 1200M - (60-40),1200,60-40,GOOD,"TURF - ""B+2"" Course",LAM TSUEN HANDICAP,1170000,23.68 | 22.25 10.94 11.31 | 23.53 11.45 12.08,https://racing.hkjc.com/en-us/local/information/archive/localresults?racedate=2026/02/01&racecourse=ST&RaceNo=4,false
2026-02-01_ST_05,2026-02-01_ST,2026-02-01,ST,5,398,Class 4,Class 4 - 1200M - (60-40),1200,60-40,GOOD,"TURF - ""B+2"" Course",LAM TSUEN HANDICAP,1170000,23.47 | 22.81 11.23 11.58 | 23.01 11.34 11.67,https://racing.hkjc.com/en-us/local/information/archive/localresults?racedate=2026/02/01&racecourse=ST&RaceNo=5,false
2026-02-01_ST_06,2026-02-01_ST,2026-02-01,ST,6,399,Class 3,Class 3 - 1000M - (80-60),1000,80-60,GOOD,"TURF - ""B+2"" Course",HOI HA HANDICAP,1860000,13.27 | 20.96 10.31 10.65 | 22.69 11.00 11.69,https://racing.hkjc.com/en-us/local/information/archive/localresults?racedate=2026/02/01&racecourse=ST&RaceNo=6,false
2026-02-01_ST_07,2026-02-01_ST,2026-02-01,ST,7,400,Class 4,Class 4 - 1600M - (60-40),1600,60-40,GOOD,"TURF - ""B+2"" Course",LONG VALLEY HANDICAP,1170000,24.63 | 22.76 | 23.66 11.77 11.89 | 23.27 11.59 11.68,https://racing.hkjc.com/en-us/local/information/archive/localresults?racedate=2026/02/01&racecourse=ST&RaceNo=7,false
2026-02-01_ST_08,2026-02-01_ST,2026-02-01,ST,8,401,4 Year Olds,4 Year Olds - 1600M,1600,,GOOD,"TURF - ""B+2"" Course",THE HONG KONG CLASSIC MILE,13000000,24.33 | 22.09 | 23.70 11.98 11.72 | 23.19 11.55 11.64,https://racing.hkjc.com/en-us/local/information/archive/localresults?racedate=2026/02/01&racecourse=ST&RaceNo=8,false
2026-02-01_ST_09,2026-02-01_ST,2026-02-01,ST,9,402,Class 4,Class 4 - 1400M - (60-40),1400,60-40,GOOD,"TURF - ""B+2"" Course",ROBIN'S NEST HANDICAP,1170000,13.55 | 21.64 | 22.82 11.44 11.38 | 23.38 11.60 11.78,https://racing.hkjc.com/en-us/local/information/archive/localresults?racedate=2026/02/01&racecourse=ST&RaceNo=9,false
2026-02-01_ST_10,2026-02-01_ST,2026-02-01,ST,10,403,Class 3,Class 3 - 1600M - (85-60),1600,85-60,GOOD,"TURF - ""B+2"" Course",KAT O HANDICAP,2050000,24.51 | 22.73 | 23.38 11.75 11.63 | 23.20 11.61 11.59,https://racing.hkjc.com/en-us/local/information/archive/localresults?racedate=2026/02/01&racecourse=ST&RaceNo=10,false
2026-02-01_ST_11,2026-02-01_ST,2026-02-01,ST,11,404,Class 3,Class 3 - 1400M - (85-60),1400,85-60,GOOD,"TURF - ""B+2"" Course",YAN CHAU TONG HANDICAP,1860000,13.53 | 21.76 | 23.01 11.61 11.40 | 22.97 11.31 11.66,https://racing.hkjc.com/en-us/local/information/archive/localresults?racedate=2026/02/01&racecourse=ST&RaceNo=11,false
2026-02-04_HV_01,2026-02-04_HV,2026-02-04,HV,1,405,Class 4,Class 4 - 1200M - (60-40),1200,60-40,GOOD TO FIRM,"TURF - ""C+3"" Course",WANG TAK HANDICAP,1170000,23.62 | 22.58 11.19 11.39 | 23.14 11.44 11.70,https://racing.hkjc.com/en-us/local/information/archive/localresults?racedate=2026/02/04&racecourse=HV&RaceNo=1,false
2026-02-04_HV_02,2026-02-04_HV,2026-02-04,HV,2,406,Class 4,Class 4 - 1200M - (60-40),1200,60-40,GOOD TO FIRM,"TURF - ""C+3"" Course",WANG TAK HANDICAP,1170000,23.56 | 22.72 11.14 11.58 | 23.12 11.77 11.35,https://racing.hkjc.com/en-us/local/information/archive/localresults?racedate=2026/02/04&racecourse=HV&RaceNo=2,false
2026-02-04_HV_03,2026-02-04_HV,2026-02-04,HV,3,407,Class 2,Class 2 - 1650M - (105-80),1650,105-80,GOOD TO FIRM,"TURF - ""C+3"" Course",SHAN KWONG HANDICAP,3120000,27.98 | 23.11 | 23.63 11.95 11.68 | 23.02 11.41 11.61,https://racing.hkjc.com/en-us/local/information/archive/localresults?racedate=2026/02/04&racecourse=HV&RaceNo=3,false
2026-02-04_HV_04,2026-02-04_HV,2026-02-04,HV,4,408,Class 4,Class 4 - 1800M - (60-40),1800,60-40,GOOD TO FIRM,"TURF - ""C+3"" Course",YUK SAU HANDICAP,1170000,13.67 | 23.05 | 23.65 | 24.12 12.14 11.98 | 24.00 12.05 11.95,https://racing.hkjc.com/en-us/local/information/archive/localresults?racedate=2026/02/04&racecourse=HV&RaceNo=4,false
2026-02-04_HV_05,2026-02-04_HV,2026-02-04,HV,5,409,Class 4,Class 4 - 1650M - (60-40),1650,60-40,GOOD TO FIRM,"TURF - ""C+3"" Course",YIK YAM HANDICAP,1170000,27.63 | 23.71 | 24.39 12.28 12.11 | 23.57 11.80 11.77,https://racing.hkjc.com/en-us/local/information/archive/localresults?racedate=2026/02/04&racecourse=HV&RaceNo=5,false
2026-02-04_HV_06,2026-02-04_HV,2026-02-04,HV,6,410,Class 3,Class 3 - 1000M - (80-60),1000,80-60,GOOD TO FIRM,"TURF - ""C+3"" Course",KING KWONG HANDICAP,1860000,12.36 | 21.04 10.51 10.53 | 22.85 11.06 11.79,https://racing.hkjc.com/en-us/local/information/archive/localresults?racedate=2026/02/04&racecourse=HV&RaceNo=6,false
2026-02-04_HV_07,2026-02-04_HV,2026-02-04,HV,7,411,Class 3,Class 3 - 1200M - (80-60),1200,80-60,GOOD TO FIRM,"TURF - ""C+3"" Course",SING WOO HANDICAP,1860000,23.48 | 22.71 11.16 11.55 | 23.12 11.44 11.68,https://racing.hkjc.com/en-us/local/information/archive/localresults?racedate=2026/02/04&racecourse=HV&RaceNo=7,false
2026-02-04_HV_08,2026-02-04_HV,2026-02-04,HV,8,412,Class 2,Class 2 - 1200M - (105-80),1200,105-80,GOOD TO FIRM,"TURF - ""C+3"" Course",BLUE POOL HANDICAP,2840000,23.31 | 22.40 10.93 11.47 | 22.93 11.46 11.47,https://racing.hkjc.com/en-us/local/information/archive/localresults?racedate=2026/02/04&racecourse=HV&RaceNo=8,false
2026-02-04_HV_09,2026-02-04_HV,2026-02-04,HV,9,413,Class 3,Class 3 - 1650M - (80-60),1650,80-60,GOOD TO FIRM,"TURF - ""C+3"" Course",TSUI MAN HANDICAP,2050000,28.32 | 23.63 | 23.67 11.88 11.79 | 23.38 11.56 11.82,https://racing.hkjc.com/en-us/local/information/archive/localresults?racedate=2026/02/04&racecourse=HV&RaceNo=9,false
2026-02-08_ST_01,2026-02-08_ST,2026-02-08,ST,1,414,Class 5,Class 5 - 1400M - (40-0),1400,40-0,GOOD,"TURF - ""C"" Course",FU TAI HANDICAP,875000,13.57 | 21.46 | 23.58 11.64 11.94 | 24.11 11.91 12.20,https://racing.hkjc.com/en-us/local/information/archive/localresults?racedate=2026/02/08&racecourse=ST&RaceNo=1,false
2026-02-08_ST_02,2026-02-08_ST,2026-02-08,ST,2,415,Class 4,Class 4 - 1200M - (60-40),1200,60-40,GOOD,ALL WEATHER TRACK,LUNG YAT HANDICAP,1170000,23.36 | 22.85 11.09 11.76 | 22.81 11.19 11.62,https://racing.hkjc.com/en-us/local/information/archive/localresults?racedate=2026/02/08&racecourse=ST&RaceNo=2,false
2026-02-08_ST_03,2026-02-08_ST,2026-02-08,ST,3,416,Class 4,Class 4 - 1400M - (60-40),1400,60-40,GOOD,"TURF - ""C"" Course",ON TING HANDICAP,1170000,13.16 | 21.27 | 23.42 11.67 11.75 | 23.71 11.72 11.99,https://racing.hkjc.com/en-us/local/information/archive/localresults?racedate=2026/02/08&racecourse=ST&RaceNo=3,false
2026-02-08_ST_04,2026-02-08_ST,2026-02-08,ST,4,417,Class 4,Class 4 - 1200M - (60-40),1200,60-40,GOOD,ALL WEATHER TRACK,LUNG YAT HANDICAP,1170000,23.15 | 21.57 10.26 11.31 | 23.59 11.47 12.12,https://racing.hkjc.com/en-us/local/information/archive/localresults?racedate=2026/02/08&racecourse=ST&RaceNo=4,false
2026-02-08_ST_05,2026-02-08_ST,2026-02-08,ST,5,418,Class 4,Class 4 - 1400M - (60-40),1400,60-40,GOOD,"TURF - ""C"" Course",ON TING HANDICAP,1170000,13.40 | 21.21 | 23.49 11.59 11.90 | 23.85 11.55 12.30,https://racing.hkjc.com/en-us/local/information/archive/localresults?racedate=2026/02/08&racecourse=ST&RaceNo=5,false
2026-02-08_ST_06,2026-02-08_ST,2026-02-08,ST,6,419,Class 4,Class 4 - 1200M - (60-40),1200,60-40,GOOD,"TURF - ""C"" Course",THE YAN OI TONG CUP (HANDICAP),1170000,23.71 | 22.47 11.11 11.36 | 23.18 11.24 11.94,https://racing.hkjc.com/en-us/local/information/archive/localresults?racedate=2026/02/08&racecourse=ST&RaceNo=6,false
2026-02-08_ST_07,2026-02-08_ST,2026-02-08,ST,7,420,Class 3,Class 3 - 1200M - (80-60),1200,80-60,GOOD,"TURF - ""C"" Course",TAI HING HANDICAP,1860000,23.44 | 22.93 11.38 11.55 | 22.81 11.30 11.51,https://racing.hkjc.com/en-us/local/information/archive/localresults?racedate=2026/02/08&racecourse=ST&RaceNo=7,false
2026-02-08_ST_08,2026-02-08_ST,2026-02-08,ST,8,421,Group Three,Group Three - 1800M,1800,,GOOD,"TURF - ""C"" Course",THE CENTENARY VASE (HANDICAP),4200000,13.81 | 22.60 | 23.44 | 23.15 11.56 11.59 | 23.36 11.35 12.01,https://racing.hkjc.com/en-us/local/information/archive/localresults?racedate=2026/02/08&racecourse=ST&RaceNo=8,false
2026-02-08_ST_09,2026-02-08_ST,2026-02-08,ST,9,422,Class 3,Class 3 - 1200M - (85-60),1200,85-60,GOOD,ALL WEATHER TRACK,WU KING HANDICAP,1860000,23.24 | 21.40 10.53 10.87 | 23.11 11.26 11.85,https://racing.hkjc.com/en-us/local/information/archive/localresults?racedate=2026/02/08&racecourse=ST&RaceNo=9,false
2026-02-08_ST_10,2026-02-08_ST,2026-02-08,ST,10,423,Class 3,Class 3 - 1400M - (80-60),1400,80-60,GOOD,"TURF - ""C"" Course",YAN TIN HANDICAP,1860000,13.63 | 21.70 | 22.88 11.36 11.52 | 23.37 11.44 11.93,https://racing.hkjc.com/en-us/local/information/archive/localresults?racedate=2026/02/08&racecourse=ST&RaceNo=10,false
2026-02-08_ST_11,2026-02-08_ST,2026-02-08,ST,11,424,Class 3,Class 3 - 1800M - (85-60),1800,85-60,GOOD,"TURF - ""C"" Course",YAU OI HANDICAP,2050000,13.94 | 23.15 | 24.41 | 23.37 11.76 11.61 | 23.20 11.46 11.74,https://racing.hkjc.com/en-us/local/information/archive/localresults?racedate=2026/02/08&racecourse=ST&RaceNo=11,false
2026-02-11_HV_01,2026-02-11_HV,2026-02-11,HV,1,425,Class 5,Class 5 - 1650M - (40-0),1650,40-0,GOOD TO FIRM,"TURF - ""A"" Course",NG FONG HANDICAP,875000,27.17 | 23.56 | 24.05 11.89 12.16 | 24.15 11.94 12.21,https://racing.hkjc.com/en-us/local/information/archive/localresults?racedate=2026/02/11&racecourse=HV&RaceNo=1,false
2026-02-11_HV_02,2026-02-11_HV,2026-02-11,HV,2,426,Class 5,Class 5 - 1000M - (40-0),1000,40-0,GOOD TO FIRM,"TURF - ""A"" Course",SHUNG LING HANDICAP,875000,12.59 | 21.57 10.36 11.21 | 22.68 11.23 11.45,https://racing.hkjc.com/en-us/local/information/archive/localresults?racedate=2026/02/11&racecourse=HV&RaceNo=2,false
2026-02-11_HV_03,2026-02-11_HV,2026-02-11,HV,3,427,Class 4,Class 4 - 1650M - (60-40),1650,60-40,GOOD TO FIRM,"TURF - ""A"" Course",TSEUK LUK HANDICAP,1170000,27.97 | 23.37 | 24.33 12.04 12.29 | 23.98 12.03 11.95,https://racing.hkjc.com/en-us/local/information/archive/localresults?racedate=2026/02/11&racecourse=HV&RaceNo=3,false
2026-02-11_HV_04,2026-02-11_HV,2026-02-11,HV,4,428,Class 4,Class 4 - 1200M - (60-40),1200,60-40,GOOD TO FIRM,"TURF - ""A"" Course",SHEUNG HEI HANDICAP,1170000,23.51 | 22.59 10.78 11.81 | 23.65 11.84 11.81,https://racing.hkjc.com/en-us/local/information/archive/localresults?racedate=2026/02/11&racecourse=HV&RaceNo=4,false
2026-02-11_HV_05,2026-02-11_HV,2026-02-11,HV,5,429,Class 4,Class 4 - 1000M - (60-40),1000,60-40,GOOD TO FIRM,"TURF - ""A"" Course",SZE MEI HANDICAP,1170000,12.66 | 21.40 10.30 11.10 | 22.83 11.40 11.43,https://racing.hkjc.com/en-us/local/information/archive/localresults?racedate=2026/02/11&racecourse=HV&RaceNo=5,false
2026-02-11_HV_06,2026-02-11_HV,2026-02-11,HV,6,430,Class 3,Class 3 - 1650M - (80-60),1650,80-60,GOOD TO FIRM,"TURF - ""A"" Course",THE CONSENSUS CUP (HANDICAP),2050000,27.52 | 23.05 | 23.91 11.86 12.05 | 23.96 11.89 12.07,https://racing.hkjc.com/en-us/local/information/archive/localresults?racedate=2026/02/11&racecourse=HV&RaceNo=6,false
2026-02-11_HV_07,2026-02-11_HV,2026-02-11,HV,7,431,Class 4,Class 4 - 1200M - (60-40),1200,60-40,GOOD TO FIRM,"TURF - ""A"" Course",SHEUNG HEI HANDICAP,1170000,23.36 | 22.76 11.05 11.71 | 23.61 11.77 11.84,https://racing.hkjc.com/en-us/local/information/archive/localresults?racedate=2026/02/11&racecourse=HV&RaceNo=7,false
2026-02-11_HV_08,2026-02-11_HV,2026-02-11,HV,8,432,Class 3,Class 3 - 1200M - (80-60),1200,80-60,GOOD TO FIRM,"TURF - ""A"" Course",SAM CHUK HANDICAP,1860000,23.88 | 22.31 10.90 11.41 | 23.02 11.42 11.60,https://racing.hkjc.com/en-us/local/information/archive/localresults?racedate=2026/02/11&racecourse=HV&RaceNo=8,false
2026-02-11_HV_09,2026-02-11_HV,2026-02-11,HV,9,433,Class 3,Class 3 - 1200M - (80-60),1200,80-60,GOOD TO FIRM,"TURF - ""A"" Course",SAM CHUK HANDICAP,1860000,23.58 | 22.55 10.92 11.63 | 23.31 11.48 11.83,https://racing.hkjc.com/en-us/local/information/archive/localresults?racedate=2026/02/11&racecourse=HV&RaceNo=9,false
2026-02-14_ST_01,2026-02-14_ST,2026-02-14,ST,1,434,Class 4,Class 4 - 1200M - (60-40),1200,60-40,GOOD TO FIRM,"TURF - ""C+3"" Course",TVB LOK SIN TONG CHARITY CORNER HANDICAP,1170000,23.48 | 22.32 10.98 11.34 | 23.55 11.44 12.11,https://racing.hkjc.com/en-us/local/information/archive/localresults?racedate=2026/02/14&racecourse=ST&RaceNo=1,false
2026-02-14_ST_02,2026-02-14_ST,2026-02-14,ST,2,435,Class 4,Class 4 - 1400M - (60-40),1400,60-40,GOOD TO FIRM,"TURF - ""C+3"" Course",TVB YAN OI TONG CHARITY SHOW HANDICAP,1170000,13.45 | 21.83 | 23.15 11.78 11.37 | 23.15 11.28 11.87,https://racing.hkjc.com/en-us/local/information/archive/localresults?racedate=2026/02/14&racecourse=ST&RaceNo=2,false
2026-02-14_ST_03,2026-02-14_ST,2026-02-14,ST,3,436,Class 3,Class 3 - 1200M - (80-60),1200,80-60,GOOD TO FIRM,"TURF - ""C+3"" Course",TVB YAN CHAI CHARITY SHOW HANDICAP,1860000,23.67 | 22.37 11.07 11.30 | 22.90 11.15 11.75,https://racing.hkjc.com/en-us/local/information/archive/localresults?racedate=2026/02/14&racecourse=ST&RaceNo=3,false
2026-02-14_ST_04,2026-02-14_ST,2026-02-14,ST,4,437,Class 4,Class 4 - 1800M - (60-40),1800,60-40,GOOD TO FIRM,"TURF - ""C+3"" Course",TVB POK OI CHARITY SHOW HANDICAP,1170000,13.89 | 22.38 | 23.58 | 24.43 12.43 12.00 | 23.52 11.73 11.79,https://racing.hkjc.com/en-us/local/information/archive/localresults?racedate=2026/02/14&racecourse=ST&RaceNo=4,false
2026-02-14_ST_05,2026-02-14_ST,2026-02-14,ST,5,438,Class 3,Class 3 - 1650M - (85-60),1650,85-60,GOOD,ALL WEATHER TRACK,TVB LO AND BEHOLD HANDICAP,2050000,27.47 | 22.69 | 23.55 11.56 11.99 | 24.06 11.96 12.10,https://racing.hkjc.com/en-us/local/information/archive/localresults?racedate=2026/02/14&racecourse=ST&RaceNo=5,false
2026-02-14_ST_06,2026-02-14_ST,2026-02-14,ST,6,439,Class 4,Class 4 - 1650M - (60-40),1650,60-40,GOOD,ALL WEATHER TRACK,TVB THE QUEEN OF NEWS HANDICAP,1170000,27.71 | 22.67 | 23.87 11.79 12.08 | 24.04 11.98 12.06,https://racing.hkjc.com/en-us/local/information/archive/localresults?racedate=2026/02/14&racecourse=ST&RaceNo=6,false
2026-02-14_ST_07,2026-02-14_ST,2026-02-14,ST,7,440,Class 2,Class 2 - 1200M - (105-80),1200,105-80,GOOD TO FIRM,"TURF - ""C+3"" Course",THE TVB CUP (HANDICAP),2840000,23.30 | 21.97 10.88 11.09 | 23.14 11.48 11.66,https://racing.hkjc.com/en-us/local/information/archive/localresults?racedate=2026/02/14&racecourse=ST&RaceNo=7,false
2026-02-14_ST_08,2026-02-14_ST,2026-02-14,ST,8,441,Class 4,Class 4 - 1400M - (60-40),1400,60-40,GOOD TO FIRM,"TURF - ""C+3"" Course",TVB SCOOP HANDICAP,1170000,13.72 | 22.10 | 23.40 11.63 11.77 | 22.94 11.32 11.62,https://racing.hkjc.com/en-us/local/information/archive/localresults?racedate=2026/02/14&racecourse=ST&RaceNo=8,false
2026-02-14_ST_09,2026-02-14_ST,2026-02-14,ST,9,442,Class 3,Class 3 - 1000M - (80-60),1000,80-60,GOOD TO FIRM,"TURF - ""C+3"" Course","TVB MIDLIFE, SING & SHINE HANDICAP",1860000,13.06 | 20.22 09.89 10.33 | 22.19 10.65 11.54,https://racing.hkjc.com/en-us/local/information/archive/localresults?racedate=2026/02/14&racecourse=ST&RaceNo=9,false
2026-02-14_ST_10,2026-02-14_ST,2026-02-14,ST,10,443,Class 3 (Restricted),Class 3 (Restricted) - 1600M - (85-60),1600,85-60,GOOD TO FIRM,"TURF - ""C+3"" Course",TVB MISS HONG KONG PAGEANT HANDICAP,2050000,24.97 | 22.85 | 23.62 11.88 11.74 | 22.89 11.22 11.67,https://racing.hkjc.com/en-us/local/information/archive/localresults?racedate=2026/02/14&racecourse=ST&RaceNo=10,false
2026-02-19_ST_01,2026-02-19_ST,2026-02-19,ST,1,444,Class 5,Class 5 - 1200M - (40-0),1200,40-0,GOOD,"TURF - ""A"" Course",KUNG HEI HANDICAP,875000,23.70 | 22.83 11.20 11.63 | 23.33 11.31 12.02,https://racing.hkjc.com/en-us/local/information/archive/localresults?racedate=2026/02/19&racecourse=ST&RaceNo=1,false
2026-02-19_ST_02,2026-02-19_ST,2026-02-19,ST,2,445,Class 4,Class 4 - 1200M - (60-40),1200,60-40,GOOD,"TURF - ""A"" Course",FAT CHOI HANDICAP,1170000,23.91 | 22.45 11.18 11.27 | 22.87 11.21 11.66,https://racing.hkjc.com/en-us/local/information/archive/localresults?racedate=2026/02/19&racecourse=ST&RaceNo=2,false
2026-02-19_ST_03,2026-02-19_ST,2026-02-19,ST,3,446,Class 4,Class 4 - 1600M - (60-40),1600,60-40,GOOD,"TURF - ""A"" Course",LUCKY STAR HANDICAP,1170000,24.69 | 23.02 | 23.74 12.00 11.74 | 23.69 11.51 12.18,https://racing.hkjc.com/en-us/local/information/archive/localresults?racedate=2026/02/19&racecourse=ST&RaceNo=3,false
2026-02-19_ST_04,2026-02-19_ST,2026-02-19,ST,4,447,Class 4,Class 4 - 1200M - (60-40),1200,60-40,GOOD,"TURF - ""A"" Course",FAT CHOI HANDICAP,1170000,24.34 | 22.89 11.34 11.55 | 22.45 11.07 11.38,https://racing.hkjc.com/en-us/local/information/archive/localresults?racedate=2026/02/19&racecourse=ST&RaceNo=4,false
2026-02-19_ST_05,2026-02-19_ST,2026-02-19,ST,5,448,Class 4,Class 4 - 1200M - (60-40),1200,60-40,GOOD,"TURF - ""A"" Course",FAT CHOI HANDICAP,1170000,24.01 | 22.69 11.35 11.34 | 22.42 10.94 11.48,https://racing.hkjc.com/en-us/local/information/archive/localresults?racedate=2026/02/19&racecourse=ST&RaceNo=5,false
2026-02-19_ST_06,2026-02-19_ST,2026-02-19,ST,6,449,Class 2,Class 2 - 1600M - (105-80),1600,105-80,GOOD,"TURF - ""A"" Course",THE YEAR OF THE HORSE CUP (HANDICAP),3120000,24.70 | 23.02 | 23.66 11.94 11.72 | 22.57 11.18 11.39,https://racing.hkjc.com/en-us/local/information/archive/localresults?racedate=2026/02/19&racecourse=ST&RaceNo=6,false
2026-02-19_ST_07,2026-02-19_ST,2026-02-19,ST,7,450,Class 4,Class 4 - 1400M - (60-40),1400,60-40,GOOD,"TURF - ""A"" Course",PROSPERITY HANDICAP,1170000,13.57 | 21.61 | 22.95 11.42 11.53 | 23.25 11.27 11.98,https://racing.hkjc.com/en-us/local/information/archive/localresults?racedate=2026/02/19&racecourse=ST&RaceNo=7,false
2026-02-19_ST_08,2026-02-19_ST,2026-02-19,ST,8,451,Class 3,Class 3 - 1200M - (80-60),1200,80-60,GOOD,"TURF - ""A"" Course",YUE YEE HANDICAP,1860000,23.54 | 21.99 10.83 11.16 | 23.00 11.28 11.72,https://racing.hkjc.com/en-us/local/information/archive/localresults?racedate=2026/02/19&racecourse=ST&RaceNo=8,false
2026-02-19_ST_09,2026-02-19_ST,2026-02-19,ST,9,452,Class 3,Class 3 - 2000M - (85-60),2000,85-60,GOOD,"TURF - ""A"" Course",RED PACKET HANDICAP,2050000,25.54 | 24.18 | 23.84 | 23.36 11.73 11.63 | 24.04 11.65 12.39,https://racing.hkjc.com/en-us/local/information/archive/localresults?racedate=2026/02/19&racecourse=ST&RaceNo=9,false
2026-02-19_ST_10,2026-02-19_ST,2026-02-19,ST,10,453,Class 3,Class 3 - 1200M - (80-60),1200,80-60,GOOD,"TURF - ""A"" Course",YUE YEE HANDICAP,1860000,24.49 | 22.54 11.26 11.28 | 22.01 10.81 11.20,https://racing.hkjc.com/en-us/local/information/archive/localresults?racedate=2026/02/19&racecourse=ST&RaceNo=10,false
2026-02-19_ST_11,2026-02-19_ST,2026-02-19,ST,11,454,Class 3,Class 3 - 1400M - (80-60),1400,80-60,GOOD,"TURF - ""A"" Course",KUT CHEONG HANDICAP,1860000,13.52 | 22.70 | 23.04 11.69 11.35 | 22.51 11.00 11.51,https://racing.hkjc.com/en-us/local/information/archive/localresults?racedate=2026/02/19&racecourse=ST&RaceNo=11,false
2026-02-22_ST_01,2026-02-22_ST,2026-02-22,ST,1,455,Class 4,Class 4 - 1000M - (60-40),1000,60-40,GOOD,"TURF - ""A+3"" Course",DAFFODIL HANDICAP,1170000,12.94 | 20.45 10.03 10.42 | 22.35 11.04 11.31,https://racing.hkjc.com/en-us/local/information/archive/localresults?racedate=2026/02/22&racecourse=ST&RaceNo=1,false
2026-02-22_ST_02,2026-02-22_ST,2026-02-22,ST,2,456,Class 4,Class 4 - 1200M - (60-40),1200,60-40,GOOD,"TURF - ""A+3"" Course",GLADIOLUS HANDICAP,1170000,24.00 | 22.58 11.32 11.26 | 22.53 10.94 11.59,https://racing.hkjc.com/en-us/local/information/archive/localresults?racedate=2026/02/22&racecourse=ST&RaceNo=2,false
2026-02-22_ST_03,2026-02-22_ST,2026-02-22,ST,3,457,Class 5,Class 5 - 1800M - (40-0),1800,40-0,GOOD,"TURF - ""A+3"" Course",JASMINE HANDICAP,875000,13.95 | 22.41 | 24.29 | 24.11 11.99 12.12 | 23.38 11.59 11.79,https://racing.hkjc.com/en-us/local/information/archive/localresults?racedate=2026/02/22&racecourse=ST&RaceNo=3,false
2026-02-22_ST_04,2026-02-22_ST,2026-02-22,ST,4,458,Class 2,Class 2 - 1000M - (105-80),1000,105-80,GOOD,"TURF - ""A+3"" Course",ORCHID HANDICAP,2840000,12.90 | 20.23 09.96 10.27 | 22.23 10.68 11.55,https://racing.hkjc.com/en-us/local/information/archive/localresults?racedate=2026/02/22&racecourse=ST&RaceNo=4,false
2026-02-22_ST_05,2026-02-22_ST,2026-02-22,ST,5,459,Class 4,Class 4 - 1200M - (60-40),1200,60-40,GOOD,"TURF - ""A+3"" Course",THE HEUNG YEE KUK CENTENARY CUP (HANDICAP),1170000,23.97 | 23.09 11.73 11.36 | 21.92 10.68 11.24,https://racing.hkjc.com/en-us/local/information/archive/localresults?racedate=2026/02/22&racecourse=ST&RaceNo=5,false
2026-02-22_ST_06,2026-02-22_ST,2026-02-22,ST,6,460,Class 4,Class 4 - 1400M - (60-40),1400,60-40,GOOD,"TURF - ""A+3"" Course",PEACH BLOSSOM HANDICAP,1170000,13.54 | 22.20 | 23.42 11.88 11.54 | 22.25 11.00 11.25,https://racing.hkjc.com/en-us/local/information/archive/localresults?racedate=2026/02/22&racecourse=ST&RaceNo=6,false
2026-02-22_ST_07,2026-02-22_ST,2026-02-22,ST,7,461,Class 4,Class 4 - 1400M - (60-40),1400,60-40,GOOD,"TURF - ""A+3"" Course",PEACH BLOSSOM HANDICAP,1170000,13.49 | 22.25 | 23.12 11.67 11.45 | 22.65 11.29 11.36,https://racing.hkjc.com/en-us/local/information/archive/localresults?racedate=2026/02/22&racecourse=ST&RaceNo=7,false
2026-02-22_ST_08,2026-02-22_ST,2026-02-22,ST,8,462,Group One,Group One - 1400M,1400,,GOOD,"TURF - ""A+3"" Course",THE QUEEN'S SILVER JUBILEE CUP,13000000,13.35 | 21.89 | 22.45 11.26 11.19 | 21.67 10.56 11.11,https://racing.hkjc.com/en-us/local/information/archive/localresults?racedate=2026/02/22&racecourse=ST&RaceNo=8,false
2026-02-22_ST_09,2026-02-22_ST,2026-02-22,ST,9,463,Class 3,Class 3 - 1200M - (80-60),1200,80-60,GOOD,"TURF - ""A+3"" Course",PEONY HANDICAP,1860000,23.79 | 22.43 11.11 11.32 | 22.45 11.20 11.25,https://racing.hkjc.com/en-us/local/information/archive/localresults?racedate=2026/02/22&racecourse=ST&RaceNo=9,false
2026-02-22_ST_10,2026-02-22_ST,2026-02-22,ST,10,464,Class 3,Class 3 - 1600M - (80-60),1600,80-60,GOOD,"TURF - ""A+3"" Course",PRIMULA HANDICAP,2050000,25.18 | 23.28 | 23.29 11.80 11.49 | 22.60 11.10 11.50,https://racing.hkjc.com/en-us/local/information/archive/localresults?racedate=2026/02/22&racecourse=ST&RaceNo=10,false
2026-02-22_ST_11,2026-02-22_ST,2026-02-22,ST,11,465,Class 3,Class 3 - 1400M - (85-60),1400,85-60,GOOD,"TURF - ""A+3"" Course",ROSE HANDICAP,1860000,13.47 | 21.54 | 23.21 11.51 11.70 | 22.50 11.03 11.47,https://racing.hkjc.com/en-us/local/information/archive/localresults?racedate=2026/02/22&racecourse=ST&RaceNo=11,false
2026-02-25_HV_01,2026-02-25_HV,2026-02-25,HV,1,466,Class 5,Class 5 - 1200M - (40-0),1200,40-0,GOOD,"TURF - ""B"" Course",BOWEN HANDICAP,875000,23.46 | 22.33 10.89 11.44 | 23.94 11.72 12.22,https://racing.hkjc.com/en-us/local/information/archive/localresults?racedate=2026/02/25&racecourse=HV&RaceNo=1,false
2026-02-25_HV_02,2026-02-25_HV,2026-02-25,HV,2,467,Class 4,Class 4 - 1200M - (60-40),1200,60-40,GOOD,"TURF - ""B"" Course",KENNEDY HANDICAP,1170000,23.53 | 22.57 11.06 11.51 | 23.47 11.64 11.83,https://racing.hkjc.com/en-us/local/information/archive/localresults?racedate=2026/02/25&racecourse=HV&RaceNo=2,false
2026-02-25_HV_03,2026-02-25_HV,2026-02-25,HV,3,468,Class 2,Class 2 - 1800M - (100-75),1800,100-75,GOOD,"TURF - ""B"" Course",MAGAZINE GAP HANDICAP,3120000,13.81 | 22.88 | 23.25 | 23.84 12.02 11.82 | 24.30 11.99 12.31,https://racing.hkjc.com/en-us/local/information/archive/localresults?racedate=2026/02/25&racecourse=HV&RaceNo=3,false
2026-02-25_HV_04,2026-02-25_HV,2026-02-25,HV,4,469,Class 4,Class 4 - 1200M - (60-40),1200,60-40,GOOD,"TURF - ""B"" Course",KENNEDY HANDICAP,1170000,23.61 | 22.53 10.91 11.62 | 24.01 11.89 12.12,https://racing.hkjc.com/en-us/local/information/archive/localresults?racedate=2026/02/25&racecourse=HV&RaceNo=4,false
2026-02-25_HV_05,2026-02-25_HV,2026-02-25,HV,5,470,Class 4,Class 4 - 1200M - (60-40),1200,60-40,GOOD,"TURF - ""B"" Course",THE VOLUNTEERS' CHALLENGE CUP (HANDICAP),1170000,23.35 | 22.39 10.87 11.52 | 23.71 11.77 11.94,https://racing.hkjc.com/en-us/local/information/archive/localresults?racedate=2026/02/25&racecourse=HV&RaceNo=5,false
2026-02-25_HV_06,2026-02-25_HV,2026-02-25,HV,6,471,Class 4,Class 4 - 1650M - (60-40),1650,60-40,GOOD,"TURF - ""B"" Course",ROBINSON HANDICAP,1170000,28.41 | 23.53 | 24.10 12.11 11.99 | 23.91 11.90 12.01,https://racing.hkjc.com/en-us/local/information/archive/localresults?racedate=2026/02/25&racecourse=HV&RaceNo=6,false
2026-02-25_HV_07,2026-02-25_HV,2026-02-25,HV,7,472,Class 3,Class 3 - 1650M - (80-60),1650,80-60,GOOD,"TURF - ""B"" Course",STUBBS HANDICAP,2050000,27.46 | 23.57 | 23.95 12.01 11.94 | 23.97 11.92 12.05,https://racing.hkjc.com/en-us/local/information/archive/localresults?racedate=2026/02/25&racecourse=HV&RaceNo=7,false
2026-02-25_HV_08,2026-02-25_HV,2026-02-25,HV,8,473,Class 3,Class 3 - 1200M - (80-60),1200,80-60,GOOD,"TURF - ""B"" Course",WAN CHAI GAP HANDICAP,1860000,23.63 | 22.52 10.87 11.65 | 23.12 11.62 11.50,https://racing.hkjc.com/en-us/local/information/archive/localresults?racedate=2026/02/25&racecourse=HV&RaceNo=8,false
2026-02-25_HV_09,2026-02-25_HV,2026-02-25,HV,9,474,Class 3,Class 3 - 1200M - (80-60),1200,80-60,GOOD,"TURF - ""B"" Course",WAN CHAI GAP HANDICAP,1860000,23.44 | 22.88 11.33 11.55 | 23.15 11.46 11.69,https://racing.hkjc.com/en-us/local/information/archive/localresults?racedate=2026/02/25&racecourse=HV&RaceNo=9,false
2026-03-01_ST_01,2026-03-01_ST,2026-03-01,ST,1,475,Class 4,Class 4 - 1800M - (60-40),1800,60-40,GOOD,"TURF - ""B+2"" Course",CITI WEALTH HANDICAP,1170000,13.88 | 22.20 | 23.63 | 24.03 12.20 11.83 | 23.59 11.63 11.96,https://racing.hkjc.com/en-us/local/information/archive/localresults?racedate=2026/03/01&racecourse=ST&RaceNo=1,false
2026-03-01_ST_02,2026-03-01_ST,2026-03-01,ST,2,476,Class 4,Class 4 - 1400M - (60-40),1400,60-40,GOOD,"TURF - ""B+2"" Course",CITI PRIVATE BANK HANDICAP,1170000,13.44 | 21.72 | 22.94 11.39 11.55 | 23.86 11.38 12.48,https://racing.hkjc.com/en-us/local/information/archive/localresults?racedate=2026/03/01&racecourse=ST&RaceNo=2,false
2026-03-01_ST_03,2026-03-01_ST,2026-03-01,ST,3,477,Class 4,Class 4 - 1400M - (60-40),1400,60-40,GOOD,"TURF - ""B+2"" Course",CITIGOLD PRIVATE CLIENT HANDICAP,1170000,13.47 | 21.82 | 23.32 11.85 11.47 | 23.40 11.35 12.05,https://racing.hkjc.com/en-us/local/information/archive/localresults?racedate=2026/03/01&racecourse=ST&RaceNo=3,false
2026-03-01_ST_04,2026-03-01_ST,2026-03-01,ST,4,478,Class 4,Class 4 - 1200M - (60-40),1200,60-40,GOOD,"TURF - ""B+2"" Course",CITIGOLD HANDICAP,1170000,23.92 | 23.06 11.73 11.33 | 23.09 11.19 11.90,https://racing.hkjc.com/en-us/local/information/archive/localresults?racedate=2026/03/01&racecourse=ST&RaceNo=4,false
2026-03-01_ST_05,2026-03-01_ST,2026-03-01,ST,5,479,Class 4,Class 4 - 1200M - (60-40),1200,60-40,GOOD,"TURF - ""B+2"" Course",CITI ULTIMA HANDICAP,1170000,23.83 | 22.87 11.34 11.53 | 23.07 11.16 11.91,https://racing.hkjc.com/en-us/local/information/archive/localresults?racedate=2026/03/01&racecourse=ST&RaceNo=5,false
2026-03-01_ST_06,2026-03-01_ST,2026-03-01,ST,6,480,Class 3,Class 3 - 1200M - (80-60),1200,80-60,GOOD,"TURF - ""B+2"" Course",CITI WEALTH ADVISORY SERVICES HANDICAP,1860000,23.88 | 22.09 10.94 11.15 | 23.01 11.39 11.62,https://racing.hkjc.com/en-us/local/information/archive/localresults?racedate=2026/03/01&racecourse=ST&RaceNo=6,false
2026-03-01_ST_07,2026-03-01_ST,2026-03-01,ST,7,481,Group One,Group One - 2000M,2000,,GOOD,"TURF - ""B+2"" Course",THE CITI HONG KONG GOLD CUP,13000000,25.65 | 23.52 | 23.96 | 23.92 12.25 11.67 | 22.72 11.20 11.52,https://racing.hkjc.com/en-us/local/information/archive/localresults?racedate=2026/03/01&racecourse=ST&RaceNo=7,false
2026-03-01_ST_08,2026-03-01_ST,2026-03-01,ST,8,482,Class 3,Class 3 - 1200M - (80-60),1200,80-60,GOOD,"TURF - ""B+2"" Course",CITI INSURANCE SERVICES HANDICAP,1860000,23.76 | 23.10 11.41 11.69 | 22.30 10.97 11.33,https://racing.hkjc.com/en-us/local/information/archive/localresults?racedate=2026/03/01&racecourse=ST&RaceNo=8,false
2026-03-01_ST_09,2026-03-01_ST,2026-03-01,ST,9,483,4 Year Olds,4 Year Olds - 1800M,1800,,GOOD,"TURF - ""B+2"" Course",THE HONG KONG CLASSIC CUP,13000000,13.90 | 21.86 | 23.39 | 23.67 11.92 11.75 | 23.80 11.83 11.97,https://racing.hkjc.com/en-us/local/information/archive/localresults?racedate=2026/03/01&racecourse=ST&RaceNo=9,false
2026-03-01_ST_10,2026-03-01_ST,2026-03-01,ST,10,484,Class 3,Class 3 - 2000M - (85-60),2000,85-60,GOOD,"TURF - ""B+2"" Course",CITI INVESTMENT SERVICES HANDICAP,2050000,25.82 | 24.13 | 22.98 | 23.77 11.97 11.80 | 24.23 11.86 12.37,https://racing.hkjc.com/en-us/local/information/archive/localresults?racedate=2026/03/01&racecourse=ST&RaceNo=10,false
2026-03-01_ST_11,2026-03-01_ST,2026-03-01,ST,11,485,Class 2,Class 2 - 1400M - (100-75),1400,100-75,GOOD,"TURF - ""B+2"" Course",CITI CREDIT CARD HANDICAP,2840000,13.38 | 21.86 | 23.31 11.64 11.67 | 23.19 11.48 11.71,https://racing.hkjc.com/en-us/local/information/archive/localresults?racedate=2026/03/01&racecourse=ST&RaceNo=11,false
2026-03-04_HV_01,2026-03-04_HV,2026-03-04,HV,1,486,Class 5,Class 5 - 1800M - (40-0),1800,40-0,GOOD TO YIELDING,"TURF - ""C"" Course",KWOON CHUNG MOTORS HANDICAP,875000,13.73 | 22.93 | 24.34 | 24.58 12.16 12.42 | 23.77 11.78 11.99,https://racing.hkjc.com/en-us/local/information/archive/localresults?racedate=2026/03/04&racecourse=HV&RaceNo=1,false
2026-03-04_HV_02,2026-03-04_HV,2026-03-04,HV,2,487,Class 5,Class 5 - 1200M - (40-0),1200,40-0,GOOD TO YIELDING,"TURF - ""C"" Course",INTERCONTINENTAL LIMOUSINE HANDICAP,875000,23.54 | 22.78 11.13 11.65 | 23.65 11.76 11.89,https://racing.hkjc.com/en-us/local/information/archive/localresults?racedate=2026/03/04&racecourse=HV&RaceNo=2,false
2026-03-04_HV_03,2026-03-04_HV,2026-03-04,HV,3,488,Class 4,Class 4 - 2200M - (60-40),2200,60-40,GOOD,"TURF - ""C"" Course",TRANS-ISLAND CHINALINK HANDICAP,1170000,14.65 | 24.60 | 24.31 | 24.60 | 24.39 12.24 12.15 | 23.98 12.05 11.93,https://racing.hkjc.com/en-us/local/information/archive/localresults?racedate=2026/03/04&racecourse=HV&RaceNo=3,false
2026-03-04_HV_04,2026-03-04_HV,2026-03-04,HV,4,489,Class 4,Class 4 - 1200M - (60-40),1200,60-40,GOOD,"TURF - ""C"" Course",KC SMART MOBILITY HANDICAP,1170000,24.09 | 22.91 11.32 11.59 | 23.28 11.39 11.89,https://racing.hkjc.com/en-us/local/information/archive/localresults?racedate=2026/03/04&racecourse=HV&RaceNo=4,false
2026-03-04_HV_05,2026-03-04_HV,2026-03-04,HV,5,490,Class 4,Class 4 - 1200M - (60-40),1200,60-40,GOOD,"TURF - ""C"" Course",KWOON CHUNG MACAU LIMOUSINE RENTAL SERVICES HANDICAP,1170000,23.71 | 23.02 11.22 11.80 | 22.86 11.20 11.66,https://racing.hkjc.com/en-us/local/information/archive/localresults?racedate=2026/03/04&racecourse=HV&RaceNo=5,false
2026-03-04_HV_06,2026-03-04_HV,2026-03-04,HV,6,491,Class 3,Class 3 - 1200M - (80-60),1200,80-60,GOOD,"TURF - ""C"" Course",THE KWOON CHUNG BUS CUP (HANDICAP),1860000,24.05 | 22.54 10.83 11.71 | 23.04 11.49 11.55,https://racing.hkjc.com/en-us/local/information/archive/localresults?racedate=2026/03/04&racecourse=HV&RaceNo=6,false
2026-03-04_HV_07,2026-03-04_HV,2026-03-04,HV,7,492,Class 4,Class 4 - 1650M - (60-40),1650,60-40,GOOD,"TURF - ""C"" Course",KWOON CHUNG INCLUSIVE & ACCESSIBLE SERVICE HANDICAP,1170000,28.61 | 24.09 | 24.98 12.53 12.45 | 23.17 11.62 11.55,https://racing.hkjc.com/en-us/local/information/archive/localresults?racedate=2026/03/04&racecourse=HV&RaceNo=7,false
2026-03-04_HV_08,2026-03-04_HV,2026-03-04,HV,8,493,Class 3,Class 3 - 1200M - (80-60),1200,80-60,GOOD,"TURF - ""C"" Course",NEW LANTAO BUS HANDICAP,1860000,23.66 | 22.76 11.10 11.66 | 23.29 11.57 11.72,https://racing.hkjc.com/en-us/local/information/archive/localresults?racedate=2026/03/04&racecourse=HV&RaceNo=8,false
2026-03-04_HV_09,2026-03-04_HV,2026-03-04,HV,9,494,Class 3,Class 3 - 1650M - (80-60),1650,80-60,GOOD,"TURF - ""C"" Course",SICHUAN BIPENGGOU TOURIST ATTRACTIONS HANDICAP,2050000,27.53 | 23.65 | 24.88 12.44 12.44 | 24.22 12.18 12.04,https://racing.hkjc.com/en-us/local/information/archive/localresults?racedate=2026/03/04&racecourse=HV&RaceNo=9,false
2026-03-08_ST_01,2026-03-08_ST,2026-03-08,ST,1,495,Class 4,Class 4 - 1000M - (60-40),1000,60-40,GOOD,"TURF - ""C"" Course",SUFFOLK HANDICAP,1170000,12.99 | 20.72 09.99 10.73 | 23.16 11.29 11.87,https://racing.hkjc.com/en-us/local/information/archive/localresults?racedate=2026/03/08&racecourse=ST&RaceNo=1,false
2026-03-08_ST_02,2026-03-08_ST,2026-03-08,ST,2,496,Class 5,Class 5 - 1400M - (40-0),1400,40-0,GOOD,"TURF - ""C"" Course",SOMERSET HANDICAP,875000,13.74 | 22.08 | 22.55 11.24 11.31 | 24.13 11.69 12.44,https://racing.hkjc.com/en-us/local/information/archive/localresults?racedate=2026/03/08&racecourse=ST&RaceNo=2,false
2026-03-08_ST_03,2026-03-08_ST,2026-03-08,ST,3,497,Class 4,Class 4 - 1200M - (60-40),1200,60-40,GOOD,ALL WEATHER TRACK,RUTLAND HANDICAP,1170000,23.04 | 22.02 10.52 11.50 | 23.65 11.73 11.92,https://racing.hkjc.com/en-us/local/information/archive/localresults?racedate=2026/03/08&racecourse=ST&RaceNo=3,false
2026-03-08_ST_04,2026-03-08_ST,2026-03-08,ST,4,498,Class 4,Class 4 - 1200M - (60-40),1200,60-40,GOOD,ALL WEATHER TRACK,RUTLAND HANDICAP,1170000,23.64 | 22.17 10.88 11.29 | 23.10 11.43 11.67,https://racing.hkjc.com/en-us/local/information/archive/localresults?racedate=2026/03/08&racecourse=ST&RaceNo=4,false
2026-03-08_ST_05,2026-03-08_ST,2026-03-08,ST,5,499,Class 4,Class 4 - 1600M - (60-40),1600,60-40,GOOD,"TURF - ""C"" Course",NORFOLK HANDICAP,1170000,24.12 | 22.88 | 23.66 11.77 11.89 | 23.96 11.82 12.14,https://racing.hkjc.com/en-us/local/information/archive/localresults?racedate=2026/03/08&racecourse=ST&RaceNo=5,false
2026-03-08_ST_06,2026-03-08_ST,2026-03-08,ST,6,500,Class 4,Class 4 - 1200M - (60-40),1200,60-40,GOOD,"TURF - ""C"" Course",KENT HANDICAP,1170000,23.59 | 23.33 11.52 11.81 | 22.85 11.29 11.56,https://racing.hkjc.com/en-us/local/information/archive/localresults?racedate=2026/03/08&racecourse=ST&RaceNo=6,false
2026-03-08_ST_07,2026-03-08_ST,2026-03-08,ST,7,501,Class 2,Class 2 - 1800M - (100-70),1800,100-70,GOOD,"TURF - ""C"" Course",DEVON HANDICAP,3120000,14.02 | 22.40 | 22.86 | 23.14 11.51 11.63 | 23.89 11.82 12.07,https://racing.hkjc.com/en-us/local/information/archive/localresults?racedate=2026/03/08&racecourse=ST&RaceNo=7,false
2026-03-08_ST_08,2026-03-08_ST,2026-03-08,ST,8,502,Class 3,Class 3 - 1200M - (85-60),1200,85-60,GOOD,ALL WEATHER TRACK,CORNWALL HANDICAP,1860000,23.65 | 21.64 10.71 10.93 | 22.48 10.87 11.61,https://racing.hkjc.com/en-us/local/information/archive/localresults?racedate=2026/03/08&racecourse=ST&RaceNo=8,false
2026-03-08_ST_09,2026-03-08_ST,2026-03-08,ST,9,503,Class 3,Class 3 - 1600M - (85-60),1600,85-60,GOOD,"TURF - ""C"" Course",THE KOWLOON TONG CLUB TROPHY (HANDICAP),2050000,25.12 | 23.57 | 23.26 11.67 11.59 | 22.60 11.18 11.42,https://racing.hkjc.com/en-us/local/information/archive/localresults?racedate=2026/03/08&racecourse=ST&RaceNo=9,false
2026-03-08_ST_10,2026-03-08_ST,2026-03-08,ST,10,504,Class 1,Class 1 - 1200M - (85+),1200,85+,GOOD,"TURF - ""C"" Course",ESSEX HANDICAP,3720000,23.81 | 22.04 10.84 11.20 | 22.43 11.05 11.38,https://racing.hkjc.com/en-us/local/information/archive/localresults?racedate=2026/03/08&racecourse=ST&RaceNo=10,false
2026-03-08_ST_11,2026-03-08_ST,2026-03-08,ST,11,505,Class 3,Class 3 - 1400M - (80-60),1400,80-60,GOOD,"TURF - ""C"" Course",CUMBERLAND HANDICAP,1860000,13.48 | 22.16 | 23.55 11.99 11.56 | 22.68 11.06 11.62,https://racing.hkjc.com/en-us/local/information/archive/localresults?racedate=2026/03/08&racecourse=ST&RaceNo=11,false
2026-03-11_HV_01,2026-03-11_HV,2026-03-11,HV,1,506,Class 5,Class 5 - 1000M - (40-0),1000,40-0,GOOD TO FIRM,"TURF - ""C+3"" Course",CONDUIT HANDICAP,875000,12.49 | 21.62 10.44 11.18 | 22.52 11.07 11.45,https://racing.hkjc.com/en-us/local/information/archive/localresults?racedate=2026/03/11&racecourse=HV&RaceNo=1,false
2026-03-11_HV_02,2026-03-11_HV,2026-03-11,HV,2,507,Class 4,Class 4 - 1200M - (60-40),1200,60-40,GOOD TO FIRM,"TURF - ""C+3"" Course",BREEZY HANDICAP,1170000,23.81 | 23.10 11.47 11.63 | 22.55 11.17 11.38,https://racing.hkjc.com/en-us/local/information/archive/localresults?racedate=2026/03/11&racecourse=HV&RaceNo=2,false
2026-03-11_HV_03,2026-03-11_HV,2026-03-11,HV,3,508,Class 4,Class 4 - 1650M - (60-40),1650,60-40,GOOD TO FIRM,"TURF - ""C+3"" Course",HATTON HANDICAP,1170000,28.28 | 23.55 | 24.00 12.14 11.86 | 23.88 11.97 11.91,https://racing.hkjc.com/en-us/local/information/archive/localresults?racedate=2026/03/11&racecourse=HV&RaceNo=3,false
2026-03-11_HV_04,2026-03-11_HV,2026-03-11,HV,4,509,Class 4,Class 4 - 1650M - (60-40),1650,60-40,GOOD TO FIRM,"TURF - ""C+3"" Course",HATTON HANDICAP,1170000,28.71 | 24.38 | 23.48 11.72 11.76 | 23.38 11.42 11.96,https://racing.hkjc.com/en-us/local/information/archive/localresults?racedate=2026/03/11&racecourse=HV&RaceNo=4,false
2026-03-11_HV_05,2026-03-11_HV,2026-03-11,HV,5,510,Class 3,Class 3 - 1200M - (80-55),1200,80-55,GOOD TO FIRM,"TURF - ""C+3"" Course",THE CRAIGENGOWER CRICKET CLUB CHALLENGE CUP (HANDICAP),1860000,23.79 | 22.59 11.17 11.42 | 22.82 11.49 11.33,https://racing.hkjc.com/en-us/local/information/archive/localresults?racedate=2026/03/11&racecourse=HV&RaceNo=5,false
2026-03-11_HV_06,2026-03-11_HV,2026-03-11,HV,6,511,Class 4,Class 4 - 1200M - (60-40),1200,60-40,GOOD TO FIRM,"TURF - ""C+3"" Course",BREEZY HANDICAP,1170000,23.59 | 22.61 10.92 11.69 | 23.60 11.86 11.74,https://racing.hkjc.com/en-us/local/information/archive/localresults?racedate=2026/03/11&racecourse=HV&RaceNo=6,false
2026-03-11_HV_07,2026-03-11_HV,2026-03-11,HV,7,512,Class 4,Class 4 - 1200M - (60-40),1200,60-40,GOOD TO FIRM,"TURF - ""C+3"" Course",BREEZY HANDICAP,1170000,23.61 | 22.55 11.19 11.36 | 23.50 11.56 11.94,https://racing.hkjc.com/en-us/local/information/archive/localresults?racedate=2026/03/11&racecourse=HV&RaceNo=7,false
2026-03-11_HV_08,2026-03-11_HV,2026-03-11,HV,8,513,Class 3,Class 3 - 1200M - (80-55),1200,80-55,GOOD TO FIRM,"TURF - ""C+3"" Course",BONHAM HANDICAP,1860000,23.62 | 22.81 11.18 11.63 | 22.84 11.23 11.61,https://racing.hkjc.com/en-us/local/information/archive/localresults?racedate=2026/03/11&racecourse=HV&RaceNo=8,false
2026-03-11_HV_09,2026-03-11_HV,2026-03-11,HV,9,514,Class 3,Class 3 - 1800M - (80-60),1800,80-60,GOOD TO FIRM,"TURF - ""C+3"" Course",LYTTELTON HANDICAP,2050000,13.64 | 23.79 | 24.09 | 23.87 12.13 11.74 | 23.30 11.60 11.70,https://racing.hkjc.com/en-us/local/information/archive/localresults?racedate=2026/03/11&racecourse=HV&RaceNo=9,false
2026-03-15_ST_01,2026-03-15_ST,2026-03-15,ST,1,515,Class 5,Class 5 - 1650M - (40-0),1650,40-0,GOOD,ALL WEATHER TRACK,SA PO HANDICAP,875000,28.65 | 23.44 | 23.60 11.84 11.76 | 23.68 11.48 12.20,https://racing.hkjc.com/en-us/local/information/archive/localresults?racedate=2026/03/15&racecourse=ST&RaceNo=1,false
2026-03-15_ST_02,2026-03-15_ST,2026-03-15,ST,2,516,Class 5,Class 5 - 1200M - (40-0),1200,40-0,GOOD TO FIRM,"TURF - ""C+3"" Course",SOUTH WALL HANDICAP,875000,23.96 | 22.51 11.13 11.38 | 22.75 11.21 11.54,https://racing.hkjc.com/en-us/local/information/archive/localresults?racedate=2026/03/15&racecourse=ST&RaceNo=2,false
2026-03-15_ST_03,2026-03-15_ST,2026-03-15,ST,3,517,Class 4,Class 4 - 1200M - (60-40),1200,60-40,GOOD TO FIRM,"TURF - ""C+3"" Course",NGA TSIN WAI HANDICAP,1170000,23.87 | 22.23 10.94 11.29 | 22.94 11.11 11.83,https://racing.hkjc.com/en-us/local/information/archive/localresults?racedate=2026/03/15&racecourse=ST&RaceNo=3,false
2026-03-15_ST_04,2026-03-15_ST,2026-03-15,ST,4,518,Class 4,Class 4 - 1200M - (60-40),1200,60-40,GOOD TO FIRM,"TURF - ""C+3"" Course",NGA TSIN WAI HANDICAP,1170000,24.05 | 22.37 11.02 11.35 | 23.02 11.49 11.53,https://racing.hkjc.com/en-us/local/information/archive/localresults?racedate=2026/03/15&racecourse=ST&RaceNo=4,false
2026-03-15_ST_05,2026-03-15_ST,2026-03-15,ST,5,519,Class 4,Class 4 - 1650M - (60-40),1650,60-40,GOOD,ALL WEATHER TRACK,NAM KOK HANDICAP,1170000,28.18 | 22.41 | 23.76 11.57 12.19 | 24.57 12.05 12.52,https://racing.hkjc.com/en-us/local/information/archive/localresults?racedate=2026/03/15&racecourse=ST&RaceNo=5,false
2026-03-15_ST_06,2026-03-15_ST,2026-03-15,ST,6,520,Class 3,Class 3 - 1000M - (85-60),1000,85-60,GOOD TO FIRM,"TURF - ""C+3"" Course",THE LOK SIN TONG CUP (HANDICAP),1860000,12.91 | 20.11 09.83 10.28 | 22.68 10.87 11.81,https://racing.hkjc.com/en-us/local/information/archive/localresults?racedate=2026/03/15&racecourse=ST&RaceNo=6,false
2026-03-15_ST_07,2026-03-15_ST,2026-03-15,ST,7,521,Class 4,Class 4 - 1400M - (60-40),1400,60-40,GOOD TO FIRM,"TURF - ""C+3"" Course",LUNG KONG HANDICAP,1170000,13.48 | 21.26 | 22.86 11.30 11.56 | 23.80 11.79 12.01,https://racing.hkjc.com/en-us/local/information/archive/localresults?racedate=2026/03/15&racecourse=ST&RaceNo=7,false
2026-03-15_ST_08,2026-03-15_ST,2026-03-15,ST,8,522,Class 3,Class 3 - 1650M - (85-60),1650,85-60,GOOD,ALL WEATHER TRACK,JUNCTION HANDICAP,2050000,28.65 | 23.58 | 22.90 11.36 11.54 | 23.36 11.48 11.88,https://racing.hkjc.com/en-us/local/information/archive/localresults?racedate=2026/03/15&racecourse=ST&RaceNo=8,false
2026-03-15_ST_09,2026-03-15_ST,2026-03-15,ST,9,523,Class 4,Class 4 - 1400M - (60-40),1400,60-40,GOOD TO FIRM,"TURF - ""C+3"" Course",LUNG KONG HANDICAP,1170000,13.62 | 21.15 | 23.02 11.30 11.72 | 23.19 11.46 11.73,https://racing.hkjc.com/en-us/local/information/archive/localresults?racedate=2026/03/15&racecourse=ST&RaceNo=9,false
2026-03-15_ST_10,2026-03-15_ST,2026-03-15,ST,10,524,Class 3,Class 3 - 1200M - (80-60),1200,80-60,GOOD TO FIRM,"TURF - ""C+3"" Course",KOWLOON CITY HANDICAP,1860000,23.59 | 22.30 11.19 11.11 | 22.33 10.82 11.51,https://racing.hkjc.com/en-us/local/information/archive/localresults?racedate=2026/03/15&racecourse=ST&RaceNo=10,false
2026-03-15_ST_11,2026-03-15_ST,2026-03-15,ST,11,525,Class 3,Class 3 - 1400M - (80-60),1400,80-60,GOOD TO FIRM,"TURF - ""C+3"" Course",CARPENTER HANDICAP,1860000,13.54 | 21.70 | 22.72 11.39 11.33 | 23.13 11.32 11.81,https://racing.hkjc.com/en-us/local/information/archive/localresults?racedate=2026/03/15&racecourse=ST&RaceNo=11,false
2026-03-18_HV_01,2026-03-18_HV,2026-03-18,HV,1,526,Class 5,Class 5 - 1650M - (40-0),1650,40-0,GOOD TO FIRM,"TURF - ""A"" Course",ASTER HANDICAP,875000,27.27 | 23.19 | 24.22 12.06 12.16 | 24.37 12.17 12.20,https://racing.hkjc.com/en-us/local/information/archive/localresults?racedate=2026/03/18&racecourse=HV&RaceNo=1,false
2026-03-18_HV_02,2026-03-18_HV,2026-03-18,HV,2,527,Class 4,Class 4 - 1650M - (60-40),1650,60-40,GOOD TO FIRM,"TURF - ""A"" Course",AZALEA HANDICAP,1170000,28.14 | 24.05 | 23.34 11.61 11.73 | 23.38 11.53 11.85,https://racing.hkjc.com/en-us/local/information/archive/localresults?racedate=2026/03/18&racecourse=HV&RaceNo=2,false
2026-03-18_HV_03,2026-03-18_HV,2026-03-18,HV,3,528,Class 4,Class 4 - 1000M - (60-40),1000,60-40,GOOD TO FIRM,"TURF - ""A"" Course",BELLFLOWER HANDICAP,1170000,12.42 | 21.29 10.32 10.97 | 22.86 11.33 11.53,https://racing.hkjc.com/en-us/local/information/archive/localresults?racedate=2026/03/18&racecourse=HV&RaceNo=3,false
2026-03-18_HV_04,2026-03-18_HV,2026-03-18,HV,4,529,Class 4,Class 4 - 1200M - (60-40),1200,60-40,GOOD TO FIRM,"TURF - ""A"" Course",SHAMROCK HANDICAP,1170000,23.70 | 22.37 10.98 11.39 | 23.17 11.47 11.70,https://racing.hkjc.com/en-us/local/information/archive/localresults?racedate=2026/03/18&racecourse=HV&RaceNo=4,false
2026-03-18_HV_05,2026-03-18_HV,2026-03-18,HV,5,530,Class 4,Class 4 - 1200M - (60-40),1200,60-40,GOOD TO FIRM,"TURF - ""A"" Course",THE IRELAND TROPHY (HANDICAP),1170000,23.61 | 22.45 11.05 11.40 | 23.47 11.74 11.73,https://racing.hkjc.com/en-us/local/information/archive/localresults?racedate=2026/03/18&racecourse=HV&RaceNo=5,false
2026-03-18_HV_06,2026-03-18_HV,2026-03-18,HV,6,531,Class 4,Class 4 - 1800M - (60-40),1800,60-40,GOOD TO FIRM,"TURF - ""A"" Course",DAHLIA HANDICAP,1170000,13.55 | 22.58 | 24.78 | 24.04 12.00 12.04 | 23.71 11.97 11.74,https://racing.hkjc.com/en-us/local/information/archive/localresults?racedate=2026/03/18&racecourse=HV&RaceNo=6,false
2026-03-18_HV_07,2026-03-18_HV,2026-03-18,HV,7,532,Class 2,Class 2 - 1200M - (100-80),1200,100-80,GOOD TO FIRM,"TURF - ""A"" Course",DAISY HANDICAP,2840000,23.54 | 22.03 10.69 11.34 | 23.19 11.59 11.60,https://racing.hkjc.com/en-us/local/information/archive/localresults?racedate=2026/03/18&racecourse=HV&RaceNo=7,false
2026-03-18_HV_08,2026-03-18_HV,2026-03-18,HV,8,533,Class 3,Class 3 - 1200M - (80-60),1200,80-60,GOOD TO FIRM,"TURF - ""A"" Course",HYDRANGEA HANDICAP,1860000,23.04 | 22.26 10.76 11.50 | 23.19 11.72 11.47,https://racing.hkjc.com/en-us/local/information/archive/localresults?racedate=2026/03/18&racecourse=HV&RaceNo=8,false
2026-03-18_HV_09,2026-03-18_HV,2026-03-18,HV,9,534,Class 3,Class 3 - 1650M - (80-60),1650,80-60,GOOD TO FIRM,"TURF - ""A"" Course",SNAPDRAGON HANDICAP,2050000,27.21 | 23.72 | 23.72 11.84 11.88 | 24.07 11.98 12.09,https://racing.hkjc.com/en-us/local/information/archive/localresults?racedate=2026/03/18&racecourse=HV&RaceNo=9,false
2026-03-22_ST_01,2026-03-22_ST,2026-03-22,ST,1,535,Class 4,Class 4 - 1600M - (60-40),1600,60-40,GOOD,"TURF - ""A"" Course",LUGER HANDICAP,1170000,24.67 | 22.86 | 23.92 12.09 11.83 | 23.26 11.36 11.90,https://racing.hkjc.com/en-us/local/information/archive/localresults?racedate=2026/03/22&racecourse=ST&RaceNo=1,false
2026-03-22_ST_02,2026-03-22_ST,2026-03-22,ST,2,536,Class 4,Class 4 - 1200M - (60-40),1200,60-40,GOOD TO FIRM,"TURF - ""A"" Course",PING HAI STAR HANDICAP,1170000,23.43 | 22.39 11.15 11.24 | 22.67 11.12 11.55,https://racing.hkjc.com/en-us/local/information/archive/localresults?racedate=2026/03/22&racecourse=ST&RaceNo=2,false
2026-03-22_ST_03,2026-03-22_ST,2026-03-22,ST,3,537,Class 3,Class 3 - 1200M - (80-60),1200,80-60,GOOD TO FIRM,"TURF - ""A"" Course",FURORE HANDICAP,1860000,23.72 | 22.67 11.47 11.20 | 22.33 10.98 11.35,https://racing.hkjc.com/en-us/local/information/archive/localresults?racedate=2026/03/22&racecourse=ST&RaceNo=3,false
2026-03-22_ST_04,2026-03-22_ST,2026-03-22,ST,4,538,Class 4,Class 4 - 1200M - (60-40),1200,60-40,GOOD TO FIRM,"TURF - ""A"" Course",SKY DARCI HANDICAP,1170000,23.50 | 22.50 11.20 11.30 | 23.17 11.01 12.16,https://racing.hkjc.com/en-us/local/information/archive/localresults?racedate=2026/03/22&racecourse=ST&RaceNo=4,false
2026-03-22_ST_05,2026-03-22_ST,2026-03-22,ST,5,539,Class 4,Class 4 - 1400M - (60-40),1400,60-40,GOOD TO FIRM,"TURF - ""A"" Course",FAY FAY HANDICAP,1170000,13.50 | 21.98 | 22.84 11.58 11.26 | 23.08 11.20 11.88,https://racing.hkjc.com/en-us/local/information/archive/localresults?racedate=2026/03/22&racecourse=ST&RaceNo=5,false
2026-03-22_ST_06,2026-03-22_ST,2026-03-22,ST,6,540,Class 3,Class 3 - 1200M - (80-60),1200,80-60,GOOD TO FIRM,"TURF - ""A"" Course",WERTHER HANDICAP,1860000,24.17 | 22.02 11.02 11.00 | 22.00 10.84 11.16,https://racing.hkjc.com/en-us/local/information/archive/localresults?racedate=2026/03/22&racecourse=ST&RaceNo=6,false
2026-03-22_ST_07,2026-03-22_ST,2026-03-22,ST,7,541,4 Year Olds,4 Year Olds - 2000M,2000,,GOOD TO FIRM,"TURF - ""A"" Course",THE BMW HONG KONG DERBY 2026,26000000,25.51 | 23.75 | 23.32 | 23.44 11.81 11.63 | 23.41 11.59 11.82,https://racing.hkjc.com/en-us/local/information/archive/localresults?racedate=2026/03/22&racecourse=ST&RaceNo=7,false
2026-03-22_ST_08,2026-03-22_ST,2026-03-22,ST,8,542,Class 3,Class 3 - 1800M - (80-60),1800,80-60,GOOD TO FIRM,"TURF - ""A"" Course",DESIGNS ON ROME HANDICAP,2050000,13.79 | 23.26 | 23.82 | 23.28 11.84 11.44 | 22.64 11.16 11.48,https://racing.hkjc.com/en-us/local/information/archive/localresults?racedate=2026/03/22&racecourse=ST&RaceNo=8,false
2026-03-22_ST_09,2026-03-22_ST,2026-03-22,ST,9,543,Class 3,Class 3 - 1400M - (80-60),1400,80-60,GOOD TO FIRM,"TURF - ""A"" Course",RAPPER DRAGON HANDICAP,1860000,13.41 | 22.33 | 23.09 11.78 11.31 | 22.35 10.87 11.48,https://racing.hkjc.com/en-us/local/information/archive/localresults?racedate=2026/03/22&racecourse=ST&RaceNo=9,false
2026-03-22_ST_10,2026-03-22_ST,2026-03-22,ST,10,544,Class 2,Class 2 - 1400M - (105-80),1400,105-80,GOOD TO FIRM,"TURF - ""A"" Course",GOLDEN SIXTY HANDICAP,2840000,13.27 | 21.31 | 22.80 11.34 11.46 | 22.74 11.23 11.51,https://racing.hkjc.com/en-us/local/information/archive/localresults?racedate=2026/03/22&racecourse=ST&RaceNo=10,false
2026-03-25_HV_01,2026-03-25_HV,2026-03-25,HV,1,545,Class 5,Class 5 - 2200M - (40-0),2200,40-0,GOOD,"TURF - ""B"" Course",TUEN MUN HANDICAP,875000,14.62 | 24.44 | 24.17 | 24.79 | 24.67 12.63 12.04 | 24.17 12.01 12.16,https://racing.hkjc.com/en-us/local/information/archive/localresults?racedate=2026/03/25&racecourse=HV&RaceNo=1,false
2026-03-25_HV_02,2026-03-25_HV,2026-03-25,HV,2,546,Class 4,Class 4 - 1650M - (60-40),1650,60-40,GOOD,"TURF - ""B"" Course",TSUEN WAN HANDICAP,1170000,28.20 | 23.79 | 23.85 12.11 11.74 | 24.03 11.99 12.04,https://racing.hkjc.com/en-us/local/information/archive/localresults?racedate=2026/03/25&racecourse=HV&RaceNo=2,false
2026-03-25_HV_03,2026-03-25_HV,2026-03-25,HV,3,547,Class 4,Class 4 - 1200M - (60-40),1200,60-40,GOOD,"TURF - ""B"" Course",KWAI CHUNG HANDICAP,1170000,23.49 | 22.40 10.90 11.50 | 23.79 11.67 12.12,https://racing.hkjc.com/en-us/local/information/archive/localresults?racedate=2026/03/25&racecourse=HV&RaceNo=3,false
2026-03-25_HV_04,2026-03-25_HV,2026-03-25,HV,4,548,Class 4,Class 4 - 1650M - (60-40),1650,60-40,GOOD,"TURF - ""B"" Course",TSUEN WAN HANDICAP,1170000,27.74 | 22.84 | 24.60 12.36 12.24 | 24.54 12.14 12.40,https://racing.hkjc.com/en-us/local/information/archive/localresults?racedate=2026/03/25&racecourse=HV&RaceNo=4,false
2026-03-25_HV_05,2026-03-25_HV,2026-03-25,HV,5,549,Class 3,Class 3 - 1000M - (80-60),1000,80-60,GOOD,"TURF - ""B"" Course",THE ROTARY CENTENARY CHALLENGE CUP (HANDICAP),1860000,12.50 | 20.86 10.12 10.74 | 23.17 11.48 11.69,https://racing.hkjc.com/en-us/local/information/archive/localresults?racedate=2026/03/25&racecourse=HV&RaceNo=5,false
2026-03-25_HV_06,2026-03-25_HV,2026-03-25,HV,6,550,Class 4,Class 4 - 1200M - (60-40),1200,60-40,GOOD,"TURF - ""B"" Course",KWAI CHUNG HANDICAP,1170000,23.35 | 22.49 10.99 11.50 | 23.90 11.63 12.27,https://racing.hkjc.com/en-us/local/information/archive/localresults?racedate=2026/03/25&racecourse=HV&RaceNo=6,false
2026-03-25_HV_07,2026-03-25_HV,2026-03-25,HV,7,551,Class 4,Class 4 - 1200M - (60-40),1200,60-40,GOOD,"TURF - ""B"" Course",KWAI CHUNG HANDICAP,1170000,23.59 | 22.65 11.09 11.56 | 23.29 11.44 11.85,https://racing.hkjc.com/en-us/local/information/archive/localresults?racedate=2026/03/25&racecourse=HV&RaceNo=7,false
2026-03-25_HV_08,2026-03-25_HV,2026-03-25,HV,8,552,Class 3,Class 3 - 1650M - (80-60),1650,80-60,GOOD,"TURF - ""B"" Course",FANLING HANDICAP,2050000,29.04 | 24.35 | 23.79 11.60 12.19 | 23.19 11.75 11.44,https://racing.hkjc.com/en-us/local/information/archive/localresults?racedate=2026/03/25&racecourse=HV&RaceNo=8,false
2026-03-25_HV_09,2026-03-25_HV,2026-03-25,HV,9,553,Class 3,Class 3 - 1200M - (80-60),1200,80-60,GOOD,"TURF - ""B"" Course",KWU TUNG HANDICAP,1860000,23.27 | 22.63 10.93 11.70 | 23.76 12.03 11.73,https://racing.hkjc.com/en-us/local/information/archive/localresults?racedate=2026/03/25&racecourse=HV&RaceNo=9,false
2026-03-29_ST_01,2026-03-29_ST,2026-03-29,ST,1,554,Class 5,Class 5 - 1400M - (40-0),1400,40-0,GOOD TO FIRM,"TURF - ""A+3"" Course",CHUNG CHI ALUMNI HANDICAP,875000,13.36 | 21.91 | 23.09 11.75 11.34 | 23.07 11.55 11.52,https://racing.hkjc.com/en-us/local/information/archive/localresults?racedate=2026/03/29&racecourse=ST&RaceNo=1,false
2026-03-29_ST_02,2026-03-29_ST,2026-03-29,ST,2,555,Class 4,Class 4 - 1400M - (60-40),1400,60-40,GOOD TO FIRM,"TURF - ""A+3"" Course",NEW ASIA ALUMNI HANDICAP,1170000,13.54 | 21.10 | 22.82 11.51 11.31 | 23.58 11.45 12.13,https://racing.hkjc.com/en-us/local/information/archive/localresults?racedate=2026/03/29&racecourse=ST&RaceNo=2,false
2026-03-29_ST_03,2026-03-29_ST,2026-03-29,ST,3,556,Class 4,Class 4 - 2000M - (60-40),2000,60-40,GOOD TO FIRM,"TURF - ""A+3"" Course",UNITED ALUMNI HANDICAP,1170000,25.42 | 23.67 | 23.50 | 23.92 12.02 11.90 | 24.44 12.18 12.26,https://racing.hkjc.com/en-us/local/information/archive/localresults?racedate=2026/03/29&racecourse=ST&RaceNo=3,false
2026-03-29_ST_04,2026-03-29_ST,2026-03-29,ST,4,557,Class 2,Class 2 - 1600M - (100-80),1600,100-80,GOOD TO FIRM,"TURF - ""A+3"" Course",SHAW ALUMNI HANDICAP,3120000,24.66 | 23.02 | 23.12 11.77 11.35 | 23.20 11.54 11.66,https://racing.hkjc.com/en-us/local/information/archive/localresults?racedate=2026/03/29&racecourse=ST&RaceNo=4,false
2026-03-29_ST_05,2026-03-29_ST,2026-03-29,ST,5,558,Class 4,Class 4 - 1000M - (60-40),1000,60-40,GOOD TO FIRM,"TURF - ""A+3"" Course",FACULTY OF EDUCATION ALUMNI HANDICAP,1170000,13.00 | 20.15 09.77 10.38 | 22.92 10.92 12.00,https://racing.hkjc.com/en-us/local/information/archive/localresults?racedate=2026/03/29&racecourse=ST&RaceNo=5,false
2026-03-29_ST_06,2026-03-29_ST,2026-03-29,ST,6,559,Class 4,Class 4 - 1400M - (60-40),1400,60-40,GOOD TO FIRM,"TURF - ""A+3"" Course",THE CUHK ALUMNI CUP (HANDICAP),1170000,13.55 | 21.69 | 23.11 11.69 11.42 | 23.18 11.50 11.68,https://racing.hkjc.com/en-us/local/information/archive/localresults?racedate=2026/03/29&racecourse=ST&RaceNo=6,false
2026-03-29_ST_07,2026-03-29_ST,2026-03-29,ST,7,560,Class 4,Class 4 - 1200M - (60-40),1200,60-40,GOOD TO FIRM,"TURF - ""A+3"" Course",GRADUATE SCHOOL ALUMNI HANDICAP,1170000,23.93 | 22.22 11.17 11.05 | 22.81 11.12 11.69,https://racing.hkjc.com/en-us/local/information/archive/localresults?racedate=2026/03/29&racecourse=ST&RaceNo=7,false
2026-03-29_ST_08,2026-03-29_ST,2026-03-29,ST,8,561,Class 3,Class 3 - 1400M - (80-60),1400,80-60,GOOD TO FIRM,"TURF - ""A+3"" Course",S.H. HO ALUMNI HANDICAP,1860000,13.76 | 21.52 | 22.97 11.55 11.42 | 23.07 11.26 11.81,https://racing.hkjc.com/en-us/local/information/archive/localresults?racedate=2026/03/29&racecourse=ST&RaceNo=8,false
2026-03-29_ST_09,2026-03-29_ST,2026-03-29,ST,9,562,Class 2,Class 2 - 1200M - (100-80),1200,100-80,GOOD TO FIRM,"TURF - ""A+3"" Course",CW CHU ALUMNI HANDICAP,2840000,23.27 | 21.69 10.98 10.71 | 22.78 11.20 11.58,https://racing.hkjc.com/en-us/local/information/archive/localresults?racedate=2026/03/29&racecourse=ST&RaceNo=9,false
2026-03-29_ST_10,2026-03-29_ST,2026-03-29,ST,10,563,Class 3,Class 3 - 1200M - (80-60),1200,80-60,GOOD TO FIRM,"TURF - ""A+3"" Course",WU YEE SUN ALUMNI HANDICAP,1860000,23.72 | 22.32 11.12 11.20 | 22.44 10.88 11.56,https://racing.hkjc.com/en-us/local/information/archive/localresults?racedate=2026/03/29&racecourse=ST&RaceNo=10,false
2026-03-29_ST_11,2026-03-29_ST,2026-03-29,ST,11,564,Class 3,Class 3 - 1600M - (80-60),1600,80-60,GOOD TO FIRM,"TURF - ""A+3"" Course",MORNINGSIDE AND LEE WOO SING ALUMNI HANDICAP,2050000,24.87 | 22.96 | 23.57 11.90 11.67 | 22.92 11.49 11.43,https://racing.hkjc.com/en-us/local/information/archive/localresults?racedate=2026/03/29&racecourse=ST&RaceNo=11,false
2026-04-01_ST_01,2026-04-01_ST,2026-04-01,ST,1,565,Class 5,Class 5 - 1200M - (40-0),1200,40-0,GOOD,ALL WEATHER TRACK,SHEK KIP MEI HANDICAP,875000,23.48 | 22.25 10.74 11.51 | 23.15 11.41 11.74,https://racing.hkjc.com/en-us/local/information/archive/localresults?racedate=2026/04/01&racecourse=ST&RaceNo=1,false
2026-04-01_ST_02,2026-04-01_ST,2026-04-01,ST,2,566,Class 5,Class 5 - 1650M - (40-0),1650,40-0,GOOD,ALL WEATHER TRACK,YUE WAN HANDICAP,875000,28.25 | 22.86 | 23.92 12.03 11.89 | 24.03 11.78 12.25,https://racing.hkjc.com/en-us/local/information/archive/localresults?racedate=2026/04/01&racecourse=ST&RaceNo=2,false
2026-04-01_ST_03,2026-04-01_ST,2026-04-01,ST,3,567,Class 4,Class 4 - 1650M - (60-40),1650,60-40,GOOD,ALL WEATHER TRACK,NAM SHAN HANDICAP,1170000,27.92 | 22.29 | 23.46 11.39 12.07 | 24.96 12.33 12.63,https://racing.hkjc.com/en-us/local/information/archive/localresults?racedate=2026/04/01&racecourse=ST&RaceNo=3,false
2026-04-01_ST_04,2026-04-01_ST,2026-04-01,ST,4,568,Class 4,Class 4 - 1200M - (60-40),1200,60-40,GOOD,ALL WEATHER TRACK,MA TAU WAI HANDICAP,1170000,23.55 | 22.04 10.79 11.25 | 23.09 11.32 11.77,https://racing.hkjc.com/en-us/local/information/archive/localresults?racedate=2026/04/01&racecourse=ST&RaceNo=4,false
2026-04-01_ST_05,2026-04-01_ST,2026-04-01,ST,5,569,Class 4,Class 4 - 1800M - (60-40),1800,60-40,GOOD,ALL WEATHER TRACK,PING SHEK HANDICAP,1170000,13.63 | 23.38 | 23.49 | 24.09 12.12 11.97 | 23.61 11.76 11.85,https://racing.hkjc.com/en-us/local/information/archive/localresults?racedate=2026/04/01&racecourse=ST&RaceNo=5,false
2026-04-01_ST_06,2026-04-01_ST,2026-04-01,ST,6,570,Class 4,Class 4 - 1200M - (60-40),1200,60-40,GOOD,ALL WEATHER TRACK,MA TAU WAI HANDICAP,1170000,23.55 | 22.16 10.86 11.30 | 23.20 11.32 11.88,https://racing.hkjc.com/en-us/local/information/archive/localresults?racedate=2026/04/01&racecourse=ST&RaceNo=6,false
2026-04-01_ST_07,2026-04-01_ST,2026-04-01,ST,7,571,Class 4,Class 4 - 1200M - (60-40),1200,60-40,GOOD,ALL WEATHER TRACK,MA TAU WAI HANDICAP,1170000,23.19 | 21.89 10.52 11.37 | 23.98 11.72 12.26,https://racing.hkjc.com/en-us/local/information/archive/localresults?racedate=2026/04/01&racecourse=ST&RaceNo=7,false
2026-04-01_ST_08,2026-04-01_ST,2026-04-01,ST,8,572,Class 3,Class 3 - 1200M - (85-60),1200,85-60,GOOD,ALL WEATHER TRACK,CHOI HUNG HANDICAP,1860000,23.37 | 21.87 10.70 11.17 | 23.13 11.39 11.74,https://racing.hkjc.com/en-us/local/information/archive/localresults?racedate=2026/04/01&racecourse=ST&RaceNo=8,false
2026-04-01_ST_09,2026-04-01_ST,2026-04-01,ST,9,573,Class 3,Class 3 - 1650M - (85-60),1650,85-60,GOOD,ALL WEATHER TRACK,CHOI WAN HANDICAP,2050000,28.02 | 22.79 | 23.57 11.69 11.88 | 23.52 11.71 11.81,https://racing.hkjc.com/en-us/local/information/archive/localresults?racedate=2026/04/01&racecourse=ST&RaceNo=9,false
2026-04-06_ST_01,2026-04-06_ST,2026-04-06,ST,1,574,Class 4,Class 4 - 1000M - (60-40),1000,60-40,GOOD,"TURF - ""B+2"" Course",LUGARD HANDICAP,1170000,12.95 | 20.20 09.95 10.25 | 22.29 10.75 11.54,https://racing.hkjc.com/en-us/local/information/archive/localresults?racedate=2026/04/06&racecourse=ST&RaceNo=1,false
2026-04-06_ST_02,2026-04-06_ST,2026-04-06,ST,2,575,Class 5,Class 5 - 1200M - (40-0),1200,40-0,GOOD,"TURF - ""B+2"" Course",SEVERN HANDICAP,875000,23.91 | 22.26 11.06 11.20 | 23.27 11.29 11.98,https://racing.hkjc.com/en-us/local/information/archive/localresults?racedate=2026/04/06&racecourse=ST&RaceNo=2,false
2026-04-06_ST_03,2026-04-06_ST,2026-04-06,ST,3,576,Class 4,Class 4 - 1600M - (60-40),1600,60-40,GOOD,"TURF - ""B+2"" Course",POLLOCK HANDICAP,1170000,25.02 | 23.56 | 24.51 12.63 11.88 | 22.67 11.32 11.35,https://racing.hkjc.com/en-us/local/information/archive/localresults?racedate=2026/04/06&racecourse=ST&RaceNo=3,false
2026-04-06_ST_04,2026-04-06_ST,2026-04-06,ST,4,577,Class 4,Class 4 - 1400M - (60-40),1400,60-40,GOOD,"TURF - ""B+2"" Course",PLUNKETT'S HANDICAP,1170000,13.56 | 21.86 | 23.06 11.43 11.63 | 23.11 11.61 11.50,https://racing.hkjc.com/en-us/local/information/archive/localresults?racedate=2026/04/06&racecourse=ST&RaceNo=4,false
2026-04-06_ST_05,2026-04-06_ST,2026-04-06,ST,5,578,Class 4,Class 4 - 1200M - (60-40),1200,60-40,GOOD,"TURF - ""B+2"" Course",PEEL HANDICAP,1170000,24.20 | 22.52 11.19 11.33 | 22.49 11.06 11.43,https://racing.hkjc.com/en-us/local/information/archive/localresults?racedate=2026/04/06&racecourse=ST&RaceNo=5,false
2026-04-06_ST_06,2026-04-06_ST,2026-04-06,ST,6,579,Class 3,Class 3 - 1000M - (80-60),1000,80-60,GOOD,"TURF - ""B+2"" Course",BLUFF HANDICAP,1860000,12.89 | 20.35 10.05 10.30 | 22.19 10.70 11.49,https://racing.hkjc.com/en-us/local/information/archive/localresults?racedate=2026/04/06&racecourse=ST&RaceNo=6,false
2026-04-06_ST_07,2026-04-06_ST,2026-04-06,ST,7,580,Group Two,Group Two - 1200M,1200,,GOOD,"TURF - ""B+2"" Course",THE SPRINT CUP,5350000,23.67 | 21.71 10.83 10.88 | 21.74 10.57 11.17,https://racing.hkjc.com/en-us/local/information/archive/localresults?racedate=2026/04/06&racecourse=ST&RaceNo=7,false
2026-04-06_ST_08,2026-04-06_ST,2026-04-06,ST,8,581,Class 3,Class 3 - 1400M - (80-60),1400,80-60,GOOD,"TURF - ""B+2"" Course",HARLECH HANDICAP,1860000,13.38 | 21.61 | 23.67 12.05 11.62 | 22.37 11.09 11.28,https://racing.hkjc.com/en-us/local/information/archive/localresults?racedate=2026/04/06&racecourse=ST&RaceNo=8,false
2026-04-06_ST_09,2026-04-06_ST,2026-04-06,ST,9,582,Group Two,Group Two - 1600M,1600,,GOOD,"TURF - ""B+2"" Course",THE CHAIRMAN'S TROPHY,5350000,25.31 | 23.23 | 23.06 11.89 11.17 | 22.05 10.80 11.25,https://racing.hkjc.com/en-us/local/information/archive/localresults?racedate=2026/04/06&racecourse=ST&RaceNo=9,false
2026-04-06_ST_10,2026-04-06_ST,2026-04-06,ST,10,583,Class 2,Class 2 - 1400M - (100-80),1400,100-80,GOOD,"TURF - ""B+2"" Course",BARKER HANDICAP,2840000,13.58 | 22.31 | 22.96 11.79 11.17 | 22.61 11.12 11.49,https://racing.hkjc.com/en-us/local/information/archive/localresults?racedate=2026/04/06&racecourse=ST&RaceNo=10,false
2026-04-06_ST_11,2026-04-06_ST,2026-04-06,ST,11,584,Class 3,Class 3 - 2000M - (85-60),2000,85-60,GOOD,"TURF - ""B+2"" Course",HOMESTEAD HANDICAP,2050000,26.32 | 24.85 | 25.14 | 23.72 12.38 11.34 | 22.36 10.93 11.43,https://racing.hkjc.com/en-us/local/information/archive/localresults?racedate=2026/04/06&racecourse=ST&RaceNo=11,false
2026-04-08_HV_01,2026-04-08_HV,2026-04-08,HV,1,585,Class 5,Class 5 - 1200M - (40-0),1200,40-0,GOOD,"TURF - ""C+3"" Course",COCHRANE HANDICAP,875000,23.61 | 22.44 11.18 11.26 | 23.45 11.46 11.99,https://racing.hkjc.com/en-us/local/information/archive/localresults?racedate=2026/04/08&racecourse=HV&RaceNo=1,false
2026-04-08_HV_02,2026-04-08_HV,2026-04-08,HV,2,586,Class 4,Class 4 - 1650M - (60-40),1650,60-40,GOOD,"TURF - ""C+3"" Course",D'AGUILAR HANDICAP,1170000,28.56 | 23.71 | 23.78 11.90 11.88 | 23.38 11.60 11.78,https://racing.hkjc.com/en-us/local/information/archive/localresults?racedate=2026/04/08&racecourse=HV&RaceNo=2,false
2026-04-08_HV_03,2026-04-08_HV,2026-04-08,HV,3,587,Class 4,Class 4 - 1000M - (60-40),1000,60-40,GOOD,"TURF - ""C+3"" Course",GRAHAM HANDICAP,1170000,12.34 | 21.57 10.43 11.14 | 22.57 11.09 11.48,https://racing.hkjc.com/en-us/local/information/archive/localresults?racedate=2026/04/08&racecourse=HV&RaceNo=3,false
2026-04-08_HV_04,2026-04-08_HV,2026-04-08,HV,4,588,Class 4,Class 4 - 1650M - (60-40),1650,60-40,GOOD,"TURF - ""C+3"" Course",D'AGUILAR HANDICAP,1170000,28.12 | 23.28 | 24.51 12.28 12.23 | 23.75 11.78 11.97,https://racing.hkjc.com/en-us/local/information/archive/localresults?racedate=2026/04/08&racecourse=HV&RaceNo=4,false
2026-04-08_HV_05,2026-04-08_HV,2026-04-08,HV,5,589,Class 4,Class 4 - 1200M - (60-40),1200,60-40,GOOD,"TURF - ""C+3"" Course",THE SPORTS CLUB DIAMOND JUBILEE CHALLENGE CUP (HANDICAP),1170000,23.95 | 22.78 11.25 11.53 | 23.20 11.24 11.96,https://racing.hkjc.com/en-us/local/information/archive/localresults?racedate=2026/04/08&racecourse=HV&RaceNo=5,false
2026-04-08_HV_06,2026-04-08_HV,2026-04-08,HV,6,590,Class 4,Class 4 - 1200M - (60-40),1200,60-40,GOOD,"TURF - ""C+3"" Course",WYNDHAM HANDICAP,1170000,23.38 | 22.34 10.99 11.35 | 23.67 11.42 12.25,https://racing.hkjc.com/en-us/local/information/archive/localresults?racedate=2026/04/08&racecourse=HV&RaceNo=6,false
2026-04-08_HV_07,2026-04-08_HV,2026-04-08,HV,7,591,Class 3,Class 3 - 1650M - (80-60),1650,80-60,GOOD,"TURF - ""C+3"" Course",GLENEALY HANDICAP,2050000,28.53 | 24.22 | 23.10 11.66 11.44 | 23.37 11.69 11.68,https://racing.hkjc.com/en-us/local/information/archive/localresults?racedate=2026/04/08&racecourse=HV&RaceNo=7,false
2026-04-08_HV_08,2026-04-08_HV,2026-04-08,HV,8,592,Class 3,Class 3 - 1200M - (80-60),1200,80-60,GOOD,"TURF - ""C+3"" Course",ON LAN HANDICAP,1860000,23.55 | 22.82 11.24 11.58 | 22.96 11.49 11.47,https://racing.hkjc.com/en-us/local/information/archive/localresults?racedate=2026/04/08&racecourse=HV&RaceNo=8,false
2026-04-08_HV_09,2026-04-08_HV,2026-04-08,HV,9,593,Class 3,Class 3 - 1200M - (80-60),1200,80-60,GOOD,"TURF - ""C+3"" Course",ON LAN HANDICAP,1860000,23.27 | 22.99 11.35 11.64 | 23.04 11.65 11.39,https://racing.hkjc.com/en-us/local/information/archive/localresults?racedate=2026/04/08&racecourse=HV&RaceNo=9,false
2026-04-12_ST_01,2026-04-12_ST,2026-04-12,ST,1,594,Griffin Race,Griffin Race - 1000M,1000,,GOOD,"TURF - ""C"" Course",BOWRING PLATE,950000,13.45 | 21.09 10.38 10.71 | 22.78 10.94 11.84,https://racing.hkjc.com/en-us/local/information/archive/localresults?racedate=2026/04/12&racecourse=ST&RaceNo=1,false
2026-04-12_ST_02,2026-04-12_ST,2026-04-12,ST,2,595,Class 5,Class 5 - 1400M - (40-0),1400,40-0,GOOD,"TURF - ""C"" Course",GASCOIGNE HANDICAP,875000,13.59 | 22.50 | 23.05 11.65 11.40 | 23.37 11.36 12.01,https://racing.hkjc.com/en-us/local/information/archive/localresults?racedate=2026/04/12&racecourse=ST&RaceNo=2,false
2026-04-12_ST_03,2026-04-12_ST,2026-04-12,ST,3,596,Class 5,Class 5 - 1600M - (40-0),1600,40-0,GOOD,"TURF - ""C"" Course",GILLIES HANDICAP,875000,24.44 | 23.45 | 23.78 12.02 11.76 | 23.87 11.63 12.24,https://racing.hkjc.com/en-us/local/information/archive/localresults?racedate=2026/04/12&racecourse=ST&RaceNo=3,false
2026-04-12_ST_04,2026-04-12_ST,2026-04-12,ST,4,597,Class 4,Class 4 - 1400M - (60-40),1400,60-40,GOOD,"TURF - ""C"" Course",COX'S HANDICAP,1170000,13.56 | 22.49 | 23.16 11.65 11.51 | 23.12 11.21 11.91,https://racing.hkjc.com/en-us/local/information/archive/localresults?racedate=2026/04/12&racecourse=ST&RaceNo=4,false
2026-04-12_ST_05,2026-04-12_ST,2026-04-12,ST,5,598,Class 4,Class 4 - 1200M - (60-40),1200,60-40,GOOD,"TURF - ""C"" Course",HART HANDICAP,1170000,24.35 | 22.27 11.22 11.05 | 22.71 11.02 11.69,https://racing.hkjc.com/en-us/local/information/archive/localresults?racedate=2026/04/12&racecourse=ST&RaceNo=5,false
2026-04-12_ST_06,2026-04-12_ST,2026-04-12,ST,6,599,Class 4,Class 4 - 1200M - (60-40),1200,60-40,GOOD,"TURF - ""C"" Course",HART HANDICAP,1170000,23.99 | 22.88 11.67 11.21 | 22.87 11.02 11.85,https://racing.hkjc.com/en-us/local/information/archive/localresults?racedate=2026/04/12&racecourse=ST&RaceNo=6,false
2026-04-12_ST_07,2026-04-12_ST,2026-04-12,ST,7,600,Class 4,Class 4 - 1400M - (60-40),1400,60-40,GOOD,"TURF - ""C"" Course",THE KOWLOON CRICKET CLUB CENTENARY CUP (HANDICAP),1170000,13.33 | 21.35 | 23.26 11.52 11.74 | 24.04 11.61 12.43,https://racing.hkjc.com/en-us/local/information/archive/localresults?racedate=2026/04/12&racecourse=ST&RaceNo=7,false
2026-04-12_ST_08,2026-04-12_ST,2026-04-12,ST,8,601,Class 3,Class 3 - 1600M - (80-60),1600,80-60,GOOD,"TURF - ""C"" Course",HUMPHREYS HANDICAP,2050000,24.95 | 23.14 | 23.82 12.15 11.67 | 23.05 11.30 11.75,https://racing.hkjc.com/en-us/local/information/archive/localresults?racedate=2026/04/12&racecourse=ST&RaceNo=8,false
2026-04-12_ST_09,2026-04-12_ST,2026-04-12,ST,9,602,Class 3,Class 3 - 1400M - (80-60),1400,80-60,GOOD,"TURF - ""C"" Course",JORDAN HANDICAP,1860000,13.58 | 22.28 | 23.57 12.11 11.46 | 22.92 11.14 11.78,https://racing.hkjc.com/en-us/local/information/archive/localresults?racedate=2026/04/12&racecourse=ST&RaceNo=9,false
2026-04-12_ST_10,2026-04-12_ST,2026-04-12,ST,10,603,Class 3,Class 3 - 1200M - (80-60),1200,80-60,GOOD,"TURF - ""C"" Course",PARKES HANDICAP,1860000,23.80 | 22.06 10.84 11.22 | 22.89 11.14 11.75,https://racing.hkjc.com/en-us/local/information/archive/localresults?racedate=2026/04/12&racecourse=ST&RaceNo=10,false
2026-04-12_ST_11,2026-04-12_ST,2026-04-12,ST,11,604,Class 2,Class 2 - 1200M - (100-80),1200,100-80,GOOD,"TURF - ""C"" Course",PILKEM HANDICAP,2840000,23.77 | 22.18 11.04 11.14 | 22.92 11.00 11.92,https://racing.hkjc.com/en-us/local/information/archive/localresults?racedate=2026/04/12&racecourse=ST&RaceNo=11,false
2026-04-15_HV_01,2026-04-15_HV,2026-04-15,HV,1,605,Class 5,Class 5 - 1000M - (40-0),1000,40-0,GOOD,"TURF - ""A"" Course",CELEBRATING 50 YEARS OF THE HK SEVENS 1000M HANDICAP,875000,12.74 | 21.14 10.20 10.94 | 22.87 11.30 11.57,https://racing.hkjc.com/en-us/local/information/archive/localresults?racedate=2026/04/15&racecourse=HV&RaceNo=1,false
2026-04-15_HV_02,2026-04-15_HV,2026-04-15,HV,2,606,Class 5,Class 5 - 1650M - (40-0),1650,40-0,GOOD,"TURF - ""A"" Course",CELEBRATING 40 YEARS OF THE HKFC10s 1650M HANDICAP,875000,27.76 | 24.31 | 23.71 11.59 12.12 | 24.59 12.54 12.05,https://racing.hkjc.com/en-us/local/information/archive/localresults?racedate=2026/04/15&racecourse=HV&RaceNo=2,false
2026-04-15_HV_03,2026-04-15_HV,2026-04-15,HV,3,607,Class 4,Class 4 - 1650M - (60-40),1650,60-40,GOOD,"TURF - ""A"" Course",WINNING TRY 1650M HANDICAP,1170000,27.95 | 23.80 | 23.43 11.68 11.75 | 24.08 12.06 12.02,https://racing.hkjc.com/en-us/local/information/archive/localresults?racedate=2026/04/15&racecourse=HV&RaceNo=3,false
2026-04-15_HV_04,2026-04-15_HV,2026-04-15,HV,4,608,Class 4,Class 4 - 1800M - (60-40),1800,60-40,GOOD,"TURF - ""A"" Course",SUCCESSFUL CONVERSION 1800M HANDICAP,1170000,13.50 | 22.91 | 24.39 | 24.18 11.96 12.22 | 24.32 12.19 12.13,https://racing.hkjc.com/en-us/local/information/archive/localresults?racedate=2026/04/15&racecourse=HV&RaceNo=4,false
2026-04-15_HV_05,2026-04-15_HV,2026-04-15,HV,5,609,Class 3,Class 3 - 1650M - (80-55),1650,80-55,GOOD,"TURF - ""A"" Course",THE HONG KONG CHINA RUGBY CUP (HANDICAP),2050000,28.30 | 23.84 | 23.58 11.66 11.92 | 23.81 11.73 12.08,https://racing.hkjc.com/en-us/local/information/archive/localresults?racedate=2026/04/15&racecourse=HV&RaceNo=5,false
2026-04-15_HV_06,2026-04-15_HV,2026-04-15,HV,6,610,Class 4,Class 4 - 1200M - (60-40),1200,60-40,GOOD,"TURF - ""A"" Course",RACING WITH RUGBY 1200M HANDICAP,1170000,24.04 | 22.47 11.09 11.38 | 23.25 11.42 11.83,https://racing.hkjc.com/en-us/local/information/archive/localresults?racedate=2026/04/15&racecourse=HV&RaceNo=6,false
2026-04-15_HV_07,2026-04-15_HV,2026-04-15,HV,7,611,Class 4,Class 4 - 1200M - (60-40),1200,60-40,GOOD,"TURF - ""A"" Course",ONE CITY TWO PASSIONS 1200M HANDICAP,1170000,23.60 | 23.65 11.58 12.07 | 23.16 11.47 11.69,https://racing.hkjc.com/en-us/local/information/archive/localresults?racedate=2026/04/15&racecourse=HV&RaceNo=7,false
2026-04-15_HV_08,2026-04-15_HV,2026-04-15,HV,8,612,Class 3,Class 3 - 1650M - (80-55),1650,80-55,GOOD,"TURF - ""A"" Course",SCRUM HALF 1650M HANDICAP,2050000,27.43 | 23.80 | 24.52 12.16 12.36 | 23.70 11.97 11.73,https://racing.hkjc.com/en-us/local/information/archive/localresults?racedate=2026/04/15&racecourse=HV&RaceNo=8,false
2026-04-15_HV_09,2026-04-15_HV,2026-04-15,HV,9,613,Class 3,Class 3 - 1200M - (80-60),1200,80-60,GOOD,"TURF - ""A"" Course",GOLDEN POINT 1200M HANDICAP,1860000,23.46 | 22.76 11.20 11.56 | 23.23 11.59 11.64,https://racing.hkjc.com/en-us/local/information/archive/localresults?racedate=2026/04/15&racecourse=HV&RaceNo=9,false
2026-04-19_ST_01,2026-04-19_ST,2026-04-19,ST,1,614,Class 5,Class 5 - 1800M - (40-0),1800,40-0,GOOD,ALL WEATHER TRACK,RACING FOR CHARITY 1800M HANDICAP,875000,13.85 | 23.44 | 24.68 | 23.80 12.28 11.52 | 24.24 11.68 12.56,https://racing.hkjc.com/en-us/local/information/archive/localresults?racedate=2026/04/19&racecourse=ST&RaceNo=1,false
2026-04-19_ST_02,2026-04-19_ST,2026-04-19,ST,2,615,Class 5,Class 5 - 1200M - (40-0),1200,40-0,GOOD,ALL WEATHER TRACK,SUPPORTING SPORTS ALL AROUND 1200M HANDICAP,875000,23.48 | 22.41 10.78 11.63 | 23.49 11.49 12.00,https://racing.hkjc.com/en-us/local/information/archive/localresults?racedate=2026/04/19&racecourse=ST&RaceNo=2,false
2026-04-19_ST_03,2026-04-19_ST,2026-04-19,ST,3,616,Class 4,Class 4 - 1000M - (60-40),1000,60-40,GOOD TO FIRM,"TURF - ""C+3"" Course",PROMOTING HEALTH FOR ALL 1000M HANDICAP,1170000,12.96 | 20.48 09.99 10.49 | 22.82 10.82 12.00,https://racing.hkjc.com/en-us/local/information/archive/localresults?racedate=2026/04/19&racecourse=ST&RaceNo=3,false
2026-04-19_ST_04,2026-04-19_ST,2026-04-19,ST,4,617,Class 4,Class 4 - 1400M - (60-40),1400,60-40,GOOD TO FIRM,"TURF - ""C+3"" Course",EMBRACING SUCCESS IN ITS MANY WAYS 1400M HANDICAP,1170000,13.30 | 21.75 | 22.60 11.41 11.19 | 23.39 11.26 12.13,https://racing.hkjc.com/en-us/local/information/archive/localresults?racedate=2026/04/19&racecourse=ST&RaceNo=4,false
2026-04-19_ST_05,2026-04-19_ST,2026-04-19,ST,5,618,Class 4,Class 4 - 1600M - (60-40),1600,60-40,GOOD TO FIRM,"TURF - ""C+3"" Course",THE HONG KONG JOCKEY CLUB COMMUNITY TROPHY (HANDICAP),1170000,25.12 | 23.57 | 23.84 12.07 11.77 | 22.46 11.08 11.38,https://racing.hkjc.com/en-us/local/information/archive/localresults?racedate=2026/04/19&racecourse=ST&RaceNo=5,false
2026-04-19_ST_06,2026-04-19_ST,2026-04-19,ST,6,619,Class 4,Class 4 - 1650M - (60-40),1650,60-40,GOOD,ALL WEATHER TRACK,ENRICHING LIVES THROUGH ARTS AND CULTURE 1650M HANDICAP,1170000,27.51 | 23.09 | 23.63 11.82 11.81 | 23.96 11.76 12.20,https://racing.hkjc.com/en-us/local/information/archive/localresults?racedate=2026/04/19&racecourse=ST&RaceNo=6,false
2026-04-19_ST_07,2026-04-19_ST,2026-04-19,ST,7,620,Class 4,Class 4 - 1200M - (60-40),1200,60-40,GOOD,ALL WEATHER TRACK,ENABLING A SUSTAINABLE FUTURE 1200M HANDICAP,1170000,23.56 | 22.20 10.69 11.51 | 23.11 11.29 11.82,https://racing.hkjc.com/en-us/local/information/archive/localresults?racedate=2026/04/19&racecourse=ST&RaceNo=7,false
2026-04-19_ST_08,2026-04-19_ST,2026-04-19,ST,8,621,Class 3,Class 3 - 1200M - (85-60),1200,85-60,GOOD,ALL WEATHER TRACK,LIFTING EVERY YOUNG LIFE 1200M HANDICAP,1860000,23.48 | 21.95 10.72 11.23 | 22.97 11.34 11.63,https://racing.hkjc.com/en-us/local/information/archive/localresults?racedate=2026/04/19&racecourse=ST&RaceNo=8,false
2026-04-19_ST_09,2026-04-19_ST,2026-04-19,ST,9,622,Class 3,Class 3 - 1400M - (80-60),1400,80-60,GOOD TO FIRM,"TURF - ""C+3"" Course",HELPING OLDER ADULTS AGE WELL 1400M HANDICAP,1860000,13.41 | 21.53 | 22.99 11.48 11.51 | 22.99 11.24 11.75,https://racing.hkjc.com/en-us/local/information/archive/localresults?racedate=2026/04/19&racecourse=ST&RaceNo=9,false
2026-04-19_ST_10,2026-04-19_ST,2026-04-19,ST,10,623,Class 3,Class 3 - 1200M - (80-60),1200,80-60,GOOD TO FIRM,"TURF - ""C+3"" Course",ENABLING PROFESSIONALS TO FLOURISH FOR THEIR CHARGE 1200M HANDICAP,1860000,23.58 | 21.75 10.80 10.95 | 23.17 11.34 11.83,https://racing.hkjc.com/en-us/local/information/archive/localresults?racedate=2026/04/19&racecourse=ST&RaceNo=10,false
2026-04-19_ST_11,2026-04-19_ST,2026-04-19,ST,11,624,Class 2,Class 2 - 1800M - (100-75),1800,100-75,GOOD TO FIRM,"TURF - ""C+3"" Course",FOSTERING AN ENABLING AND INCLUSIVE SOCIETY 1800M HANDICAP,3120000,13.62 | 22.30 | 23.59 | 23.68 12.05 11.63 | 23.18 11.44 11.74,https://racing.hkjc.com/en-us/local/information/archive/localresults?racedate=2026/04/19&racecourse=ST&RaceNo=11,false
2026-04-22_HV_01,2026-04-22_HV,2026-04-22,HV,1,625,Class 5,Class 5 - 1200M - (40-0),1200,40-0,GOOD TO FIRM,"TURF - ""B"" Course",FLAMINGO FLOWER HANDICAP,875000,23.59 | 22.29 10.80 11.49 | 23.41 11.52 11.89,https://racing.hkjc.com/en-us/local/information/archive/localresults?racedate=2026/04/22&racecourse=HV&RaceNo=1,false
2026-04-22_HV_02,2026-04-22_HV,2026-04-22,HV,2,626,Class 5,Class 5 - 1650M - (40-0),1650,40-0,GOOD TO FIRM,"TURF - ""B"" Course",FREESIA HANDICAP,875000,27.75 | 22.79 | 24.58 12.27 12.31 | 24.54 12.40 12.14,https://racing.hkjc.com/en-us/local/information/archive/localresults?racedate=2026/04/22&racecourse=HV&RaceNo=2,false
2026-04-22_HV_03,2026-04-22_HV,2026-04-22,HV,3,627,Class 4,Class 4 - 1650M - (60-40),1650,60-40,GOOD TO FIRM,"TURF - ""B"" Course",GERANIUM HANDICAP,1170000,27.74 | 25.19 | 24.17 12.33 11.84 | 23.32 11.62 11.70,https://racing.hkjc.com/en-us/local/information/archive/localresults?racedate=2026/04/22&racecourse=HV&RaceNo=3,false
2026-04-22_HV_04,2026-04-22_HV,2026-04-22,HV,4,628,Class 4,Class 4 - 1200M - (60-40),1200,60-40,GOOD TO FIRM,"TURF - ""B"" Course",LAVENDER HANDICAP,1170000,23.66 | 22.95 11.25 11.70 | 23.54 11.68 11.86,https://racing.hkjc.com/en-us/local/information/archive/localresults?racedate=2026/04/22&racecourse=HV&RaceNo=4,false
2026-04-22_HV_05,2026-04-22_HV,2026-04-22,HV,5,629,Class 4,Class 4 - 1200M - (60-40),1200,60-40,GOOD TO FIRM,"TURF - ""B"" Course",THE LUSITANO CHALLENGE CUP (HANDICAP),1170000,23.63 | 22.47 10.92 11.55 | 23.38 11.57 11.81,https://racing.hkjc.com/en-us/local/information/archive/localresults?racedate=2026/04/22&racecourse=HV&RaceNo=5,false
2026-04-22_HV_06,2026-04-22_HV,2026-04-22,HV,6,630,Class 4,Class 4 - 1000M - (60-40),1000,60-40,GOOD TO FIRM,"TURF - ""B"" Course",HEATHER HANDICAP,1170000,12.35 | 21.60 10.45 11.15 | 22.80 11.09 11.71,https://racing.hkjc.com/en-us/local/information/archive/localresults?racedate=2026/04/22&racecourse=HV&RaceNo=6,false
2026-04-22_HV_07,2026-04-22_HV,2026-04-22,HV,7,631,Class 3,Class 3 - 1000M - (80-60),1000,80-60,GOOD TO FIRM,"TURF - ""B"" Course",KALANCHOE HANDICAP,1860000,12.62 | 20.90 10.10 10.80 | 23.29 11.30 11.99,https://racing.hkjc.com/en-us/local/information/archive/localresults?racedate=2026/04/22&racecourse=HV&RaceNo=7,false
2026-04-22_HV_08,2026-04-22_HV,2026-04-22,HV,8,632,Class 3,Class 3 - 1800M - (80-60),1800,80-60,GOOD TO FIRM,"TURF - ""B"" Course",ONCIDIUM HANDICAP,2050000,13.20 | 23.10 | 24.18 | 23.81 11.94 11.87 | 24.21 11.94 12.27,https://racing.hkjc.com/en-us/local/information/archive/localresults?racedate=2026/04/22&racecourse=HV&RaceNo=8,false
2026-04-22_HV_09,2026-04-22_HV,2026-04-22,HV,9,633,Class 3,Class 3 - 1200M - (80-60),1200,80-60,GOOD TO FIRM,"TURF - ""B"" Course",ROSELLE HANDICAP,1860000,23.70 | 22.41 10.93 11.48 | 23.22 11.42 11.80,https://racing.hkjc.com/en-us/local/information/archive/localresults?racedate=2026/04/22&racecourse=HV&RaceNo=9,false
2026-04-26_ST_01,2026-04-26_ST,2026-04-26,ST,1,634,Class 4,Class 4 - 1200M - (60-40),1200,60-40,GOOD TO FIRM,"TURF - ""A"" Course",FWD INSURANCE ACT PRIVATE HANDICAP,1170000,23.33 | 22.29 10.84 11.45 | 23.08 11.44 11.64,https://racing.hkjc.com/en-us/local/information/archive/localresults?racedate=2026/04/26&racecourse=ST&RaceNo=1,false
2026-04-26_ST_02,2026-04-26_ST,2026-04-26,ST,2,635,Class 4,Class 4 - 1600M - (60-40),1600,60-40,GOOD TO FIRM,"TURF - ""A"" Course",FWD INSURANCE GOAHEAD GROUP HANDICAP,1170000,24.09 | 22.61 | 23.42 11.85 11.57 | 23.62 11.73 11.89,https://racing.hkjc.com/en-us/local/information/archive/localresults?racedate=2026/04/26&racecourse=ST&RaceNo=2,false
2026-04-26_ST_03,2026-04-26_ST,2026-04-26,ST,3,636,Class 4,Class 4 - 1200M - (60-40),1200,60-40,GOOD TO FIRM,"TURF - ""A"" Course",FWD INSURANCE ICBC (ASIA) HANDICAP,1170000,23.30 | 22.18 10.80 11.38 | 23.11 11.37 11.74,https://racing.hkjc.com/en-us/local/information/archive/localresults?racedate=2026/04/26&racecourse=ST&RaceNo=3,false
2026-04-26_ST_04,2026-04-26_ST,2026-04-26,ST,4,637,Class 4,Class 4 - 1400M - (60-40),1400,60-40,GOOD TO FIRM,"TURF - ""A"" Course",FWD INSURANCE BOCOM HANDICAP,1170000,13.45 | 21.17 | 23.05 11.33 11.72 | 23.60 11.68 11.92,https://racing.hkjc.com/en-us/local/information/archive/localresults?racedate=2026/04/26&racecourse=ST&RaceNo=4,false
2026-04-26_ST_05,2026-04-26_ST,2026-04-26,ST,5,638,Group One,Group One - 1200M,1200,,GOOD TO FIRM,"TURF - ""A"" Course",THE CHAIRMAN'S SPRINT PRIZE,24000000,23.80 | 21.58 10.74 10.84 | 21.72 10.65 11.07,https://racing.hkjc.com/en-us/local/information/archive/localresults?racedate=2026/04/26&racecourse=ST&RaceNo=5,false
2026-04-26_ST_06,2026-04-26_ST,2026-04-26,ST,6,639,Class 3,Class 3 - 1200M - (80-60),1200,80-60,GOOD TO FIRM,"TURF - ""A"" Course",FWD 1828 HANDICAP,1860000,23.50 | 22.44 11.01 11.43 | 22.90 11.26 11.64,https://racing.hkjc.com/en-us/local/information/archive/localresults?racedate=2026/04/26&racecourse=ST&RaceNo=6,false
2026-04-26_ST_07,2026-04-26_ST,2026-04-26,ST,7,640,Group One,Group One - 1600M,1600,,GOOD TO FIRM,"TURF - ""A"" Course",THE FWD CHAMPIONS MILE,24000000,24.15 | 22.03 | 23.23 11.70 11.53 | 22.96 11.43 11.53,https://racing.hkjc.com/en-us/local/information/archive/localresults?racedate=2026/04/26&racecourse=ST&RaceNo=7,false
2026-04-26_ST_08,2026-04-26_ST,2026-04-26,ST,8,641,Class 3,Class 3 - 1400M - (80-60),1400,80-60,GOOD TO FIRM,"TURF - ""A"" Course",FWD INSURANCE CCB (ASIA) HANDICAP,1860000,13.44 | 21.33 | 22.89 11.36 11.53 | 23.37 11.42 11.95,https://racing.hkjc.com/en-us/local/information/archive/localresults?racedate=2026/04/26&racecourse=ST&RaceNo=8,false
2026-04-26_ST_09,2026-04-26_ST,2026-04-26,ST,9,642,Group One,Group One - 2000M,2000,,GOOD TO FIRM,"TURF - ""A"" Course",THE FWD QEII CUP,30000000,26.13 | 24.95 | 24.29 | 23.12 11.67 11.45 | 22.15 10.92 11.23,https://racing.hkjc.com/en-us/local/information/archive/localresults?racedate=2026/04/26&racecourse=ST&RaceNo=9,false
2026-04-26_ST_10,2026-04-26_ST,2026-04-26,ST,10,643,Class 3,Class 3 - 1600M - (80-60),1600,80-60,GOOD TO FIRM,"TURF - ""A"" Course",FWD INSURANCE NCB HANDICAP,2050000,24.87 | 22.91 | 23.49 11.90 11.59 | 23.21 11.34 11.87,https://racing.hkjc.com/en-us/local/information/archive/localresults?racedate=2026/04/26&racecourse=ST&RaceNo=10,false
2026-04-26_ST_11,2026-04-26_ST,2026-04-26,ST,11,644,Class 2,Class 2 - 1400M - (105-80),1400,105-80,GOOD TO FIRM,"TURF - ""A"" Course",FWD INSURANCE CMB WING LUNG BANK HANDICAP,2840000,13.35 | 21.45 | 22.75 11.44 11.31 | 22.90 11.17 11.73,https://racing.hkjc.com/en-us/local/information/archive/localresults?racedate=2026/04/26&racecourse=ST&RaceNo=11,false
2026-04-29_HV_01,2026-04-29_HV,2026-04-29,HV,1,645,Class 5,Class 5 - 1800M - (40-0),1800,40-0,GOOD TO YIELDING,"TURF - ""C"" Course",DAEJEON HANDICAP,875000,13.55 | 23.27 | 24.16 | 24.89 12.32 12.57 | 24.51 12.01 12.50,https://racing.hkjc.com/en-us/local/information/archive/localresults?racedate=2026/04/29&racecourse=HV&RaceNo=1,false
2026-04-29_HV_02,2026-04-29_HV,2026-04-29,HV,2,646,Class 4,Class 4 - 1200M - (60-40),1200,60-40,GOOD TO YIELDING,"TURF - ""C"" Course",YEONGCHEON HANDICAP,1170000,23.34 | 22.39 10.78 11.61 | 23.75 11.39 12.36,https://racing.hkjc.com/en-us/local/information/archive/localresults?racedate=2026/04/29&racecourse=HV&RaceNo=2,false
2026-04-29_HV_03,2026-04-29_HV,2026-04-29,HV,3,647,Class 4,Class 4 - 2200M - (60-40),2200,60-40,GOOD TO YIELDING,"TURF - ""C"" Course",DAEGU HANDICAP,1170000,13.97 | 23.47 | 24.38 | 24.46 | 25.61 12.73 12.88 | 24.90 12.69 12.21,https://racing.hkjc.com/en-us/local/information/archive/localresults?racedate=2026/04/29&racecourse=HV&RaceNo=3,false
2026-04-29_HV_04,2026-04-29_HV,2026-04-29,HV,4,648,Class 4,Class 4 - 1200M - (60-40),1200,60-40,GOOD TO YIELDING,"TURF - ""C"" Course",YEONGCHEON HANDICAP,1170000,23.34 | 22.50 11.04 11.46 | 24.39 11.82 12.57,https://racing.hkjc.com/en-us/local/information/archive/localresults?racedate=2026/04/29&racecourse=HV&RaceNo=4,false
2026-04-29_HV_05,2026-04-29_HV,2026-04-29,HV,5,649,Class 4,Class 4 - 1200M - (60-40),1200,60-40,GOOD,"TURF - ""C"" Course",THE KOREA RACING AUTHORITY TROPHY (HANDICAP),1170000,23.47 | 22.25 10.79 11.46 | 24.14 11.70 12.44,https://racing.hkjc.com/en-us/local/information/archive/localresults?racedate=2026/04/29&racecourse=HV&RaceNo=5,false
2026-04-29_HV_06,2026-04-29_HV,2026-04-29,HV,6,650,Class 4,Class 4 - 1650M - (60-40),1650,60-40,GOOD,"TURF - ""C"" Course",INCHEON HANDICAP,1170000,27.81 | 23.72 | 24.46 12.13 12.33 | 25.03 12.11 12.92,https://racing.hkjc.com/en-us/local/information/archive/localresults?racedate=2026/04/29&racecourse=HV&RaceNo=6,false
2026-04-29_HV_07,2026-04-29_HV,2026-04-29,HV,7,651,Class 2,Class 2 - 1000M - (105-75),1000,105-75,GOOD,"TURF - ""C"" Course",SEOUL HANDICAP,2840000,12.52 | 21.60 10.50 11.10 | 22.69 11.17 11.52,https://racing.hkjc.com/en-us/local/information/archive/localresults?racedate=2026/04/29&racecourse=HV&RaceNo=7,false
2026-04-29_HV_08,2026-04-29_HV,2026-04-29,HV,8,652,Class 3,Class 3 - 1200M - (80-60),1200,80-60,GOOD,"TURF - ""C"" Course",BUSAN HANDICAP,1860000,23.19 | 22.65 10.88 11.77 | 24.11 11.62 12.49,https://racing.hkjc.com/en-us/local/information/archive/localresults?racedate=2026/04/29&racecourse=HV&RaceNo=8,false
2026-04-29_HV_09,2026-04-29_HV,2026-04-29,HV,9,653,Class 3,Class 3 - 1650M - (80-60),1650,80-60,GOOD,"TURF - ""C"" Course",JEJU HANDICAP,2050000,27.72 | 23.06 | 24.64 12.18 12.46 | 24.17 11.98 12.19,https://racing.hkjc.com/en-us/local/information/archive/localresults?racedate=2026/04/29&racecourse=HV&RaceNo=9,false
2026-05-03_ST_01,2026-05-03_ST,2026-05-03,ST,1,654,Class 5,Class 5 - 1200M - (40-0),1200,40-0,GOOD,"TURF - ""B"" Course",CELEBRATING OUR SHARED CHAMPION SPIRIT 1200M HANDICAP,875000,23.54 | 22.20 10.84 11.36 | 23.65 11.42 12.23,https://racing.hkjc.com/en-us/local/information/archive/localresults?racedate=2026/05/03&racecourse=ST&RaceNo=1,false
2026-05-03_ST_02,2026-05-03_ST,2026-05-03,ST,2,655,Class 4,Class 4 - 1200M - (60-40),1200,60-40,GOOD,"TURF - ""B"" Course",OWNERSHIP PRIDE 1200M HANDICAP,1170000,23.76 | 22.52 11.12 11.40 | 23.06 11.12 11.94,https://racing.hkjc.com/en-us/local/information/archive/localresults?racedate=2026/05/03&racecourse=ST&RaceNo=2,false
2026-05-03_ST_03,2026-05-03_ST,2026-05-03,ST,3,656,Class 5,Class 5 - 1400M - (40-0),1400,40-0,GOOD,"TURF - ""B"" Course",RACING HERITAGE 1400M HANDICAP,875000,13.46 | 21.81 | 23.52 11.79 11.73 | 23.72 11.61 12.11,https://racing.hkjc.com/en-us/local/information/archive/localresults?racedate=2026/05/03&racecourse=ST&RaceNo=3,false
2026-05-03_ST_04,2026-05-03_ST,2026-05-03,ST,4,657,Class 4,Class 4 - 1200M - (60-40),1200,60-40,GOOD,"TURF - ""B"" Course",THE HILLTOP IN THE VALLEY 1200M HANDICAP,1170000,24.45 | 22.53 11.38 11.15 | 23.32 11.31 12.01,https://racing.hkjc.com/en-us/local/information/archive/localresults?racedate=2026/05/03&racecourse=ST&RaceNo=4,false
2026-05-03_ST_05,2026-05-03_ST,2026-05-03,ST,5,658,Class 4,Class 4 - 1400M - (60-40),1400,60-40,YIELDING,"TURF - ""B"" Course",SHA TIN CLUBHOUSE 1400M HANDICAP,1170000,13.53 | 21.74 | 23.93 11.79 12.14 | 24.55 11.96 12.59,https://racing.hkjc.com/en-us/local/information/archive/localresults?racedate=2026/05/03&racecourse=ST&RaceNo=5,false
2026-05-03_ST_06,2026-05-03_ST,2026-05-03,ST,6,659,Group Three,Group Three - 2400M,2400,,YIELDING,"TURF - ""B"" Course",THE QUEEN MOTHER MEMORIAL CUP (HANDICAP),4200000,26.51 | 24.77 | 25.96 | 24.83 | 24.29 12.25 12.04 | 24.40 11.92 12.48,https://racing.hkjc.com/en-us/local/information/archive/localresults?racedate=2026/05/03&racecourse=ST&RaceNo=6,false
2026-05-03_ST_07,2026-05-03_ST,2026-05-03,ST,7,660,Class 4,Class 4 - 1800M - (60-40),1800,60-40,SOFT,"TURF - ""B"" Course",BEAS RIVER COUNTRY CLUB 1800M HANDICAP,1170000,13.76 | 22.55 | 23.91 | 24.52 12.28 12.24 | 25.44 12.50 12.94,https://racing.hkjc.com/en-us/local/information/archive/localresults?racedate=2026/05/03&racecourse=ST&RaceNo=7,false
2026-05-03_ST_08,2026-05-03_ST,2026-05-03,ST,8,661,Class 2,Class 2 - 1600M - (105-80),1600,105-80,SOFT,"TURF - ""B"" Course",THE MEMBERS CUP (HANDICAP),3120000,24.16 | 23.17 | 24.40 12.31 12.09 | 24.47 12.01 12.46,https://racing.hkjc.com/en-us/local/information/archive/localresults?racedate=2026/05/03&racecourse=ST&RaceNo=8,false
2026-05-03_ST_09,2026-05-03_ST,2026-05-03,ST,9,662,Class 3,Class 3 - 2000M - (80-60),2000,80-60,SOFT,"TURF - ""B"" Course",CONGHUA RACECOURSE 2000M HANDICAP,2050000,26.07 | 24.50 | 24.52 | 25.55 12.99 12.56 | 25.24 12.24 13.00,https://racing.hkjc.com/en-us/local/information/archive/localresults?racedate=2026/05/03&racecourse=ST&RaceNo=9,false
2026-05-03_ST_10,2026-05-03_ST,2026-05-03,ST,10,663,Class 3,Class 3 - 1400M - (80-60),1400,80-60,SOFT,"TURF - ""B"" Course",SHENZHEN CENTRE 1400M HANDICAP,1860000,13.27 | 22.32 | 23.63 11.66 11.97 | 25.38 12.41 12.97,https://racing.hkjc.com/en-us/local/information/archive/localresults?racedate=2026/05/03&racecourse=ST&RaceNo=10,false
2026-05-03_ST_11,2026-05-03_ST,2026-05-03,ST,11,664,Class 3,Class 3 - 1200M - (80-60),1200,80-60,SOFT,"TURF - ""B"" Course",BEIJING CLUBHOUSE 1200M HANDICAP,1860000,23.73 | 23.36 11.47 11.89 | 24.53 11.80 12.73,https://racing.hkjc.com/en-us/local/information/archive/localresults?racedate=2026/05/03&racecourse=ST&RaceNo=11,false
2026-05-06_ST_01,2026-05-06_ST,2026-05-06,ST,1,665,Class 5,Class 5 - 1650M - (40-0),1650,40-0,GOOD,ALL WEATHER TRACK,OSMANTHUS HANDICAP,875000,27.96 | 23.42 | 24.50 12.29 12.21 | 24.43 11.93 12.50,https://racing.hkjc.com/en-us/local/information/archive/localresults?racedate=2026/05/06&racecourse=ST&RaceNo=1,false
2026-05-06_ST_02,2026-05-06_ST,2026-05-06,ST,2,666,Class 5,Class 5 - 1200M - (40-0),1200,40-0,GOOD,ALL WEATHER TRACK,MAGNOLIA HANDICAP,875000,23.46 | 22.58 10.96 11.62 | 24.86 11.83 13.03,https://racing.hkjc.com/en-us/local/information/archive/localresults?racedate=2026/05/06&racecourse=ST&RaceNo=2,false
2026-05-06_ST_03,2026-05-06_ST,2026-05-06,ST,3,667,Class 4,Class 4 - 1200M - (60-40),1200,60-40,GOOD,ALL WEATHER TRACK,CARNATION HANDICAP,1170000,23.21 | 22.50 10.80 11.70 | 24.29 12.00 12.29,https://racing.hkjc.com/en-us/local/information/archive/localresults?racedate=2026/05/06&racecourse=ST&RaceNo=3,false
2026-05-06_ST_04,2026-05-06_ST,2026-05-06,ST,4,668,Class 4,Class 4 - 1800M - (60-35),1800,60-35,GOOD,ALL WEATHER TRACK,LOTUS HANDICAP,1170000,13.74 | 22.76 | 23.78 | 24.01 11.78 12.23 | 25.14 12.10 13.04,https://racing.hkjc.com/en-us/local/information/archive/localresults?racedate=2026/05/06&racecourse=ST&RaceNo=4,false
2026-05-06_ST_05,2026-05-06_ST,2026-05-06,ST,5,669,Class 4,Class 4 - 1200M - (60-40),1200,60-40,GOOD,ALL WEATHER TRACK,CARNATION HANDICAP,1170000,23.83 | 22.42 10.81 11.61 | 24.16 11.57 12.59,https://racing.hkjc.com/en-us/local/information/archive/localresults?racedate=2026/05/06&racecourse=ST&RaceNo=5,false
2026-05-06_ST_06,2026-05-06_ST,2026-05-06,ST,6,670,Class 4,Class 4 - 1650M - (60-40),1650,60-40,GOOD,ALL WEATHER TRACK,CHAMOMILE HANDICAP,1170000,27.50 | 22.75 | 24.03 11.95 12.08 | 24.95 12.02 12.93,https://racing.hkjc.com/en-us/local/information/archive/localresults?racedate=2026/05/06&racecourse=ST&RaceNo=6,false
2026-05-06_ST_07,2026-05-06_ST,2026-05-06,ST,7,671,Class 4,Class 4 - 1200M - (60-40),1200,60-40,GOOD,ALL WEATHER TRACK,CARNATION HANDICAP,1170000,23.23 | 22.31 10.64 11.67 | 24.70 11.90 12.80,https://racing.hkjc.com/en-us/local/information/archive/localresults?racedate=2026/05/06&racecourse=ST&RaceNo=7,false
2026-05-06_ST_08,2026-05-06_ST,2026-05-06,ST,8,672,Class 3,Class 3 - 1650M - (85-60),1650,85-60,GOOD,ALL WEATHER TRACK,CAMELLIA HANDICAP,2050000,28.54 | 23.36 | 24.12 11.96 12.16 | 23.89 11.77 12.12,https://racing.hkjc.com/en-us/local/information/archive/localresults?racedate=2026/05/06&racecourse=ST&RaceNo=8,false
2026-05-06_ST_09,2026-05-06_ST,2026-05-06,ST,9,673,Class 3,Class 3 - 1200M - (85-60),1200,85-60,GOOD,ALL WEATHER TRACK,BEGONIA HANDICAP,1860000,23.22 | 22.18 10.84 11.34 | 23.48 11.43 12.05,https://racing.hkjc.com/en-us/local/information/archive/localresults?racedate=2026/05/06&racecourse=ST&RaceNo=9,false
2026-05-09_ST_01,2026-05-09_ST,2026-05-09,ST,1,674,Griffin Race,Griffin Race - 1000M,1000,,GOOD TO YIELDING,"TURF - ""C"" Course",BUTTERFLY BAY PLATE,950000,13.54 | 21.35 10.57 10.78 | 22.98 11.02 11.96,https://racing.hkjc.com/en-us/local/information/archive/localresults?racedate=2026/05/09&racecourse=ST&RaceNo=1,false
2026-05-09_ST_02,2026-05-09_ST,2026-05-09,ST,2,675,Class 4,Class 4 - 1200M - (60-40),1200,60-40,GOOD TO YIELDING,"TURF - ""C"" Course",TUEN MUN PUBLIC RIDING SCHOOL HANDICAP,1170000,23.96 | 21.97 10.79 11.18 | 23.35 11.29 12.06,https://racing.hkjc.com/en-us/local/information/archive/localresults?racedate=2026/05/09&racecourse=ST&RaceNo=2,false
2026-05-09_ST_03,2026-05-09_ST,2026-05-09,ST,3,676,Class 5,Class 5 - 1400M - (40-0),1400,40-0,GOOD TO YIELDING,"TURF - ""C"" Course",POK FU LAM PUBLIC RIDING SCHOOL HANDICAP,875000,13.42 | 21.78 | 23.24 11.61 11.63 | 24.74 11.97 12.77,https://racing.hkjc.com/en-us/local/information/archive/localresults?racedate=2026/05/09&racecourse=ST&RaceNo=3,false
2026-05-09_ST_04,2026-05-09_ST,2026-05-09,ST,4,677,Class 4,Class 4 - 1000M - (60-40),1000,60-40,GOOD TO YIELDING,"TURF - ""C"" Course",LEI YUE MUN PUBLIC RIDING SCHOOL HANDICAP,1170000,13.08 | 20.89 10.27 10.62 | 23.10 11.06 12.04,https://racing.hkjc.com/en-us/local/information/archive/localresults?racedate=2026/05/09&racecourse=ST&RaceNo=4,false
2026-05-09_ST_05,2026-05-09_ST,2026-05-09,ST,5,678,Class 4,Class 4 - 1200M - (60-40),1200,60-40,GOOD TO YIELDING,"TURF - ""C"" Course",THE HONG KONG RIDING FOR THE DISABLED ASSOCIATION CUP (HANDICAP),1170000,24.20 | 23.13 11.57 11.56 | 23.23 11.34 11.89,https://racing.hkjc.com/en-us/local/information/archive/localresults?racedate=2026/05/09&racecourse=ST&RaceNo=5,false
2026-05-09_ST_06,2026-05-09_ST,2026-05-09,ST,6,679,Class 4,Class 4 - 1400M - (60-40),1400,60-40,GOOD TO YIELDING,"TURF - ""C"" Course",CASTLE PEAK HANDICAP,1170000,13.21 | 21.62 | 23.20 11.42 11.78 | 24.67 12.07 12.60,https://racing.hkjc.com/en-us/local/information/archive/localresults?racedate=2026/05/09&racecourse=ST&RaceNo=6,false
2026-05-09_ST_07,2026-05-09_ST,2026-05-09,ST,7,680,Class 4,Class 4 - 1600M - (60-40),1600,60-40,GOOD TO YIELDING,"TURF - ""C"" Course",THE ST GEORGE'S CHALLENGE CUP (HANDICAP),1170000,24.34 | 23.07 | 23.24 11.65 11.59 | 24.44 11.74 12.70,https://racing.hkjc.com/en-us/local/information/archive/localresults?racedate=2026/05/09&racecourse=ST&RaceNo=7,false
2026-05-09_ST_08,2026-05-09_ST,2026-05-09,ST,8,681,Class 3,Class 3 - 1200M - (80-60),1200,80-60,GOOD TO YIELDING,"TURF - ""C"" Course",LEI YUE MUN PARK HANDICAP,1860000,23.23 | 22.45 10.96 11.49 | 23.60 11.44 12.16,https://racing.hkjc.com/en-us/local/information/archive/localresults?racedate=2026/05/09&racecourse=ST&RaceNo=8,false
2026-05-09_ST_09,2026-05-09_ST,2026-05-09,ST,9,682,Class 3,Class 3 - 1000M - (80-60),1000,80-60,GOOD TO YIELDING,"TURF - ""C"" Course",POK FU LAM COUNTRY PARK HANDICAP,1860000,12.93 | 20.76 10.30 10.46 | 23.30 11.27 12.03,https://racing.hkjc.com/en-us/local/information/archive/localresults?racedate=2026/05/09&racecourse=ST&RaceNo=9,false
2026-05-09_ST_10,2026-05-09_ST,2026-05-09,ST,10,683,Class 3,Class 3 - 1600M - (80-60),1600,80-60,GOOD TO YIELDING,"TURF - ""C"" Course",POK FU LAM RESERVOIR HANDICAP,2050000,24.09 | 22.61 | 23.72 11.63 12.09 | 24.37 11.98 12.39,https://racing.hkjc.com/en-us/local/information/archive/localresults?racedate=2026/05/09&racecourse=ST&RaceNo=10,false
2026-05-09_ST_11,2026-05-09_ST,2026-05-09,ST,11,684,Class 2,Class 2 - 1200M - (105-80),1200,105-80,GOOD TO YIELDING,"TURF - ""C"" Course",SAI WAN SHAN HANDICAP,2840000,23.43 | 22.20 10.98 11.22 | 23.44 11.38 12.06,https://racing.hkjc.com/en-us/local/information/archive/localresults?racedate=2026/05/09&racecourse=ST&RaceNo=11,false
2026-05-13_HV_01,2026-05-13_HV,2026-05-13,HV,1,685,Class 5,Class 5 - 1650M - (40-0),1650,40-0,GOOD TO FIRM,"TURF - ""C+3"" Course",MAISONS-LAFFITTE HANDICAP,875000,27.52 | 23.69 | 24.34 12.04 12.30 | 24.30 12.01 12.29,https://racing.hkjc.com/en-us/local/information/archive/localresults?racedate=2026/05/13&racecourse=HV&RaceNo=1,false
2026-05-13_HV_02,2026-05-13_HV,2026-05-13,HV,2,686,Class 4,Class 4 - 1200M - (60-40),1200,60-40,GOOD TO FIRM,"TURF - ""C+3"" Course",CHANTILLY HANDICAP,1170000,23.96 | 22.51 11.16 11.35 | 22.90 11.38 11.52,https://racing.hkjc.com/en-us/local/information/archive/localresults?racedate=2026/05/13&racecourse=HV&RaceNo=2,false
2026-05-13_HV_03,2026-05-13_HV,2026-05-13,HV,3,687,Class 3,Class 3 - 1650M - (80-60),1650,80-60,GOOD TO FIRM,"TURF - ""C+3"" Course",THE FRENCH MAY TROPHY (HANDICAP),2050000,27.46 | 23.46 | 24.02 12.13 11.89 | 23.96 11.88 12.08,https://racing.hkjc.com/en-us/local/information/archive/localresults?racedate=2026/05/13&racecourse=HV&RaceNo=3,false
2026-05-13_HV_04,2026-05-13_HV,2026-05-13,HV,4,688,Class 4,Class 4 - 1650M - (60-40),1650,60-40,GOOD TO FIRM,"TURF - ""C+3"" Course",SAINT-CLOUD HANDICAP,1170000,27.43 | 23.08 | 24.96 12.36 12.60 | 24.44 12.39 12.05,https://racing.hkjc.com/en-us/local/information/archive/localresults?racedate=2026/05/13&racecourse=HV&RaceNo=4,false
2026-05-13_HV_05,2026-05-13_HV,2026-05-13,HV,5,689,Class 3,Class 3 - 1800M - (80-60),1800,80-60,GOOD TO FIRM,"TURF - ""C+3"" Course",THE FRANCE GALOP CUP (HANDICAP),2050000,13.77 | 23.09 | 23.86 | 24.20 12.20 12.00 | 23.95 11.86 12.09,https://racing.hkjc.com/en-us/local/information/archive/localresults?racedate=2026/05/13&racecourse=HV&RaceNo=5,false
2026-05-13_HV_06,2026-05-13_HV,2026-05-13,HV,6,690,Class 4,Class 4 - 1650M - (60-40),1650,60-40,GOOD TO FIRM,"TURF - ""C+3"" Course",SAINT-CLOUD HANDICAP,1170000,27.72 | 23.65 | 24.91 12.57 12.34 | 23.87 11.84 12.03,https://racing.hkjc.com/en-us/local/information/archive/localresults?racedate=2026/05/13&racecourse=HV&RaceNo=6,false
2026-05-13_HV_07,2026-05-13_HV,2026-05-13,HV,7,691,Class 4,Class 4 - 1200M - (60-40),1200,60-40,GOOD TO FIRM,"TURF - ""C+3"" Course",CHANTILLY HANDICAP,1170000,23.33 | 22.42 10.95 11.47 | 24.08 11.67 12.41,https://racing.hkjc.com/en-us/local/information/archive/localresults?racedate=2026/05/13&racecourse=HV&RaceNo=7,false
2026-05-13_HV_08,2026-05-13_HV,2026-05-13,HV,8,692,Class 3,Class 3 - 1200M - (80-60),1200,80-60,GOOD TO FIRM,"TURF - ""C+3"" Course",DEAUVILLE HANDICAP,1860000,23.48 | 22.44 11.01 11.43 | 23.25 11.56 11.69,https://racing.hkjc.com/en-us/local/information/archive/localresults?racedate=2026/05/13&racecourse=HV&RaceNo=8,false
2026-05-13_HV_09,2026-05-13_HV,2026-05-13,HV,9,693,Class 2,Class 2 - 1650M - (105-80),1650,105-80,GOOD TO FIRM,"TURF - ""C+3"" Course",PARISLONGCHAMP HANDICAP,3120000,28.06 | 22.96 | 23.74 11.93 11.81 | 23.91 11.73 12.18,https://racing.hkjc.com/en-us/local/information/archive/localresults?racedate=2026/05/13&racecourse=HV&RaceNo=9,false
2026-05-17_ST_01,2026-05-17_ST,2026-05-17,ST,1,694,Class 5,Class 5 - 1800M - (40-0),1800,40-0,GOOD TO YIELDING,"TURF - ""C+3"" Course",BUFFALO HILL HANDICAP,875000,13.93 | 22.32 | 25.64 | 24.27 12.54 11.73 | 24.27 11.91 12.36,https://racing.hkjc.com/en-us/local/information/archive/localresults?racedate=2026/05/17&racecourse=ST&RaceNo=1,false
2026-05-17_ST_02,2026-05-17_ST,2026-05-17,ST,2,695,Class 4,Class 4 - 1000M - (60-40),1000,60-40,GOOD TO YIELDING,"TURF - ""C+3"" Course",CHEUNG SHAN HANDICAP,1170000,13.08 | 20.80 10.22 10.58 | 22.55 11.10 11.45,https://racing.hkjc.com/en-us/local/information/archive/localresults?racedate=2026/05/17&racecourse=ST&RaceNo=2,false
2026-05-17_ST_03,2026-05-17_ST,2026-05-17,ST,3,696,Class 5,Class 5 - 1200M - (40-0),1200,40-0,GOOD TO YIELDING,"TURF - ""C+3"" Course",EAGLE'S NEST HANDICAP,875000,23.81 | 22.61 11.19 11.42 | 24.22 11.79 12.43,https://racing.hkjc.com/en-us/local/information/archive/localresults?racedate=2026/05/17&racecourse=ST&RaceNo=3,false
2026-05-17_ST_04,2026-05-17_ST,2026-05-17,ST,4,697,Class 4,Class 4 - 1200M - (60-40),1200,60-40,GOOD TO YIELDING,"TURF - ""C+3"" Course",LUK WU HANDICAP,1170000,24.13 | 22.89 11.19 11.70 | 23.54 11.59 11.95,https://racing.hkjc.com/en-us/local/information/archive/localresults?racedate=2026/05/17&racecourse=ST&RaceNo=4,false
2026-05-17_ST_05,2026-05-17_ST,2026-05-17,ST,5,698,Class 4,Class 4 - 1200M - (60-40),1200,60-40,GOOD TO YIELDING,"TURF - ""C+3"" Course",LUK WU HANDICAP,1170000,24.07 | 22.76 11.39 11.37 | 23.66 11.60 12.06,https://racing.hkjc.com/en-us/local/information/archive/localresults?racedate=2026/05/17&racecourse=ST&RaceNo=5,false
2026-05-17_ST_06,2026-05-17_ST,2026-05-17,ST,6,699,Class 3,Class 3 - 1200M - (80-60),1200,80-60,YIELDING,"TURF - ""C+3"" Course",THE HONG KONG LIONS CUP (HANDICAP),1860000,23.64 | 22.82 11.08 11.74 | 24.52 12.19 12.33,https://racing.hkjc.com/en-us/local/information/archive/localresults?racedate=2026/05/17&racecourse=ST&RaceNo=6,false
2026-05-17_ST_07,2026-05-17_ST,2026-05-17,ST,7,700,Class 4,Class 4 - 1400M - (60-40),1400,60-40,YIELDING,"TURF - ""C+3"" Course",LUNG FU SHAN HANDICAP,1170000,13.06 | 21.66 | 24.22 11.96 12.26 | 24.94 12.14 12.80,https://racing.hkjc.com/en-us/local/information/archive/localresults?racedate=2026/05/17&racecourse=ST&RaceNo=7,false
2026-05-17_ST_08,2026-05-17_ST,2026-05-17,ST,8,701,Class 4,Class 4 - 1800M - (60-40),1800,60-40,YIELDING,"TURF - ""C+3"" Course",PORT SHELTER HANDICAP,1170000,13.90 | 21.69 | 23.77 | 25.66 12.68 12.98 | 24.96 12.35 12.61,https://racing.hkjc.com/en-us/local/information/archive/localresults?racedate=2026/05/17&racecourse=ST&RaceNo=8,false
2026-05-17_ST_09,2026-05-17_ST,2026-05-17,ST,9,702,Class 4,Class 4 - 1400M - (60-40),1400,60-40,YIELDING,"TURF - ""C+3"" Course",LUNG FU SHAN HANDICAP,1170000,13.35 | 22.30 | 23.62 11.85 11.77 | 24.82 12.01 12.81,https://racing.hkjc.com/en-us/local/information/archive/localresults?racedate=2026/05/17&racecourse=ST&RaceNo=9,false
2026-05-17_ST_10,2026-05-17_ST,2026-05-17,ST,10,703,Class 3,Class 3 - 1400M - (80-60),1400,80-60,YIELDING,"TURF - ""C+3"" Course",SIU MA SHAN HANDICAP,1860000,13.39 | 22.24 | 23.99 11.90 12.09 | 24.07 11.90 12.17,https://racing.hkjc.com/en-us/local/information/archive/localresults?racedate=2026/05/17&racecourse=ST&RaceNo=10,false
2026-05-17_ST_11,2026-05-17_ST,2026-05-17,ST,11,704,Class 3,Class 3 - 1400M - (80-60),1400,80-60,YIELDING,"TURF - ""C+3"" Course",SIU MA SHAN HANDICAP,1860000,13.69 | 21.71 | 23.54 11.65 11.89 | 24.76 12.22 12.54,https://racing.hkjc.com/en-us/local/information/archive/localresults?racedate=2026/05/17&racecourse=ST&RaceNo=11,false
2026-05-20_HV_01,2026-05-20_HV,2026-05-20,HV,1,705,Class 5,Class 5 - 1000M - (40-0),1000,40-0,GOOD,"TURF - ""A"" Course",CELOSIA HANDICAP,875000,12.65 | 20.95 10.11 10.84 | 23.28 11.29 11.99,https://racing.hkjc.com/en-us/local/information/archive/localresults?racedate=2026/05/20&racecourse=HV&RaceNo=1,false
2026-05-20_HV_02,2026-05-20_HV,2026-05-20,HV,2,706,Class 4,Class 4 - 1650M - (60-40),1650,60-40,GOOD,"TURF - ""A"" Course",DANDELION HANDICAP,1170000,27.25 | 23.15 | 24.49 12.08 12.41 | 24.32 12.22 12.10,https://racing.hkjc.com/en-us/local/information/archive/localresults?racedate=2026/05/20&racecourse=HV&RaceNo=2,false
2026-05-20_HV_03,2026-05-20_HV,2026-05-20,HV,3,707,Class 4,Class 4 - 1200M - (60-40),1200,60-40,GOOD,"TURF - ""A"" Course",DENDROBIUM HANDICAP,1170000,23.44 | 22.35 10.89 11.46 | 24.17 11.88 12.29,https://racing.hkjc.com/en-us/local/information/archive/localresults?racedate=2026/05/20&racecourse=HV&RaceNo=3,false
2026-05-20_HV_04,2026-05-20_HV,2026-05-20,HV,4,708,Class 4,Class 4 - 1650M - (60-40),1650,60-40,GOOD,"TURF - ""A"" Course",DANDELION HANDICAP,1170000,27.24 | 24.10 | 24.50 12.41 12.09 | 24.01 12.14 11.87,https://racing.hkjc.com/en-us/local/information/archive/localresults?racedate=2026/05/20&racecourse=HV&RaceNo=4,false
2026-05-20_HV_05,2026-05-20_HV,2026-05-20,HV,5,709,Class 4,Class 4 - 1000M - (60-40),1000,60-40,GOOD,"TURF - ""A"" Course",THE EWO CHALLENGE TROPHY (HANDICAP),1170000,12.51 | 21.29 10.40 10.89 | 23.21 11.57 11.64,https://racing.hkjc.com/en-us/local/information/archive/localresults?racedate=2026/05/20&racecourse=HV&RaceNo=5,false
2026-05-20_HV_06,2026-05-20_HV,2026-05-20,HV,6,710,Class 4,Class 4 - 1200M - (60-40),1200,60-40,GOOD,"TURF - ""A"" Course",DENDROBIUM HANDICAP,1170000,23.57 | 22.38 10.93 11.45 | 23.58 11.63 11.95,https://racing.hkjc.com/en-us/local/information/archive/localresults?racedate=2026/05/20&racecourse=HV&RaceNo=6,false
2026-05-20_HV_07,2026-05-20_HV,2026-05-20,HV,7,711,Class 3,Class 3 - 1650M - (80-60),1650,80-60,GOOD,"TURF - ""A"" Course",HYACINTH HANDICAP,2050000,27.42 | 23.75 | 24.30 12.06 12.24 | 24.28 12.04 12.24,https://racing.hkjc.com/en-us/local/information/archive/localresults?racedate=2026/05/20&racecourse=HV&RaceNo=7,false
2026-05-20_HV_08,2026-05-20_HV,2026-05-20,HV,8,712,Class 3,Class 3 - 1200M - (80-60),1200,80-60,GOOD,"TURF - ""A"" Course",VIOLET HANDICAP,1860000,23.22 | 22.27 10.75 11.52 | 24.08 11.77 12.31,https://racing.hkjc.com/en-us/local/information/archive/localresults?racedate=2026/05/20&racecourse=HV&RaceNo=8,false
2026-05-20_HV_09,2026-05-20_HV,2026-05-20,HV,9,713,Class 2,Class 2 - 1200M - (100-80),1200,100-80,GOOD,"TURF - ""A"" Course",THISTLE HANDICAP,2840000,23.19 | 22.23 11.13 11.10 | 23.57 11.66 11.91,https://racing.hkjc.com/en-us/local/information/archive/localresults?racedate=2026/05/20&racecourse=HV&RaceNo=9,false
2026-05-24_ST_01,2026-05-24_ST,2026-05-24,ST,1,714,Class 5,Class 5 - 1600M - (40-0),1600,40-0,GOOD,"TURF - ""A"" Course",STANDARD CHARTERED DIGITAL ASSETS HANDICAP,875000,23.92 | 22.96 | 24.63 12.25 12.38 | 23.53 11.69 11.84,https://racing.hkjc.com/en-us/local/information/archive/localresults?racedate=2026/05/24&racecourse=ST&RaceNo=1,false
2026-05-24_ST_02,2026-05-24_ST,2026-05-24,ST,2,715,Class 4,Class 4 - 1400M - (60-40),1400,60-40,GOOD TO FIRM,"TURF - ""A"" Course",STANDARD CHARTERED SUSTAINABLE FINANCE HANDICAP,1170000,13.70 | 21.89 | 23.12 11.55 11.57 | 22.87 11.05 11.82,https://racing.hkjc.com/en-us/local/information/archive/localresults?racedate=2026/05/24&racecourse=ST&RaceNo=2,false
2026-05-24_ST_03,2026-05-24_ST,2026-05-24,ST,3,716,Class 4,Class 4 - 1200M - (60-40),1200,60-40,GOOD TO FIRM,"TURF - ""A"" Course",STANDARD CHARTERED GREATER BAY AREA HANDICAP,1170000,24.07 | 21.90 10.76 11.14 | 23.33 11.43 11.90,https://racing.hkjc.com/en-us/local/information/archive/localresults?racedate=2026/05/24&racecourse=ST&RaceNo=3,false
2026-05-24_ST_04,2026-05-24_ST,2026-05-24,ST,4,717,Class 4,Class 4 - 1200M - (60-40),1200,60-40,GOOD TO FIRM,"TURF - ""A"" Course",STANDARD CHARTERED CORPORATE & INVESTMENT BANKING HANDICAP,1170000,24.00 | 23.04 11.52 11.52 | 22.29 11.01 11.28,https://racing.hkjc.com/en-us/local/information/archive/localresults?racedate=2026/05/24&racecourse=ST&RaceNo=4,false
2026-05-24_ST_05,2026-05-24_ST,2026-05-24,ST,5,718,Class 4,Class 4 - 1600M - (60-40),1600,60-40,GOOD TO FIRM,"TURF - ""A"" Course",STANDARD CHARTERED PRIORITY PRIVATE HANDICAP,1170000,24.87 | 23.37 | 24.49 12.44 12.05 | 22.77 11.36 11.41,https://racing.hkjc.com/en-us/local/information/archive/localresults?racedate=2026/05/24&racecourse=ST&RaceNo=5,false
2026-05-24_ST_06,2026-05-24_ST,2026-05-24,ST,6,719,Class 4,Class 4 - 1400M - (60-40),1400,60-40,GOOD TO FIRM,"TURF - ""A"" Course",STANDARD CHARTERED PRIORITY BANKING HANDICAP,1170000,13.58 | 22.46 | 23.59 11.84 11.75 | 22.44 10.91 11.53,https://racing.hkjc.com/en-us/local/information/archive/localresults?racedate=2026/05/24&racecourse=ST&RaceNo=6,false
2026-05-24_ST_07,2026-05-24_ST,2026-05-24,ST,7,720,Class 3,Class 3 - 1800M - (85-60),1800,85-60,GOOD TO FIRM,"TURF - ""A"" Course",STANDARD CHARTERED WEALTH SOLUTIONS HANDICAP,2050000,14.07 | 22.45 | 23.72 | 23.61 11.82 11.79 | 23.10 11.47 11.63,https://racing.hkjc.com/en-us/local/information/archive/localresults?racedate=2026/05/24&racecourse=ST&RaceNo=7,false
2026-05-24_ST_08,2026-05-24_ST,2026-05-24,ST,8,721,Group One,Group One - 2400M,2400,,GOOD TO FIRM,"TURF - ""A"" Course",THE STANDARD CHARTERED CHAMPIONS & CHATER CUP,13000000,25.90 | 25.04 | 25.13 | 24.65 | 22.66 11.37 11.29 | 23.29 11.46 11.83,https://racing.hkjc.com/en-us/local/information/archive/localresults?racedate=2026/05/24&racecourse=ST&RaceNo=8,false
2026-05-24_ST_09,2026-05-24_ST,2026-05-24,ST,9,722,Class 2,Class 2 - 1400M - (100-80),1400,100-80,GOOD TO FIRM,"TURF - ""A"" Course",STANDARD CHARTERED GLOBAL PRIVATE BANK HANDICAP,2840000,13.59 | 22.15 | 23.20 11.70 11.50 | 22.49 11.00 11.49,https://racing.hkjc.com/en-us/local/information/archive/localresults?racedate=2026/05/24&racecourse=ST&RaceNo=9,false
2026-05-24_ST_10,2026-05-24_ST,2026-05-24,ST,10,723,Class 3,Class 3 - 1200M - (80-60),1200,80-60,GOOD TO FIRM,"TURF - ""A"" Course",STANDARD CHARTERED RENMINBI BUSINESS HANDICAP,1860000,24.09 | 22.77 11.30 11.47 | 22.22 10.87 11.35,https://racing.hkjc.com/en-us/local/information/archive/localresults?racedate=2026/05/24&racecourse=ST&RaceNo=10,false
2026-05-24_ST_11,2026-05-24_ST,2026-05-24,ST,11,724,Class 3,Class 3 - 1400M - (80-60),1400,80-60,GOOD TO FIRM,"TURF - ""A"" Course",STANDARD CHARTERED SME BANKING HANDICAP,1860000,13.51 | 22.08 | 23.67 11.87 11.80 | 22.57 11.14 11.43,https://racing.hkjc.com/en-us/local/information/archive/localresults?racedate=2026/05/24&racecourse=ST&RaceNo=11,false
2026-05-27_HV_01,2026-05-27_HV,2026-05-27,HV,1,725,Class 5,Class 5 - 1200M - (40-0),1200,40-0,GOOD TO FIRM,"TURF - ""B"" Course",DORDOGNE HANDICAP,875000,23.36 | 23.12 11.19 11.93 | 23.33 11.68 11.65,https://racing.hkjc.com/en-us/local/information/archive/localresults?racedate=2026/05/27&racecourse=HV&RaceNo=1,false
2026-05-27_HV_02,2026-05-27_HV,2026-05-27,HV,2,726,Class 5,Class 5 - 2200M - (40-0),2200,40-0,GOOD TO FIRM,"TURF - ""B"" Course",LOIRE HANDICAP,875000,14.08 | 23.31 | 24.87 | 25.41 | 23.78 11.77 12.01 | 24.72 12.23 12.49,https://racing.hkjc.com/en-us/local/information/archive/localresults?racedate=2026/05/27&racecourse=HV&RaceNo=2,false
2026-05-27_HV_03,2026-05-27_HV,2026-05-27,HV,3,727,Class 4,Class 4 - 1650M - (60-40),1650,60-40,GOOD TO FIRM,"TURF - ""B"" Course",RHINE HANDICAP,1170000,27.68 | 23.25 | 23.83 11.76 12.07 | 24.43 11.89 12.54,https://racing.hkjc.com/en-us/local/information/archive/localresults?racedate=2026/05/27&racecourse=HV&RaceNo=3,false
2026-05-27_HV_04,2026-05-27_HV,2026-05-27,HV,4,728,Class 4,Class 4 - 1200M - (60-40),1200,60-40,GOOD TO FIRM,"TURF - ""B"" Course",CIRON HANDICAP,1170000,23.56 | 22.49 10.76 11.73 | 23.65 11.68 11.97,https://racing.hkjc.com/en-us/local/information/archive/localresults?racedate=2026/05/27&racecourse=HV&RaceNo=4,false
2026-05-27_HV_05,2026-05-27_HV,2026-05-27,HV,5,729,Class 3,Class 3 - 1650M - (80-60),1650,80-60,GOOD TO FIRM,"TURF - ""B"" Course",THE SAUTERNES'S CUP (HANDICAP),2050000,27.72 | 23.77 | 23.57 11.90 11.67 | 23.93 11.82 12.11,https://racing.hkjc.com/en-us/local/information/archive/localresults?racedate=2026/05/27&racecourse=HV&RaceNo=5,false
2026-05-27_HV_06,2026-05-27_HV,2026-05-27,HV,6,730,Class 4,Class 4 - 1200M - (60-40),1200,60-40,GOOD TO FIRM,"TURF - ""B"" Course",CIRON HANDICAP,1170000,23.17 | 22.34 10.80 11.54 | 24.16 11.88 12.28,https://racing.hkjc.com/en-us/local/information/archive/localresults?racedate=2026/05/27&racecourse=HV&RaceNo=6,false
2026-05-27_HV_07,2026-05-27_HV,2026-05-27,HV,7,731,Class 4,Class 4 - 1200M - (60-40),1200,60-40,GOOD TO FIRM,"TURF - ""B"" Course",CIRON HANDICAP,1170000,23.31 | 22.96 11.18 11.78 | 23.89 11.80 12.09,https://racing.hkjc.com/en-us/local/information/archive/localresults?racedate=2026/05/27&racecourse=HV&RaceNo=7,false
2026-05-27_HV_08,2026-05-27_HV,2026-05-27,HV,8,732,Class 3,Class 3 - 1000M - (80-60),1000,80-60,GOOD TO FIRM,"TURF - ""B"" Course",GARONNE HANDICAP,1860000,12.45 | 20.84 10.16 10.68 | 23.55 11.51 12.04,https://racing.hkjc.com/en-us/local/information/archive/localresults?racedate=2026/05/27&racecourse=HV&RaceNo=8,false
2026-05-27_HV_09,2026-05-27_HV,2026-05-27,HV,9,733,Class 3,Class 3 - 1200M - (80-60),1200,80-60,GOOD TO FIRM,"TURF - ""B"" Course",SEINE HANDICAP,1860000,23.24 | 23.06 11.26 11.80 | 23.74 11.85 11.89,https://racing.hkjc.com/en-us/local/information/archive/localresults?racedate=2026/05/27&racecourse=HV&RaceNo=9,false
2026-05-31_ST_01,2026-05-31_ST,2026-05-31,ST,1,734,Griffin Race,Griffin Race - 1200M,1200,,GOOD,"TURF - ""B"" Course",HONG KONG WU HUA GENERAL ASSOCIATION CUP PLATE,950000,23.83 | 23.34 11.53 11.81 | 22.57 11.05 11.52,https://racing.hkjc.com/en-us/local/information/archive/localresults?racedate=2026/05/31&racecourse=ST&RaceNo=1,false
2026-05-31_ST_02,2026-05-31_ST,2026-05-31,ST,2,735,Class 4,Class 4 - 1000M - (60-40),1000,60-40,GOOD,"TURF - ""B"" Course",HONG KONG MEI ZHOU ASSOCIATION CUP HANDICAP,1170000,13.06 | 20.26 09.97 10.29 | 22.82 10.87 11.95,https://racing.hkjc.com/en-us/local/information/archive/localresults?racedate=2026/05/31&racecourse=ST&RaceNo=2,false
2026-05-31_ST_03,2026-05-31_ST,2026-05-31,ST,3,736,Class 4,Class 4 - 1200M - (60-40),1200,60-40,GOOD,"TURF - ""B"" Course",FEDERATION OF ASSOCIATIONS OF NATIVE HING NING RESIDENTS IN HONG KONG CUP HANDICAP,1170000,24.00 | 22.42 11.16 11.26 | 22.70 11.22 11.48,https://racing.hkjc.com/en-us/local/information/archive/localresults?racedate=2026/05/31&racecourse=ST&RaceNo=3,false
2026-05-31_ST_04,2026-05-31_ST,2026-05-31,ST,4,737,Class 4,Class 4 - 1200M - (60-40),1200,60-40,GOOD,"TURF - ""B"" Course",HONG KONG FEDERATION OF GUANGZHOU ASSOCIATIONS CUP HANDICAP,1170000,23.66 | 22.24 10.98 11.26 | 23.06 11.40 11.66,https://racing.hkjc.com/en-us/local/information/archive/localresults?racedate=2026/05/31&racecourse=ST&RaceNo=4,false
2026-05-31_ST_05,2026-05-31_ST,2026-05-31,ST,5,738,Class 3,Class 3 - 1400M - (80-60),1400,80-60,GOOD,"TURF - ""B"" Course",THE HAKKA CUP (HANDICAP),1860000,13.36 | 21.60 | 22.73 11.38 11.35 | 23.16 11.32 11.84,https://racing.hkjc.com/en-us/local/information/archive/localresults?racedate=2026/05/31&racecourse=ST&RaceNo=5,false
2026-05-31_ST_06,2026-05-31_ST,2026-05-31,ST,6,739,Class 4,Class 4 - 2000M - (60-40),2000,60-40,GOOD,"TURF - ""B"" Course",HONG KONG FEDERATION OF HUICHOW ASSOCIATIONS CUP HANDICAP,1170000,26.45 | 24.27 | 24.04 | 22.97 11.42 11.55 | 23.59 11.61 11.98,https://racing.hkjc.com/en-us/local/information/archive/localresults?racedate=2026/05/31&racecourse=ST&RaceNo=6,false
2026-05-31_ST_07,2026-05-31_ST,2026-05-31,ST,7,740,Group Three,Group Three - 1600M,1600,,GOOD,"TURF - ""B"" Course",THE LION ROCK TROPHY (HANDICAP),4200000,25.02 | 23.38 | 23.09 11.71 11.38 | 22.09 10.84 11.25,https://racing.hkjc.com/en-us/local/information/archive/localresults?racedate=2026/05/31&racecourse=ST&RaceNo=7,false
2026-05-31_ST_08,2026-05-31_ST,2026-05-31,ST,8,741,Class 4,Class 4 - 1400M - (60-40),1400,60-40,GOOD TO FIRM,"TURF - ""B"" Course",FEDERATION OF QING YUAN ASSOCIATIONS (HONG KONG) CUP HANDICAP,1170000,13.36 | 21.44 | 22.94 11.38 11.56 | 23.07 11.46 11.61,https://racing.hkjc.com/en-us/local/information/archive/localresults?racedate=2026/05/31&racecourse=ST&RaceNo=8,false
2026-05-31_ST_09,2026-05-31_ST,2026-05-31,ST,9,742,Group Three,Group Three - 1200M,1200,,GOOD TO FIRM,"TURF - ""B"" Course",THE SHA TIN VASE (HANDICAP),4200000,23.54 | 21.98 10.95 11.03 | 22.42 10.99 11.43,https://racing.hkjc.com/en-us/local/information/archive/localresults?racedate=2026/05/31&racecourse=ST&RaceNo=9,false
2026-05-31_ST_10,2026-05-31_ST,2026-05-31,ST,10,743,Class 3,Class 3 - 1600M - (80-60),1600,80-60,GOOD TO FIRM,"TURF - ""B"" Course",THE GENERAL ASSOCIATION OF HONG KONG HEYUAN SOCIETIES CUP HANDICAP,2050000,24.51 | 23.35 | 23.68 11.94 11.74 | 22.59 11.16 11.43,https://racing.hkjc.com/en-us/local/information/archive/localresults?racedate=2026/05/31&racecourse=ST&RaceNo=10,false
2026-05-31_ST_11,2026-05-31_ST,2026-05-31,ST,11,744,Class 3,Class 3 - 1200M - (80-60),1200,80-60,GOOD TO FIRM,"TURF - ""B"" Course",HONG KONG KA YING (MEIZHOU) GENERAL CHAMBER OF COMMERCE CUP HANDICAP,1860000,23.08 | 22.22 10.85 11.37 | 22.70 11.12 11.58,https://racing.hkjc.com/en-us/local/information/archive/localresults?racedate=2026/05/31&racecourse=ST&RaceNo=11,false
2026-06-03_HV_01,2026-06-03_HV,2026-06-03,HV,1,745,Class 5,Class 5 - 1650M - (40-0),1650,40-0,GOOD TO FIRM,"TURF - ""C"" Course",MOUNT BUTLER HANDICAP,875000,27.65 | 23.30 | 23.75 11.64 12.11 | 24.15 12.02 12.13,https://racing.hkjc.com/en-us/local/information/archive/localresults?racedate=2026/06/03&racecourse=HV&RaceNo=1,false
2026-06-03_HV_02,2026-06-03_HV,2026-06-03,HV,2,746,Class 5,Class 5 - 1200M - (40-0),1200,40-0,GOOD TO FIRM,"TURF - ""C"" Course",MOUNT NICHOLSON HANDICAP,875000,23.58 | 22.61 10.92 11.69 | 23.80 11.75 12.05,https://racing.hkjc.com/en-us/local/information/archive/localresults?racedate=2026/06/03&racecourse=HV&RaceNo=2,false
2026-06-03_HV_03,2026-06-03_HV,2026-06-03,HV,3,747,Class 4,Class 4 - 1200M - (60-40),1200,60-40,GOOD TO FIRM,"TURF - ""C"" Course",WONG NAI CHUNG GAP HANDICAP,1170000,23.54 | 22.65 11.02 11.63 | 23.10 11.53 11.57,https://racing.hkjc.com/en-us/local/information/archive/localresults?racedate=2026/06/03&racecourse=HV&RaceNo=3,false
2026-06-03_HV_04,2026-06-03_HV,2026-06-03,HV,4,748,Class 4,Class 4 - 1650M - (60-40),1650,60-40,GOOD TO FIRM,"TURF - ""C"" Course",MIDDLE GAP HANDICAP,1170000,27.84 | 24.02 | 24.62 12.38 12.24 | 23.62 11.80 11.82,https://racing.hkjc.com/en-us/local/information/archive/localresults?racedate=2026/06/03&racecourse=HV&RaceNo=4,false
2026-06-03_HV_05,2026-06-03_HV,2026-06-03,HV,5,749,Class 4,Class 4 - 1200M - (60-40),1200,60-40,GOOD TO FIRM,"TURF - ""C"" Course",THE CRICKET CLUB VALLEY STAKES (HANDICAP),1170000,23.58 | 22.81 11.16 11.65 | 22.91 11.28 11.63,https://racing.hkjc.com/en-us/local/information/archive/localresults?racedate=2026/06/03&racecourse=HV&RaceNo=5,false
2026-06-03_HV_06,2026-06-03_HV,2026-06-03,HV,6,750,Class 4,Class 4 - 1200M - (60-40),1200,60-40,GOOD TO FIRM,"TURF - ""C"" Course",WONG NAI CHUNG GAP HANDICAP,1170000,23.58 | 22.80 11.24 11.56 | 22.99 11.42 11.57,https://racing.hkjc.com/en-us/local/information/archive/localresults?racedate=2026/06/03&racecourse=HV&RaceNo=6,false
2026-06-03_HV_07,2026-06-03_HV,2026-06-03,HV,7,751,Class 3,Class 3 - 1200M - (80-60),1200,80-60,GOOD TO FIRM,"TURF - ""C"" Course",SHOUSON HILL HANDICAP,1860000,23.43 | 22.56 11.12 11.44 | 23.26 11.47 11.79,https://racing.hkjc.com/en-us/local/information/archive/localresults?racedate=2026/06/03&racecourse=HV&RaceNo=7,false
2026-06-03_HV_08,2026-06-03_HV,2026-06-03,HV,8,752,Class 2,Class 2 - 1800M - (100-80),1800,100-80,GOOD TO FIRM,"TURF - ""C"" Course",TAI TAM GAP HANDICAP,3120000,13.78 | 23.56 | 24.56 | 23.62 12.01 11.61 | 23.10 11.48 11.62,https://racing.hkjc.com/en-us/local/information/archive/localresults?racedate=2026/06/03&racecourse=HV&RaceNo=8,false
2026-06-03_HV_09,2026-06-03_HV,2026-06-03,HV,9,753,Class 3,Class 3 - 1650M - (80-60),1650,80-60,GOOD TO FIRM,"TURF - ""C"" Course",VIOLET HILL HANDICAP,2050000,28.29 | 23.56 | 23.87 11.75 12.12 | 23.46 11.70 11.76,https://racing.hkjc.com/en-us/local/information/archive/localresults?racedate=2026/06/03&racecourse=HV&RaceNo=9,false
2026-06-07_ST_01,2026-06-07_ST,2026-06-07,ST,1,754,Class 5,Class 5 - 1800M - (40-0),1800,40-0,WET SLOW,ALL WEATHER TRACK,HKU FACULTIES OF ARTS AND EDUCATION HANDICAP,875000,13.41 | 22.57 | 24.35 | 24.22 12.37 11.85 | 24.23 11.93 12.30,https://racing.hkjc.com/en-us/local/information/archive/localresults?racedate=2026/06/07&racecourse=ST&RaceNo=1,false
2026-06-07_ST_02,2026-06-07_ST,2026-06-07,ST,2,755,Class 5,Class 5 - 1400M - (40-0),1400,40-0,GOOD,"TURF - ""C"" Course",HKU BUSINESS SCHOOL AND FACULTY OF ENGINEERING HANDICAP,875000,13.53 | 21.72 | 23.32 11.60 11.72 | 23.77 11.69 12.08,https://racing.hkjc.com/en-us/local/information/archive/localresults?racedate=2026/06/07&racecourse=ST&RaceNo=2,false
2026-06-07_ST_03,2026-06-07_ST,2026-06-07,ST,3,756,Class 4,Class 4 - 1200M - (60-40),1200,60-40,GOOD,"TURF - ""C"" Course",HKU FACULTIES OF DENTISTRY AND SOCIAL SCIENCES HANDICAP,1170000,23.92 | 22.35 11.09 11.26 | 22.63 11.11 11.52,https://racing.hkjc.com/en-us/local/information/archive/localresults?racedate=2026/06/07&racecourse=ST&RaceNo=3,false
2026-06-07_ST_04,2026-06-07_ST,2026-06-07,ST,4,757,Class 4,Class 4 - 1400M - (60-40),1400,60-40,GOOD,"TURF - ""C"" Course",HKU FACULTIES OF LAW AND MEDICINE HANDICAP,1170000,13.54 | 22.78 | 22.76 11.66 11.10 | 23.07 11.15 11.92,https://racing.hkjc.com/en-us/local/information/archive/localresults?racedate=2026/06/07&racecourse=ST&RaceNo=4,false
2026-06-07_ST_05,2026-06-07_ST,2026-06-07,ST,5,758,Class 4,Class 4 - 1800M - (60-40),1800,60-40,WET SLOW,ALL WEATHER TRACK,UNIVERSITY HALL HANDICAP,1170000,13.24 | 22.78 | 23.99 | 23.98 11.97 12.01 | 24.48 12.10 12.38,https://racing.hkjc.com/en-us/local/information/archive/localresults?racedate=2026/06/07&racecourse=ST&RaceNo=5,false
2026-06-07_ST_06,2026-06-07_ST,2026-06-07,ST,6,759,Class 4,Class 4 - 1600M - (60-40),1600,60-40,GOOD,"TURF - ""C"" Course",HKU HERITAGE HANDICAP,1170000,24.44 | 22.92 | 23.64 11.91 11.73 | 23.52 11.61 11.91,https://racing.hkjc.com/en-us/local/information/archive/localresults?racedate=2026/06/07&racecourse=ST&RaceNo=6,false
2026-06-07_ST_07,2026-06-07_ST,2026-06-07,ST,7,760,Class 4,Class 4 - 1200M - (60-40),1200,60-40,GOOD,"TURF - ""C"" Course",THE HONG KONG UNIVERSITY ALUMNI ASSOCIATION CHALLENGE CUP (HANDICAP),1170000,24.01 | 22.79 11.45 11.34 | 23.00 11.21 11.79,https://racing.hkjc.com/en-us/local/information/archive/localresults?racedate=2026/06/07&racecourse=ST&RaceNo=7,false
2026-06-07_ST_08,2026-06-07_ST,2026-06-07,ST,8,761,Class 3,Class 3 - 1000M - (80-60),1000,80-60,GOOD,"TURF - ""C"" Course",HKU FOUNDATION HANDICAP,1860000,13.05 | 20.45 10.22 10.23 | 22.37 10.64 11.73,https://racing.hkjc.com/en-us/local/information/archive/localresults?racedate=2026/06/07&racecourse=ST&RaceNo=8,false
2026-06-07_ST_09,2026-06-07_ST,2026-06-07,ST,9,762,Class 3,Class 3 - 1200M - (80-60),1200,80-60,GOOD,"TURF - ""C"" Course",HKU JOCKEY CLUB STUDENT VILLAGES HANDICAP,1860000,23.47 | 21.81 10.86 10.95 | 23.50 11.21 12.29,https://racing.hkjc.com/en-us/local/information/archive/localresults?racedate=2026/06/07&racecourse=ST&RaceNo=9,false
2026-06-07_ST_10,2026-06-07_ST,2026-06-07,ST,10,763,Class 2,Class 2 - 1200M - (100-80),1200,100-80,GOOD,"TURF - ""C"" Course",THE HONG KONG JOCKEY CLUB SCHOLARSHIPS HANDICAP,2840000,23.06 | 22.00 10.76 11.24 | 23.57 11.49 12.08,https://racing.hkjc.com/en-us/local/information/archive/localresults?racedate=2026/06/07&racecourse=ST&RaceNo=10,false
2026-06-07_ST_11,2026-06-07_ST,2026-06-07,ST,11,764,Class 3,Class 3 - 1400M - (80-60),1400,80-60,GOOD,"TURF - ""C"" Course",HKU JOCKEY CLUB TOWER HANDICAP,1860000,12.95 | 21.60 | 23.11 11.56 11.55 | 23.51 11.62 11.89,https://racing.hkjc.com/en-us/local/information/archive/localresults?racedate=2026/06/07&racecourse=ST&RaceNo=11,false
2026-06-10_HV_01,2026-06-10_HV,2026-06-10,HV,1,765,Class 5,Class 5 - 1800M - (40-0),1800,40-0,GOOD,"TURF - ""C+3"" Course",CHEK LAP KOK HANDICAP,875000,13.56 | 24.50 | 25.39 | 23.94 12.12 11.82 | 23.08 11.87 11.21,https://racing.hkjc.com/en-us/local/information/archive/localresults?racedate=2026/06/10&racecourse=HV&RaceNo=1,false
2026-06-10_HV_02,2026-06-10_HV,2026-06-10,HV,2,766,Class 4,Class 4 - 1650M - (60-40),1650,60-40,GOOD,"TURF - ""C+3"" Course",KAI TAK HANDICAP,1170000,28.32 | 24.01 | 24.46 12.57 11.89 | 22.99 11.47 11.52,https://racing.hkjc.com/en-us/local/information/archive/localresults?racedate=2026/06/10&racecourse=HV&RaceNo=2,false
2026-06-10_HV_03,2026-06-10_HV,2026-06-10,HV,3,767,Class 4,Class 4 - 1200M - (60-40),1200,60-40,GOOD,"TURF - ""C+3"" Course",STANLEY HANDICAP,1170000,23.17 | 22.60 11.22 11.38 | 23.58 11.33 12.25,https://racing.hkjc.com/en-us/local/information/archive/localresults?racedate=2026/06/10&racecourse=HV&RaceNo=3,false
2026-06-10_HV_04,2026-06-10_HV,2026-06-10,HV,4,768,Class 4,Class 4 - 1000M - (60-40),1000,60-40,GOOD,"TURF - ""C+3"" Course",TSIM SHA TSUI HANDICAP,1170000,12.40 | 21.22 10.25 10.97 | 23.18 11.32 11.86,https://racing.hkjc.com/en-us/local/information/archive/localresults?racedate=2026/06/10&racecourse=HV&RaceNo=4,false
2026-06-10_HV_05,2026-06-10_HV,2026-06-10,HV,5,769,Class 4,Class 4 - 1650M - (60-40),1650,60-40,GOOD,"TURF - ""C+3"" Course",THE TOURISM CUP (HANDICAP),1170000,27.88 | 23.63 | 23.64 12.10 11.54 | 24.04 11.92 12.12,https://racing.hkjc.com/en-us/local/information/archive/localresults?racedate=2026/06/10&racecourse=HV&RaceNo=5,false
2026-06-10_HV_06,2026-06-10_HV,2026-06-10,HV,6,770,Class 4,Class 4 - 1200M - (60-40),1200,60-40,GOOD,"TURF - ""C+3"" Course",STANLEY HANDICAP,1170000,23.27 | 22.29 11.10 11.19 | 23.70 11.62 12.08,https://racing.hkjc.com/en-us/local/information/archive/localresults?racedate=2026/06/10&racecourse=HV&RaceNo=6,false
2026-06-10_HV_07,2026-06-10_HV,2026-06-10,HV,7,771,Class 3,Class 3 - 1800M - (80-60),1800,80-60,GOOD,"TURF - ""C+3"" Course",VICTORIA HARBOUR HANDICAP,2050000,13.64 | 23.27 | 23.93 | 23.85 12.17 11.68 | 23.80 11.76 12.04,https://racing.hkjc.com/en-us/local/information/archive/localresults?racedate=2026/06/10&racecourse=HV&RaceNo=7,false
2026-06-10_HV_08,2026-06-10_HV,2026-06-10,HV,8,772,Class 3,Class 3 - 1200M - (80-60),1200,80-60,GOOD,"TURF - ""C+3"" Course",WEST KOWLOON HANDICAP,1860000,23.23 | 22.50 11.11 11.39 | 23.46 11.83 11.63,https://racing.hkjc.com/en-us/local/information/archive/localresults?racedate=2026/06/10&racecourse=HV&RaceNo=8,false
2026-06-10_HV_09,2026-06-10_HV,2026-06-10,HV,9,773,Class 3,Class 3 - 1200M - (80-60),1200,80-60,GOOD,"TURF - ""C+3"" Course",WEST KOWLOON HANDICAP,1860000,23.05 | 22.27 11.10 11.17 | 24.06 12.02 12.04,https://racing.hkjc.com/en-us/local/information/archive/localresults?racedate=2026/06/10&racecourse=HV&RaceNo=9,false
2026-06-13_ST_01,2026-06-13_ST,2026-06-13,ST,1,774,Griffin Race,Griffin Race - 1000M,1000,,GOOD TO YIELDING,"TURF - ""C+3"" Course",SUNBIRD PLATE,950000,13.37 | 20.84 10.37 10.47 | 21.60 10.44 11.16,https://racing.hkjc.com/en-us/local/information/archive/localresults?racedate=2026/06/13&racecourse=ST&RaceNo=1,false
2026-06-13_ST_02,2026-06-13_ST,2026-06-13,ST,2,775,Class 5,Class 5 - 1200M - (40-0),1200,40-0,GOOD TO YIELDING,"TURF - ""C+3"" Course",SHEARWATER HANDICAP,875000,23.64 | 22.35 10.96 11.39 | 23.67 11.53 12.14,https://racing.hkjc.com/en-us/local/information/archive/localresults?racedate=2026/06/13&racecourse=ST&RaceNo=2,false
2026-06-13_ST_03,2026-06-13_ST,2026-06-13,ST,3,776,Class 4,Class 4 - 1400M - (60-40),1400,60-40,GOOD TO YIELDING,"TURF - ""C+3"" Course",SWAN HANDICAP,1170000,13.47 | 22.00 | 23.50 11.76 11.74 | 23.45 11.66 11.79,https://racing.hkjc.com/en-us/local/information/archive/localresults?racedate=2026/06/13&racecourse=ST&RaceNo=3,false
2026-06-13_ST_04,2026-06-13_ST,2026-06-13,ST,4,777,Class 4,Class 4 - 1800M - (60-40),1800,60-40,GOOD TO YIELDING,"TURF - ""C+3"" Course",FLAMINGO HANDICAP,1170000,13.90 | 22.45 | 25.09 | 24.38 12.54 11.84 | 23.06 11.47 11.59,https://racing.hkjc.com/en-us/local/information/archive/localresults?racedate=2026/06/13&racecourse=ST&RaceNo=4,false
2026-06-13_ST_05,2026-06-13_ST,2026-06-13,ST,5,778,Class 4,Class 4 - 1200M - (60-40),1200,60-40,SEALED,ALL WEATHER TRACK,SAND MARTIN HANDICAP,1170000,23.24 | 22.11 10.74 11.37 | 23.78 11.47 12.31,https://racing.hkjc.com/en-us/local/information/archive/localresults?racedate=2026/06/13&racecourse=ST&RaceNo=5,false
2026-06-13_ST_06,2026-06-13_ST,2026-06-13,ST,6,779,Class 4,Class 4 - 1400M - (60-40),1400,60-40,GOOD TO YIELDING,"TURF - ""C+3"" Course",SWAN HANDICAP,1170000,13.44 | 22.23 | 23.67 11.73 11.94 | 22.91 11.20 11.71,https://racing.hkjc.com/en-us/local/information/archive/localresults?racedate=2026/06/13&racecourse=ST&RaceNo=6,false
2026-06-13_ST_07,2026-06-13_ST,2026-06-13,ST,7,780,Class 4,Class 4 - 1200M - (60-40),1200,60-40,GOOD TO YIELDING,"TURF - ""C+3"" Course",ANSER HANDICAP,1170000,23.76 | 22.57 10.99 11.58 | 23.11 11.58 11.53,https://racing.hkjc.com/en-us/local/information/archive/localresults?racedate=2026/06/13&racecourse=ST&RaceNo=7,false
2026-06-13_ST_08,2026-06-13_ST,2026-06-13,ST,8,781,Class 2,Class 2 - 1600M - (100-80),1600,100-80,GOOD TO YIELDING,"TURF - ""C+3"" Course",PEACOCK HANDICAP,3120000,25.71 | 23.26 | 23.00 11.44 11.56 | 22.84 11.28 11.56,https://racing.hkjc.com/en-us/local/information/archive/localresults?racedate=2026/06/13&racecourse=ST&RaceNo=8,false
2026-06-13_ST_09,2026-06-13_ST,2026-06-13,ST,9,782,Class 3,Class 3 - 1200M - (85-60),1200,85-60,SEALED,ALL WEATHER TRACK,SNIPE HANDICAP,1860000,23.24 | 22.13 10.70 11.43 | 22.65 11.03 11.62,https://racing.hkjc.com/en-us/local/information/archive/localresults?racedate=2026/06/13&racecourse=ST&RaceNo=9,false
2026-06-13_ST_10,2026-06-13_ST,2026-06-13,ST,10,783,Class 3,Class 3 - 1600M - (80-60),1600,80-60,GOOD TO YIELDING,"TURF - ""C+3"" Course",SPOONBILL HANDICAP,2050000,24.68 | 23.41 | 23.86 12.02 11.84 | 22.83 11.31 11.52,https://racing.hkjc.com/en-us/local/information/archive/localresults?racedate=2026/06/13&racecourse=ST&RaceNo=10,false
2026-06-13_ST_11,2026-06-13_ST,2026-06-13,ST,11,784,Class 3,Class 3 - 1400M - (80-60),1400,80-60,GOOD TO YIELDING,"TURF - ""C+3"" Course",OWL HANDICAP,1860000,13.31 | 22.15 | 23.72 12.00 11.72 | 22.86 11.14 11.72,https://racing.hkjc.com/en-us/local/information/archive/localresults?racedate=2026/06/13&racecourse=ST&RaceNo=11,false
2026-06-21_ST_01,2026-06-21_ST,2026-06-21,ST,1,785,Class 4,Class 4 - 1000M - (60-40),1000,60-40,GOOD,"TURF - ""A"" Course",RUBY HANDICAP,1170000,13.19 | 20.70 10.11 10.59 | 22.35 10.64 11.71,https://racing.hkjc.com/en-us/local/information/archive/localresults?racedate=2026/06/21&racecourse=ST&RaceNo=1,false
2026-06-21_ST_02,2026-06-21_ST,2026-06-21,ST,2,786,Class 5,Class 5 - 1400M - (40-0),1400,40-0,GOOD,"TURF - ""A"" Course",SPESSARTINE GARNET HANDICAP,875000,13.45 | 22.18 | 23.34 11.98 11.36 | 23.48 11.38 12.10,https://racing.hkjc.com/en-us/local/information/archive/localresults?racedate=2026/06/21&racecourse=ST&RaceNo=2,false
2026-06-21_ST_03,2026-06-21_ST,2026-06-21,ST,3,787,Class 4,Class 4 - 1200M - (60-40),1200,60-40,GOOD,"TURF - ""A"" Course",DIAMOND HANDICAP,1170000,23.78 | 22.20 11.07 11.13 | 22.81 10.87 11.94,https://racing.hkjc.com/en-us/local/information/archive/localresults?racedate=2026/06/21&racecourse=ST&RaceNo=3,false
2026-06-21_ST_04,2026-06-21_ST,2026-06-21,ST,4,788,Class 4,Class 4 - 1200M - (60-40),1200,60-40,GOOD,"TURF - ""A"" Course",DIAMOND HANDICAP,1170000,23.71 | 22.28 10.96 11.32 | 22.95 11.19 11.76,https://racing.hkjc.com/en-us/local/information/archive/localresults?racedate=2026/06/21&racecourse=ST&RaceNo=4,false
2026-06-21_ST_05,2026-06-21_ST,2026-06-21,ST,5,789,Class 4,Class 4 - 1600M - (60-40),1600,60-40,GOOD,"TURF - ""A"" Course",TOPAZ HANDICAP,1170000,24.45 | 23.26 | 24.05 12.23 11.82 | 22.98 11.26 11.72,https://racing.hkjc.com/en-us/local/information/archive/localresults?racedate=2026/06/21&racecourse=ST&RaceNo=5,false
2026-06-21_ST_06,2026-06-21_ST,2026-06-21,ST,6,790,Class 4,Class 4 - 1400M - (60-40),1400,60-40,GOOD,"TURF - ""A"" Course",EMERALD HANDICAP,1170000,13.40 | 22.36 | 23.83 12.22 11.61 | 22.77 11.05 11.72,https://racing.hkjc.com/en-us/local/information/archive/localresults?racedate=2026/06/21&racecourse=ST&RaceNo=6,false
2026-06-21_ST_07,2026-06-21_ST,2026-06-21,ST,7,791,Group Three,Group Three - 1400M,1400,,GOOD,"TURF - ""A"" Course",THE PREMIER CUP (HANDICAP),4200000,13.21 | 21.88 | 22.45 11.22 11.23 | 22.84 11.07 11.77,https://racing.hkjc.com/en-us/local/information/archive/localresults?racedate=2026/06/21&racecourse=ST&RaceNo=7,false
2026-06-21_ST_08,2026-06-21_ST,2026-06-21,ST,8,792,Class 3,Class 3 - 2000M - (80-60),2000,80-60,GOOD,"TURF - ""A"" Course",LAPIS LAZULI HANDICAP,2050000,25.88 | 24.87 | 25.26 | 23.91 12.31 11.60 | 22.81 11.21 11.60,https://racing.hkjc.com/en-us/local/information/archive/localresults?racedate=2026/06/21&racecourse=ST&RaceNo=8,false
2026-06-21_ST_09,2026-06-21_ST,2026-06-21,ST,9,793,Group Three,Group Three - 1800M,1800,,GOOD,"TURF - ""A"" Course",THE PREMIER PLATE (HANDICAP),4200000,14.09 | 23.23 | 24.37 | 24.08 12.45 11.63 | 22.19 11.11 11.08,https://racing.hkjc.com/en-us/local/information/archive/localresults?racedate=2026/06/21&racecourse=ST&RaceNo=9,false
2026-06-21_ST_10,2026-06-21_ST,2026-06-21,ST,10,794,Class 3,Class 3 - 1200M - (80-60),1200,80-60,GOOD,"TURF - ""A"" Course",SAPPHIRE HANDICAP,1860000,23.63 | 22.59 11.29 11.30 | 22.85 11.28 11.57,https://racing.hkjc.com/en-us/local/information/archive/localresults?racedate=2026/06/21&racecourse=ST&RaceNo=10,false
2026-06-21_ST_11,2026-06-21_ST,2026-06-21,ST,11,795,Class 3,Class 3 - 1400M - (80-60),1400,80-60,GOOD,"TURF - ""A"" Course",AMETHYST HANDICAP,1860000,13.58 | 21.44 | 23.48 11.63 11.85 | 23.24 11.54 11.70,https://racing.hkjc.com/en-us/local/information/archive/localresults?racedate=2026/06/21&racecourse=ST&RaceNo=11,false
2026-06-24_HV_01,2026-06-24_HV,2026-06-24,HV,1,796,Class 5,Class 5 - 2200M - (40-0),2200,40-0,GOOD,"TURF - ""A"" Course",ICE HOUSE STREET HANDICAP,875000,14.30 | 22.96 | 24.66 | 25.17 | 24.25 11.89 12.36 | 25.28 12.49 12.79,https://racing.hkjc.com/en-us/local/information/archive/localresults?racedate=2026/06/24&racecourse=HV&RaceNo=1,false
2026-06-24_HV_02,2026-06-24_HV,2026-06-24,HV,2,797,Class 5,Class 5 - 1650M - (40-0),1650,40-0,GOOD,"TURF - ""A"" Course",WESTLANDS ROAD HANDICAP,875000,27.67 | 23.47 | 24.46 11.97 12.49 | 24.85 12.41 12.44,https://racing.hkjc.com/en-us/local/information/archive/localresults?racedate=2026/06/24&racecourse=HV&RaceNo=2,false
2026-06-24_HV_03,2026-06-24_HV,2026-06-24,HV,3,798,Class 4,Class 4 - 1650M - (60-40),1650,60-40,GOOD,"TURF - ""A"" Course",MORRISON HILL ROAD HANDICAP,1170000,27.88 | 24.11 | 23.79 11.82 11.97 | 24.24 12.09 12.15,https://racing.hkjc.com/en-us/local/information/archive/localresults?racedate=2026/06/24&racecourse=HV&RaceNo=3,false
2026-06-24_HV_04,2026-06-24_HV,2026-06-24,HV,4,799,Class 4,Class 4 - 1650M - (60-40),1650,60-40,GOOD,"TURF - ""A"" Course",MORRISON HILL ROAD HANDICAP,1170000,28.57 | 24.51 | 23.41 11.64 11.77 | 23.84 11.83 12.01,https://racing.hkjc.com/en-us/local/information/archive/localresults?racedate=2026/06/24&racecourse=HV&RaceNo=4,false
2026-06-24_HV_05,2026-06-24_HV,2026-06-24,HV,5,800,Class 4,Class 4 - 1200M - (60-40),1200,60-40,GOOD,"TURF - ""A"" Course",THE RACING WORLD 50TH ANNIVERSARY CUP (HANDICAP),1170000,23.34 | 22.56 10.95 11.61 | 23.67 11.75 11.92,https://racing.hkjc.com/en-us/local/information/archive/localresults?racedate=2026/06/24&racecourse=HV&RaceNo=5,false
2026-06-24_HV_06,2026-06-24_HV,2026-06-24,HV,6,801,Class 4,Class 4 - 1200M - (60-40),1200,60-40,GOOD,"TURF - ""A"" Course",CONNAUGHT ROAD CENTRAL HANDICAP,1170000,23.35 | 22.39 10.88 11.51 | 23.87 11.83 12.04,https://racing.hkjc.com/en-us/local/information/archive/localresults?racedate=2026/06/24&racecourse=HV&RaceNo=6,false
2026-06-24_HV_07,2026-06-24_HV,2026-06-24,HV,7,802,Class 3,Class 3 - 1000M - (80-60),1000,80-60,GOOD,"TURF - ""A"" Course",DES VOEUX ROAD CENTRAL HANDICAP,1860000,12.54 | 21.03 10.07 10.96 | 23.27 11.55 11.72,https://racing.hkjc.com/en-us/local/information/archive/localresults?racedate=2026/06/24&racecourse=HV&RaceNo=7,false
2026-06-24_HV_08,2026-06-24_HV,2026-06-24,HV,8,803,Class 3,Class 3 - 1200M - (80-60),1200,80-60,GOOD,"TURF - ""A"" Course",LEIGHTON ROAD HANDICAP,1860000,23.57 | 22.19 10.81 11.38 | 23.86 11.63 12.23,https://racing.hkjc.com/en-us/local/information/archive/localresults?racedate=2026/06/24&racecourse=HV&RaceNo=8,false
2026-06-24_HV_09,2026-06-24_HV,2026-06-24,HV,9,804,Class 3,Class 3 - 1650M - (80-60),1650,80-60,GOOD,"TURF - ""A"" Course",KING'S ROAD HANDICAP,2050000,27.27 | 24.05 | 24.67 12.26 12.41 | 24.38 12.24 12.14,https://racing.hkjc.com/en-us/local/information/archive/localresults?racedate=2026/06/24&racecourse=HV&RaceNo=9,false
2026-06-27_ST_01,2026-06-27_ST,2026-06-27,ST,1,805,Class 5,Class 5 - 1200M - (40-0),1200,40-0,GOOD,"TURF - ""B"" Course",KAM TIN RIVER HANDICAP,875000,23.89 | 22.33 10.98 11.35 | 22.82 11.10 11.72,https://racing.hkjc.com/en-us/local/information/archive/localresults?racedate=2026/06/27&racecourse=ST&RaceNo=1,false
2026-06-27_ST_02,2026-06-27_ST,2026-06-27,ST,2,806,Class 5,Class 5 - 1200M - (40-0),1200,40-0,GOOD,"TURF - ""B"" Course",KAM TIN RIVER HANDICAP,875000,24.25 | 22.18 11.07 11.11 | 22.51 10.93 11.58,https://racing.hkjc.com/en-us/local/information/archive/localresults?racedate=2026/06/27&racecourse=ST&RaceNo=2,false
2026-06-27_ST_03,2026-06-27_ST,2026-06-27,ST,3,807,Class 4,Class 4 - 1200M - (60-40),1200,60-40,GOOD,"TURF - ""B"" Course",LAM TSUEN RIVER HANDICAP,1170000,23.97 | 22.53 11.13 11.40 | 22.48 10.92 11.56,https://racing.hkjc.com/en-us/local/information/archive/localresults?racedate=2026/06/27&racecourse=ST&RaceNo=3,false
2026-06-27_ST_04,2026-06-27_ST,2026-06-27,ST,4,808,Class 4,Class 4 - 2000M - (60-40),2000,60-40,GOOD,"TURF - ""B"" Course",NAM CHUNG RIVER HANDICAP,1170000,25.64 | 25.01 | 24.36 | 23.05 11.47 11.58 | 23.53 11.57 11.96,https://racing.hkjc.com/en-us/local/information/archive/localresults?racedate=2026/06/27&racecourse=ST&RaceNo=4,false
2026-06-27_ST_05,2026-06-27_ST,2026-06-27,ST,5,809,Class 4,Class 4 - 1650M - (60-40),1650,60-40,GOOD,ALL WEATHER TRACK,NG TUNG RIVER HANDICAP,1170000,28.32 | 23.15 | 23.61 11.68 11.93 | 24.00 11.69 12.31,https://racing.hkjc.com/en-us/local/information/archive/localresults?racedate=2026/06/27&racecourse=ST&RaceNo=5,false
2026-06-27_ST_06,2026-06-27_ST,2026-06-27,ST,6,810,Class 4,Class 4 - 1200M - (60-40),1200,60-40,GOOD,"TURF - ""B"" Course",LAM TSUEN RIVER HANDICAP,1170000,23.58 | 22.20 10.90 11.30 | 23.07 11.16 11.91,https://racing.hkjc.com/en-us/local/information/archive/localresults?racedate=2026/06/27&racecourse=ST&RaceNo=6,false
2026-06-27_ST_07,2026-06-27_ST,2026-06-27,ST,7,811,Class 4,Class 4 - 1400M - (60-40),1400,60-40,GOOD,"TURF - ""B"" Course",SHA TAU KOK RIVER HANDICAP,1170000,13.46 | 22.30 | 23.13 11.63 11.50 | 22.77 11.18 11.59,https://racing.hkjc.com/en-us/local/information/archive/localresults?racedate=2026/06/27&racecourse=ST&RaceNo=7,false
2026-06-27_ST_08,2026-06-27_ST,2026-06-27,ST,8,812,Class 1,Class 1 - 1000M - (110-80),1000,110-80,GOOD,"TURF - ""B"" Course",THE PEARCE MEMORIAL CHALLENGE CUP (HANDICAP),3720000,12.94 | 20.28 10.03 10.25 | 22.18 10.73 11.45,https://racing.hkjc.com/en-us/local/information/archive/localresults?racedate=2026/06/27&racecourse=ST&RaceNo=8,false
2026-06-27_ST_09,2026-06-27_ST,2026-06-27,ST,9,813,Class 3,Class 3 - 1650M - (85-60),1650,85-60,GOOD,ALL WEATHER TRACK,BEAS RIVER HANDICAP,2050000,27.14 | 22.98 | 23.93 12.01 11.92 | 23.78 11.82 11.96,https://racing.hkjc.com/en-us/local/information/archive/localresults?racedate=2026/06/27&racecourse=ST&RaceNo=9,false
2026-06-27_ST_10,2026-06-27_ST,2026-06-27,ST,10,814,Class 3,Class 3 - 1200M - (80-60),1200,80-60,GOOD,"TURF - ""B"" Course",SHEK SHEUNG RIVER HANDICAP,1860000,23.70 | 22.33 10.79 11.54 | 22.44 11.02 11.42,https://racing.hkjc.com/en-us/local/information/archive/localresults?racedate=2026/06/27&racecourse=ST&RaceNo=10,false
2026-06-27_ST_11,2026-06-27_ST,2026-06-27,ST,11,815,Class 3,Class 3 - 1400M - (80-60),1400,80-60,GOOD,"TURF - ""B"" Course",TAN SHAN RIVER HANDICAP,1860000,13.37 | 21.43 | 23.14 11.45 11.69 | 22.98 11.38 11.60,https://racing.hkjc.com/en-us/local/information/archive/localresults?racedate=2026/06/27&racecourse=ST&RaceNo=11,false
2026-07-01_ST_01,2026-07-01_ST,2026-07-01,ST,1,816,Class 5,Class 5 - 1600M - (40-0),1600,40-0,GOOD TO FIRM,"TURF - ""C"" Course",RACING GOES ON 1600M HANDICAP,875000,24.08 | 22.86 | 23.02 11.59 11.43 | 24.06 11.73 12.33,https://racing.hkjc.com/en-us/local/information/localresults?racedate=2026/07/01&Racecourse=ST&RaceNo=1,false
2026-07-01_ST_02,2026-07-01_ST,2026-07-01,ST,2,817,Class 5,Class 5 - 1400M - (40-0),1400,40-0,GOOD TO FIRM,"TURF - ""C"" Course",WORLD-CLASS LEADERSHIP 1400M HANDICAP,875000,13.47 | 21.24 | 22.78 11.17 11.61 | 23.99 11.70 12.29,https://racing.hkjc.com/en-us/local/information/localresults?racedate=2026/07/01&Racecourse=ST&RaceNo=2,false
2026-07-01_ST_03,2026-07-01_ST,2026-07-01,ST,3,818,Class 4,Class 4 - 1400M - (60-40),1400,60-40,GOOD TO FIRM,"TURF - ""C"" Course",THE FRIENDS OF HONG KONG ASSOCIATION CUP (HANDICAP),1170000,13.36 | 21.30 | 22.75 11.18 11.57 | 24.51 12.02 12.49,https://racing.hkjc.com/en-us/local/information/localresults?racedate=2026/07/01&Racecourse=ST&RaceNo=3,false
2026-07-01_ST_04,2026-07-01_ST,2026-07-01,ST,4,819,Class 4,Class 4 - 1000M - (60-40),1000,60-40,GOOD TO FIRM,"TURF - ""C"" Course",UNCOMPROMISING INTEGRITY 1000M HANDICAP,1170000,13.06 | 20.64 09.93 10.71 | 22.73 10.97 11.76,https://racing.hkjc.com/en-us/local/information/localresults?racedate=2026/07/01&Racecourse=ST&RaceNo=4,false
2026-07-01_ST_05,2026-07-01_ST,2026-07-01,ST,5,820,Class 2,Class 2 - 1400M - (105-80),1400,105-80,GOOD TO FIRM,"TURF - ""C"" Course",THE HONG KONG REUNIFICATION CUP (HANDICAP),2840000,13.08 | 21.40 | 23.13 11.70 11.43 | 23.17 11.26 11.91,https://racing.hkjc.com/en-us/local/information/localresults?racedate=2026/07/01&Racecourse=ST&RaceNo=5,false
2026-07-01_ST_06,2026-07-01_ST,2026-07-01,ST,6,821,Class 4,Class 4 - 1200M - (60-40),1200,60-40,GOOD TO FIRM,"TURF - ""C"" Course",SERVING THE COMMUNITY 1200M HANDICAP,1170000,24.16 | 22.62 11.17 11.45 | 22.79 11.24 11.55,https://racing.hkjc.com/en-us/local/information/localresults?racedate=2026/07/01&Racecourse=ST&RaceNo=6,false
2026-07-01_ST_07,2026-07-01_ST,2026-07-01,ST,7,822,Class 3,Class 3 - 1000M - (80-60),1000,80-60,GOOD TO FIRM,"TURF - ""C"" Course",THE GUANGDONG-HONG KONG CUP (HANDICAP),1860000,13.15 | 20.44 10.04 10.40 | 22.60 10.92 11.68,https://racing.hkjc.com/en-us/local/information/localresults?racedate=2026/07/01&Racecourse=ST&RaceNo=7,false
2026-07-01_ST_08,2026-07-01_ST,2026-07-01,ST,8,823,Class 4,Class 4 - 1400M - (60-40),1400,60-40,GOOD TO FIRM,"TURF - ""C"" Course",CONTINUOUS DEVELOPMENT 1400M HANDICAP,1170000,13.41 | 21.21 | 22.83 11.34 11.49 | 23.89 11.90 11.99,https://racing.hkjc.com/en-us/local/information/localresults?racedate=2026/07/01&Racecourse=ST&RaceNo=8,false
2026-07-01_ST_09,2026-07-01_ST,2026-07-01,ST,9,824,Class 4,Class 4 - 1600M - (60-40),1600,60-40,GOOD TO FIRM,"TURF - ""C"" Course",RIDING HIGH TOGETHER 1600M HANDICAP,1170000,24.54 | 22.89 | 23.26 11.61 11.65 | 23.83 11.69 12.14,https://racing.hkjc.com/en-us/local/information/localresults?racedate=2026/07/01&Racecourse=ST&RaceNo=9,false
2026-07-01_ST_10,2026-07-01_ST,2026-07-01,ST,10,825,Class 3,Class 3 - 1600M - (80-60),1600,80-60,GOOD TO FIRM,"TURF - ""C"" Course",SPORTSMANSHIP 1600M HANDICAP,2050000,24.30 | 23.17 | 23.28 11.66 11.62 | 23.37 11.57 11.80,https://racing.hkjc.com/en-us/local/information/localresults?racedate=2026/07/01&Racecourse=ST&RaceNo=10,false
2026-07-01_ST_11,2026-07-01_ST,2026-07-01,ST,11,826,Class 3,Class 3 - 1200M - (80-60),1200,80-60,GOOD TO FIRM,"TURF - ""C"" Course",BETTER FUTURE 1200M HANDICAP,1860000,22.98 | 22.15 10.80 11.35 | 23.62 11.53 12.09,https://racing.hkjc.com/en-us/local/information/localresults?racedate=2026/07/01&Racecourse=ST&RaceNo=11,false
2026-07-04_ST_01,2026-07-04_ST,2026-07-04,ST,1,827,Griffin Race,Griffin Race - 1200M,1200,,GOOD TO YIELDING,"TURF - ""C+3"" Course",THE PURVES QUAICH (PLATE),950000,23.90 | 22.61 11.34 11.27 | 23.20 11.34 11.86,https://racing.hkjc.com/en-us/local/information/localresults?racedate=2026/07/04&Racecourse=ST&RaceNo=1,false
2026-07-04_ST_02,2026-07-04_ST,2026-07-04,ST,2,828,Class 5,Class 5 - 1200M - (40-0),1200,40-0,GOOD TO YIELDING,"TURF - ""C+3"" Course",THE SWAINE CUP (HANDICAP),875000,23.93 | 22.42 11.20 11.22 | 23.71 11.45 12.26,https://racing.hkjc.com/en-us/local/information/localresults?racedate=2026/07/04&Racecourse=ST&RaceNo=2,false
2026-07-04_ST_03,2026-07-04_ST,2026-07-04,ST,3,829,Class 5,Class 5 - 1200M - (40-0),1200,40-0,WET FAST,ALL WEATHER TRACK,THE WONG CUP (HANDICAP),875000,23.22 | 22.10 10.67 11.43 | 23.59 11.44 12.15,https://racing.hkjc.com/en-us/local/information/localresults?racedate=2026/07/04&Racecourse=ST&RaceNo=3,false
2026-07-04_ST_04,2026-07-04_ST,2026-07-04,ST,4,830,Class 2,Class 2 - 1200M - (100-70),1200,100-70,GOOD TO YIELDING,"TURF - ""C+3"" Course",THE LI CUP (HANDICAP),2840000,23.98 | 22.03 10.83 11.20 | 23.09 11.23 11.86,https://racing.hkjc.com/en-us/local/information/localresults?racedate=2026/07/04&Racecourse=ST&RaceNo=4,false
2026-07-04_ST_05,2026-07-04_ST,2026-07-04,ST,5,831,Class 4,Class 4 - 1400M - (60-40),1400,60-40,GOOD TO YIELDING,"TURF - ""C+3"" Course",THE ARCULLI TROPHY (HANDICAP),1170000,13.28 | 21.75 | 23.13 11.52 11.61 | 23.92 11.66 12.26,https://racing.hkjc.com/en-us/local/information/localresults?racedate=2026/07/04&Racecourse=ST&RaceNo=5,false
2026-07-04_ST_06,2026-07-04_ST,2026-07-04,ST,6,832,Class 4,Class 4 - 1200M - (60-40),1200,60-40,WET FAST,ALL WEATHER TRACK,THE CHAN TROPHY (HANDICAP),1170000,23.29 | 21.88 10.57 11.31 | 23.01 11.19 11.82,https://racing.hkjc.com/en-us/local/information/localresults?racedate=2026/07/04&Racecourse=ST&RaceNo=6,false
2026-07-04_ST_07,2026-07-04_ST,2026-07-04,ST,7,833,Class 4,Class 4 - 1200M - (60-40),1200,60-40,GOOD TO YIELDING,"TURF - ""C+3"" Course",THE STEVENSON CUP (HANDICAP),1170000,23.74 | 22.63 11.22 11.41 | 23.72 11.43 12.29,https://racing.hkjc.com/en-us/local/information/localresults?racedate=2026/07/04&Racecourse=ST&RaceNo=7,false
2026-07-04_ST_08,2026-07-04_ST,2026-07-04,ST,8,834,Class 4,Class 4 - 1800M - (60-40),1800,60-40,GOOD TO YIELDING,"TURF - ""C+3"" Course",THE IP JUG (HANDICAP),1170000,13.54 | 22.12 | 23.87 | 24.29 12.53 11.76 | 23.83 11.76 12.07,https://racing.hkjc.com/en-us/local/information/localresults?racedate=2026/07/04&Racecourse=ST&RaceNo=8,false
2026-07-04_ST_09,2026-07-04_ST,2026-07-04,ST,9,835,Class 4,Class 4 - 1200M - (60-40),1200,60-40,GOOD TO YIELDING,"TURF - ""C+3"" Course",THE CHOW SILVER PLATE (HANDICAP),1170000,23.79 | 22.39 11.07 11.32 | 23.37 11.45 11.92,https://racing.hkjc.com/en-us/local/information/localresults?racedate=2026/07/04&Racecourse=ST&RaceNo=9,false
2026-07-04_ST_10,2026-07-04_ST,2026-07-04,ST,10,836,Class 3,Class 3 - 1200M - (80-60),1200,80-60,GOOD TO YIELDING,"TURF - ""C+3"" Course",THE PHILIP CHEN TROPHY (HANDICAP),1860000,23.37 | 21.40 10.58 10.82 | 23.49 11.29 12.20,https://racing.hkjc.com/en-us/local/information/localresults?racedate=2026/07/04&Racecourse=ST&RaceNo=10,false
2026-07-04_ST_11,2026-07-04_ST,2026-07-04,ST,11,837,Class 3,Class 3 - 1400M - (80-60),1400,80-60,GOOD TO YIELDING,"TURF - ""C+3"" Course",THE LEE TROPHY (HANDICAP),1860000,13.38 | 21.98 | 23.08 11.56 11.52 | 23.57 11.35 12.22,https://racing.hkjc.com/en-us/local/information/localresults?racedate=2026/07/04&Racecourse=ST&RaceNo=11,false
2026-07-08_HV_01,2026-07-08_HV,2026-07-08,HV,1,838,Class 5,Class 5 - 1000M - (40-0),1000,40-0,GOOD,"TURF - ""B"" Course",KICK OFF HANDICAP,875000,12.61 | 21.36 10.64 10.72 | 22.70 11.14 11.56,https://racing.hkjc.com/en-us/local/information/localresults?racedate=2026/07/08&Racecourse=HV&RaceNo=1,false
2026-07-08_HV_02,2026-07-08_HV,2026-07-08,HV,2,839,Class 4,Class 4 - 1650M - (60-40),1650,60-40,GOOD,"TURF - ""B"" Course",FREE KICK HANDICAP,1170000,26.76 | 24.55 | 24.48 12.39 12.09 | 24.04 11.71 12.33,https://racing.hkjc.com/en-us/local/information/localresults?racedate=2026/07/08&Racecourse=HV&RaceNo=2,false
2026-07-08_HV_03,2026-07-08_HV,2026-07-08,HV,3,840,Class 4,Class 4 - 1000M - (60-40),1000,60-40,GOOD,"TURF - ""B"" Course",VOLLEY HANDICAP,1170000,12.30 | 21.05 10.08 10.97 | 23.46 11.34 12.12,https://racing.hkjc.com/en-us/local/information/localresults?racedate=2026/07/08&Racecourse=HV&RaceNo=3,false
2026-07-08_HV_04,2026-07-08_HV,2026-07-08,HV,4,841,Class 4,Class 4 - 1650M - (60-40),1650,60-40,GOOD,"TURF - ""B"" Course","EIGHT TO GLORY, Presented by Lenovo",1170000,28.43 | 23.11 | 23.44 11.78 11.66 | 24.35 11.90 12.45,https://racing.hkjc.com/en-us/local/information/localresults?racedate=2026/07/08&Racecourse=HV&RaceNo=4,false
2026-07-08_HV_05,2026-07-08_HV,2026-07-08,HV,5,842,Class 4,Class 4 - 1200M - (60-40),1200,60-40,GOOD,"TURF - ""B"" Course",GOAL HANDICAP,1170000,23.39 | 22.85 11.07 11.78 | 23.87 11.65 12.22,https://racing.hkjc.com/en-us/local/information/localresults?racedate=2026/07/08&Racecourse=HV&RaceNo=5,false
2026-07-08_HV_06,2026-07-08_HV,2026-07-08,HV,6,843,Class 4,Class 4 - 1200M - (60-40),1200,60-40,GOOD,"TURF - ""B"" Course",HEADER HANDICAP,1170000,23.53 | 22.77 11.16 11.61 | 23.59 11.54 12.05,https://racing.hkjc.com/en-us/local/information/localresults?racedate=2026/07/08&Racecourse=HV&RaceNo=6,false
2026-07-08_HV_07,2026-07-08_HV,2026-07-08,HV,7,844,Class 3,Class 3 - 1000M - (80-60),1000,80-60,GOOD,"TURF - ""B"" Course",BREAKAWAY HANDICAP,1860000,12.74 | 20.89 10.04 10.85 | 23.06 11.24 11.82,https://racing.hkjc.com/en-us/local/information/localresults?racedate=2026/07/08&Racecourse=HV&RaceNo=7,false
2026-07-08_HV_08,2026-07-08_HV,2026-07-08,HV,8,845,Class 2,Class 2 - 1800M - (90-65),1800,90-65,GOOD,"TURF - ""B"" Course",HAT TRICK HANDICAP,3120000,13.57 | 22.12 | 23.57 | 24.86 12.36 12.50 | 24.12 12.27 11.85,https://racing.hkjc.com/en-us/local/information/localresults?racedate=2026/07/08&Racecourse=HV&RaceNo=8,false
2026-07-08_HV_09,2026-07-08_HV,2026-07-08,HV,9,846,Class 3,Class 3 - 1200M - (80-60),1200,80-60,GOOD,"TURF - ""B"" Course",PENALTY SHOOTOUT HANDICAP,1860000,23.02 | 22.68 10.97 11.71 | 23.90 11.76 12.14,https://racing.hkjc.com/en-us/local/information/localresults?racedate=2026/07/08&Racecourse=HV&RaceNo=9,false
2026-07-12_ST_01,2026-07-12_ST,2026-07-12,ST,1,847,Class 5,Class 5 - 1800M - (40-0),1800,40-0,GOOD TO FIRM,"TURF - ""A"" Course",MIRACULOUS HANDICAP,875000,13.66 | 21.83 | 23.49 | 24.97 12.88 12.09 | 23.68 11.74 11.94,https://racing.hkjc.com/en-us/local/information/localresults?racedate=2026/07/12&Racecourse=ST&RaceNo=1,false
2026-07-12_ST_02,2026-07-12_ST,2026-07-12,ST,2,848,Class 5,Class 5 - 1400M - (40-0),1400,40-0,GOOD TO FIRM,"TURF - ""A"" Course",MR AWARD HANDICAP,875000,13.52 | 21.87 | 23.10 11.75 11.35 | 23.42 11.30 12.12,https://racing.hkjc.com/en-us/local/information/localresults?racedate=2026/07/12&Racecourse=ST&RaceNo=2,false
2026-07-12_ST_03,2026-07-12_ST,2026-07-12,ST,3,849,Class 4,Class 4 - 1400M - (60-40),1400,60-40,GOOD TO FIRM,"TURF - ""A"" Course",PINGWU SPARK HANDICAP,1170000,13.55 | 21.41 | 23.45 11.70 11.75 | 23.39 11.39 12.00,https://racing.hkjc.com/en-us/local/information/localresults?racedate=2026/07/12&Racecourse=ST&RaceNo=3,false
2026-07-12_ST_04,2026-07-12_ST,2026-07-12,ST,4,850,Class 4,Class 4 - 1400M - (60-40),1400,60-40,GOOD TO FIRM,"TURF - ""A"" Course",MEDIC KINGDOM HANDICAP,1170000,13.41 | 21.95 | 23.44 11.85 11.59 | 22.68 11.13 11.55,https://racing.hkjc.com/en-us/local/information/localresults?racedate=2026/07/12&Racecourse=ST&RaceNo=4,false
2026-07-12_ST_05,2026-07-12_ST,2026-07-12,ST,5,851,Class 4,Class 4 - 1200M - (60-40),1200,60-40,GOOD TO FIRM,"TURF - ""A"" Course",BIG PROFIT HANDICAP,1170000,23.83 | 22.00 10.97 11.03 | 23.13 11.11 12.02,https://racing.hkjc.com/en-us/local/information/localresults?racedate=2026/07/12&Racecourse=ST&RaceNo=5,false
2026-07-12_ST_06,2026-07-12_ST,2026-07-12,ST,6,852,Class 4,Class 4 - 1200M - (60-40),1200,60-40,GOOD TO FIRM,"TURF - ""A"" Course",VICTORY MARVEL HANDICAP,1170000,23.63 | 22.22 10.86 11.36 | 22.86 11.30 11.56,https://racing.hkjc.com/en-us/local/information/localresults?racedate=2026/07/12&Racecourse=ST&RaceNo=6,false
2026-07-12_ST_07,2026-07-12_ST,2026-07-12,ST,7,853,Class 4,Class 4 - 1600M - (60-40),1600,60-40,GOOD TO FIRM,"TURF - ""A"" Course",SOLAR HEI HEI HANDICAP,1170000,24.22 | 23.11 | 23.12 11.68 11.44 | 23.30 11.30 12.00,https://racing.hkjc.com/en-us/local/information/localresults?racedate=2026/07/12&Racecourse=ST&RaceNo=7,false
2026-07-12_ST_08,2026-07-12_ST,2026-07-12,ST,8,854,Class 1,Class 1 - 1600M - (85+),1600,85+,GOOD TO FIRM,"TURF - ""A"" Course",THE HONG KONG RACEHORSE OWNERS ASSOCIATION TROPHY (HANDICAP),4075000,24.58 | 23.24 | 23.47 11.70 11.77 | 22.29 10.98 11.31,https://racing.hkjc.com/en-us/local/information/localresults?racedate=2026/07/12&Racecourse=ST&RaceNo=8,false
2026-07-12_ST_09,2026-07-12_ST,2026-07-12,ST,9,855,Class 3,Class 3 - 1200M - (80-60),1200,80-60,GOOD TO FIRM,"TURF - ""A"" Course",JOY AND FUN HANDICAP,1860000,23.64 | 22.12 11.05 11.07 | 22.59 11.02 11.57,https://racing.hkjc.com/en-us/local/information/localresults?racedate=2026/07/12&Racecourse=ST&RaceNo=9,false
2026-07-12_ST_10,2026-07-12_ST,2026-07-12,ST,10,856,Class 3,Class 3 - 1600M - (85-60),1600,85-60,GOOD TO FIRM,"TURF - ""A"" Course",SIGHT WINNER HANDICAP,2050000,25.05 | 23.06 | 23.37 11.80 11.57 | 22.44 11.17 11.27,https://racing.hkjc.com/en-us/local/information/localresults?racedate=2026/07/12&Racecourse=ST&RaceNo=10,false
2026-07-12_ST_11,2026-07-12_ST,2026-07-12,ST,11,857,Class 3,Class 3 - 1400M - (80-60),1400,80-60,GOOD TO FIRM,"TURF - ""A"" Course",ALL YOU WISH HANDICAP,1860000,13.25 | 21.36 | 23.18 11.51 11.67 | 23.17 11.46 11.71,https://racing.hkjc.com/en-us/local/information/localresults?racedate=2026/07/12&Racecourse=ST&RaceNo=11,false
2026-07-15_HV_01,2026-07-15_HV,2026-07-15,HV,1,858,Class 5,Class 5 - 1650M - (40-0),1650,40-0,GOOD,"TURF - ""C"" Course",SILVER GRECIAN HANDICAP,875000,27.93 | 24.43 | 23.88 11.79 12.09 | 23.81 11.82 11.99,https://racing.hkjc.com/en-us/local/information/localresults?racedate=2026/07/15&Racecourse=HV&RaceNo=1,false
2026-07-15_HV_02,2026-07-15_HV,2026-07-15,HV,2,859,Class 4,Class 4 - 1200M - (60-40),1200,60-40,GOOD,"TURF - ""C"" Course",FAST MOST FURIOUS HANDICAP,1170000,23.31 | 22.47 11.03 11.44 | 23.51 11.52 11.99,https://racing.hkjc.com/en-us/local/information/localresults?racedate=2026/07/15&Racecourse=HV&RaceNo=2,false
2026-07-15_HV_03,2026-07-15_HV,2026-07-15,HV,3,860,Class 4,Class 4 - 1800M - (60-40),1800,60-40,GOOD,"TURF - ""C"" Course",TURIN WARRIOR HANDICAP,1170000,14.14 | 23.27 | 23.79 | 24.20 12.02 12.18 | 23.83 11.76 12.07,https://racing.hkjc.com/en-us/local/information/localresults?racedate=2026/07/15&Racecourse=HV&RaceNo=3,false
2026-07-15_HV_04,2026-07-15_HV,2026-07-15,HV,4,861,Class 4,Class 4 - 1650M - (60-40),1650,60-40,GOOD,"TURF - ""C"" Course",SWEET ORANGE HANDICAP,1170000,27.57 | 23.35 | 24.52 12.14 12.38 | 24.44 12.17 12.27,https://racing.hkjc.com/en-us/local/information/localresults?racedate=2026/07/15&Racecourse=HV&RaceNo=4,false
2026-07-15_HV_05,2026-07-15_HV,2026-07-15,HV,5,862,Class 4,Class 4 - 1200M - (60-40),1200,60-40,GOOD,"TURF - ""C"" Course",STAR SHINE HANDICAP,1170000,23.46 | 22.50 10.80 11.70 | 24.00 11.63 12.37,https://racing.hkjc.com/en-us/local/information/localresults?racedate=2026/07/15&Racecourse=HV&RaceNo=5,false
2026-07-15_HV_06,2026-07-15_HV,2026-07-15,HV,6,863,Class 4,Class 4 - 1200M - (60-40),1200,60-40,GOOD,"TURF - ""C"" Course",SUPER OASIS HANDICAP,1170000,23.19 | 22.96 11.07 11.89 | 23.74 11.78 11.96,https://racing.hkjc.com/en-us/local/information/localresults?racedate=2026/07/15&Racecourse=HV&RaceNo=6,false
2026-07-15_HV_07,2026-07-15_HV,2026-07-15,HV,7,864,Class 3,Class 3 - 1650M - (80-60),1650,80-60,GOOD,"TURF - ""C"" Course",ENCOUNTERED HANDICAP,2050000,27.22 | 23.00 | 24.55 12.12 12.43 | 24.64 12.40 12.24,https://racing.hkjc.com/en-us/local/information/localresults?racedate=2026/07/15&Racecourse=HV&RaceNo=7,false
2026-07-15_HV_08,2026-07-15_HV,2026-07-15,HV,8,865,Class 2,Class 2 - 1200M - (105-75),1200,105-75,GOOD,"TURF - ""C"" Course",LUCKY PATCH HANDICAP,2840000,23.04 | 22.48 10.80 11.68 | 23.32 11.52 11.80,https://racing.hkjc.com/en-us/local/information/localresults?racedate=2026/07/15&Racecourse=HV&RaceNo=8,false
2026-07-15_HV_09,2026-07-15_HV,2026-07-15,HV,9,866,Class 3,Class 3 - 1200M - (80-60),1200,80-60,GOOD,"TURF - ""C"" Course",SUN JEWELLERY HANDICAP,1860000,23.42 | 22.37 10.84 11.53 | 23.46 11.56 11.90,https://racing.hkjc.com/en-us/local/information/localresults?racedate=2026/07/15&Racecourse=HV&RaceNo=9,false
2026-09-06_ST_01,2026-09-06_ST,2026-09-06,ST,1,1,Class 5,Class 5 - 1200M - (40-0),1200,40-0,GOOD,"TURF - ""A"" Course",GLENEALY HANDICAP,875000,23.69 | 22.29 11.11 11.18 | 22.61 11.16 11.45,https://racing.hkjc.com/en-us/local/information/localresults?racedate=2026/09/06&Racecourse=ST&RaceNo=1,false
2026-09-06_ST_02,2026-09-06_ST,2026-09-06,ST,2,2,Class 4,Class 4 - 1000M - (60-40),1000,60-40,GOOD,"TURF - ""A"" Course",DUDDELL HANDICAP,1170000,13.16 | 20.91 10.39 10.52 | 22.52 10.83 11.69,https://racing.hkjc.com/en-us/local/information/localresults?racedate=2026/09/06&Racecourse=ST&RaceNo=2,false
2026-09-06_ST_03,2026-09-06_ST,2026-09-06,ST,3,3,Group Three,Group Three - 1200M,1200,,GOOD TO FIRM,"TURF - ""A"" Course",THE HKSAR CHIEF EXECUTIVE'S CUP (HANDICAP),4200000,23.27 | 21.15 10.51 10.64 | 21.69 10.44 11.25,https://racing.hkjc.com/en-us/local/information/localresults?racedate=2026/09/06&Racecourse=ST&RaceNo=3,false
2026-09-06_ST_04,2026-09-06_ST,2026-09-06,ST,4,4,Class 5,Class 5 - 1600M - (40-0),1600,40-0,GOOD TO FIRM,"TURF - ""A"" Course",HARCOURT HANDICAP,875000,24.44 | 22.65 | 23.52 11.84 11.68 | 23.30 11.40 11.90,https://racing.hkjc.com/en-us/local/information/localresults?racedate=2026/09/06&Racecourse=ST&RaceNo=4,false
2026-09-06_ST_05,2026-09-06_ST,2026-09-06,ST,5,5,Class 4,Class 4 - 1200M - (60-40),1200,60-40,GOOD TO FIRM,"TURF - ""A"" Course",EDINBURGH HANDICAP,1170000,23.24 | 22.37 11.05 11.32 | 22.80 11.34 11.46,https://racing.hkjc.com/en-us/local/information/localresults?racedate=2026/09/06&Racecourse=ST&RaceNo=5,false
2026-09-06_ST_06,2026-09-06_ST,2026-09-06,ST,6,6,Class 4,Class 4 - 1200M - (60-40),1200,60-40,GOOD TO FIRM,"TURF - ""A"" Course",EDINBURGH HANDICAP,1170000,23.34 | 22.33 11.07 11.26 | 22.81 11.42 11.39,https://racing.hkjc.com/en-us/local/information/localresults?racedate=2026/09/06&Racecourse=ST&RaceNo=6,false
2026-09-06_ST_07,2026-09-06_ST,2026-09-06,ST,7,7,Class 2,Class 2 - 1400M - (105-80),1400,105-80,GOOD TO FIRM,"TURF - ""A"" Course",ALBERT HANDICAP,2840000,12.99 | 21.67 | 22.35 11.10 11.25 | 23.46 11.35 12.11,https://racing.hkjc.com/en-us/local/information/localresults?racedate=2026/09/06&Racecourse=ST&RaceNo=7,false
2026-09-06_ST_08,2026-09-06_ST,2026-09-06,ST,8,8,Class 4,Class 4 - 1400M - (60-40),1400,60-40,GOOD TO FIRM,"TURF - ""A"" Course",FENWICK HANDICAP,1170000,13.19 | 20.87 | 23.13 11.45 11.68 | 23.91 11.77 12.14,https://racing.hkjc.com/en-us/local/information/localresults?racedate=2026/09/06&Racecourse=ST&RaceNo=8,false
2026-09-06_ST_09,2026-09-06_ST,2026-09-06,ST,9,9,Class 3,Class 3 - 1400M - (80-60),1400,80-60,GOOD TO FIRM,"TURF - ""A"" Course",COTTON TREE HANDICAP,1860000,13.44 | 21.67 | 22.78 11.47 11.31 | 22.72 11.09 11.63,https://racing.hkjc.com/en-us/local/information/localresults?racedate=2026/09/06&Racecourse=ST&RaceNo=9,false
2026-09-06_ST_10,2026-09-06_ST,2026-09-06,ST,10,10,Class 3,Class 3 - 1200M - (80-60),1200,80-60,GOOD TO FIRM,"TURF - ""A"" Course",BATTERY HANDICAP,1860000,23.36 | 21.80 10.79 11.01 | 22.87 11.18 11.69,https://racing.hkjc.com/en-us/local/information/localresults?racedate=2026/09/06&Racecourse=ST&RaceNo=10,false
2026-09-09_HV_01,2026-09-09_HV,2026-09-09,HV,1,11,Class 5,Class 5 - 1200M - (40-0),1200,40-0,GOOD,"TURF - ""A"" Course",ADMIRALTY HANDICAP,875000,23.90 | 22.81 11.19 11.62 | 24.74 12.30 12.44,https://racing.hkjc.com/en-us/local/information/localresults?racedate=2026/09/09&Racecourse=HV&RaceNo=1,false
2026-09-09_HV_02,2026-09-09_HV,2026-09-09,HV,2,12,Class 4,Class 4 - 1650M - (60-40),1650,60-40,GOOD,"TURF - ""A"" Course",KWUN TONG HANDICAP,1170000,29.36 | 24.41 | 24.22 12.12 12.10 | 24.26 12.06 12.20,https://racing.hkjc.com/en-us/local/information/localresults?racedate=2026/09/09&Racecourse=HV&RaceNo=2,false
2026-09-09_HV_03,2026-09-09_HV,2026-09-09,HV,3,13,Class 5,Class 5 - 1200M - (40-0),1200,40-0,GOOD,"TURF - ""A"" Course",ADMIRALTY HANDICAP,875000,23.62 | 23.31 11.67 11.64 | 24.01 12.34 11.67,https://racing.hkjc.com/en-us/local/information/localresults?racedate=2026/09/09&Racecourse=HV&RaceNo=3,false
2026-09-09_HV_04,2026-09-09_HV,2026-09-09,HV,4,14,Class 4,Class 4 - 1650M - (60-40),1650,60-40,GOOD,"TURF - ""A"" Course",KWUN TONG HANDICAP,1170000,28.00 | 24.10 | 25.04 12.53 12.51 | 24.49 12.47 12.02,https://racing.hkjc.com/en-us/local/information/localresults?racedate=2026/09/09&Racecourse=HV&RaceNo=4,false
2026-09-09_HV_05,2026-09-09_HV,2026-09-09,HV,5,15,Class 3,Class 3 - 1650M - (80-60),1650,80-60,GOOD,"TURF - ""A"" Course",CENTRAL HANDICAP,2050000,27.40 | 24.13 | 24.47 12.22 12.25 | 24.67 12.44 12.23,https://racing.hkjc.com/en-us/local/information/localresults?racedate=2026/09/09&Racecourse=HV&RaceNo=5,false
2026-09-09_HV_06,2026-09-09_HV,2026-09-09,HV,6,16,Class 4,Class 4 - 1000M - (60-40),1000,60-40,GOOD,"TURF - ""A"" Course",KOWLOON TONG HANDICAP,1170000,12.70 | 21.69 10.29 11.40 | 23.23 11.53 11.70,https://racing.hkjc.com/en-us/local/information/localresults?racedate=2026/09/09&Racecourse=HV&RaceNo=6,false
2026-09-09_HV_07,2026-09-09_HV,2026-09-09,HV,7,17,Class 4,Class 4 - 1200M - (60-40),1200,60-40,GOOD,"TURF - ""A"" Course",TSIM SHA TSUI HANDICAP,1170000,23.72 | 23.41 11.15 12.26 | 24.07 11.97 12.10,https://racing.hkjc.com/en-us/local/information/localresults?racedate=2026/09/09&Racecourse=HV&RaceNo=7,false
2026-09-09_HV_08,2026-09-09_HV,2026-09-09,HV,8,18,Class 3,Class 3 - 1200M - (80-60),1200,80-60,GOOD,"TURF - ""A"" Course",WAN CHAI HANDICAP,1860000,23.65 | 22.89 11.12 11.77 | 24.17 12.34 11.83,https://racing.hkjc.com/en-us/local/information/localresults?racedate=2026/09/09&Racecourse=HV&RaceNo=8,false
2026-09-13_ST_01,2026-09-13_ST,2026-09-13,ST,1,19,Class 5,Class 5 - 1400M - (40-0),1400,40-0,GOOD TO FIRM,"TURF - ""B"" Course",HONG TUNG HANDICAP,875000,13.26 | 21.19 | 22.86 11.45 11.41 | 23.95 11.75 12.20,https://racing.hkjc.com/en-us/local/information/localresults?racedate=2026/09/13&Racecourse=ST&RaceNo=1,false
2026-09-13_ST_02,2026-09-13_ST,2026-09-13,ST,2,20,Class 4,Class 4 - 1000M - (60-40),1000,60-40,GOOD TO FIRM,"TURF - ""B"" Course",HING WAH HANDICAP,1170000,13.22 | 20.86 10.32 10.54 | 22.30 10.78 11.52,https://racing.hkjc.com/en-us/local/information/localresults?racedate=2026/09/13&Racecourse=ST&RaceNo=2,false
2026-09-13_ST_03,2026-09-13_ST,2026-09-13,ST,3,21,Class 5,Class 5 - 1400M - (40-0),1400,40-0,GOOD TO FIRM,"TURF - ""B"" Course",HONG TUNG HANDICAP,875000,13.29 | 20.96 | 22.96 11.32 11.64 | 23.80 11.76 12.04,https://racing.hkjc.com/en-us/local/information/localresults?racedate=2026/09/13&Racecourse=ST&RaceNo=3,false
2026-09-13_ST_04,2026-09-13_ST,2026-09-13,ST,4,22,Class 4,Class 4 - 1200M - (60-40),1200,60-40,GOOD TO FIRM,"TURF - ""B"" Course",LOK WAH HANDICAP,1170000,23.30 | 22.19 11.02 11.17 | 23.00 11.28 11.72,https://racing.hkjc.com/en-us/local/information/localresults?racedate=2026/09/13&Racecourse=ST&RaceNo=4,false
2026-09-13_ST_05,2026-09-13_ST,2026-09-13,ST,5,23,Class 4,Class 4 - 1200M - (60-40),1200,60-40,GOOD TO FIRM,"TURF - ""B"" Course",LOK WAH HANDICAP,1170000,24.03 | 22.30 11.02 11.28 | 22.19 11.05 11.14,https://racing.hkjc.com/en-us/local/information/localresults?racedate=2026/09/13&Racecourse=ST&RaceNo=5,false
2026-09-13_ST_06,2026-09-13_ST,2026-09-13,ST,6,24,Class 4,Class 4 - 1600M - (60-40),1600,60-40,GOOD TO FIRM,"TURF - ""B"" Course",THE TUNG WAH GROUP OF HOSPITALS CHALLENGE CUP (HANDICAP),1170000,24.21 | 22.83 | 23.78 11.89 11.89 | 22.76 11.28 11.48,https://racing.hkjc.com/en-us/local/information/localresults?racedate=2026/09/13&Racecourse=ST&RaceNo=6,false
2026-09-13_ST_07,2026-09-13_ST,2026-09-13,ST,7,25,Class 4,Class 4 - 1400M - (60-40),1400,60-40,GOOD TO FIRM,"TURF - ""B"" Course",MEI TUNG HANDICAP,1170000,13.24 | 21.81 | 23.05 11.55 11.50 | 22.92 11.27 11.65,https://racing.hkjc.com/en-us/local/information/localresults?racedate=2026/09/13&Racecourse=ST&RaceNo=7,false
2026-09-13_ST_08,2026-09-13_ST,2026-09-13,ST,8,26,Class 3,Class 3 - 1000M - (80-60),1000,80-60,GOOD TO FIRM,"TURF - ""B"" Course",WAH FU HANDICAP,1860000,13.07 | 20.22 10.03 10.19 | 22.58 10.76 11.82,https://racing.hkjc.com/en-us/local/information/localresults?racedate=2026/09/13&Racecourse=ST&RaceNo=8,false
2026-09-13_ST_09,2026-09-13_ST,2026-09-13,ST,9,27,Class 3,Class 3 - 1200M - (80-60),1200,80-60,GOOD TO FIRM,"TURF - ""B"" Course",OI TUNG HANDICAP,1860000,23.70 | 21.83 10.97 10.86 | 22.48 10.87 11.61,https://racing.hkjc.com/en-us/local/information/localresults?racedate=2026/09/13&Racecourse=ST&RaceNo=9,false
2026-09-13_ST_10,2026-09-13_ST,2026-09-13,ST,10,28,Class 3,Class 3 - 1400M - (80-60),1400,80-60,GOOD TO FIRM,"TURF - ""B"" Course",YIU TUNG HANDICAP,1860000,13.28 | 21.59 | 22.75 11.28 11.47 | 23.00 11.42 11.58,https://racing.hkjc.com/en-us/local/information/localresults?racedate=2026/09/13&Racecourse=ST&RaceNo=10,false
2026-09-16_HV_01,2026-09-16_HV,2026-09-16,HV,1,29,Class 5,Class 5 - 1000M - (40-0),1000,40-0,GOOD,"TURF - ""B"" Course",HOI MEI HANDICAP,875000,12.80 | 21.95 10.79 11.16 | 22.79 11.19 11.60,https://racing.hkjc.com/en-us/local/information/localresults?racedate=2026/09/16&Racecourse=HV&RaceNo=1,false
2026-09-16_HV_02,2026-09-16_HV,2026-09-16,HV,2,30,Class 4,Class 4 - 1200M - (60-40),1200,60-40,GOOD,"TURF - ""B"" Course",LIDO HANDICAP,1170000,23.08 | 22.73 11.05 11.68 | 24.52 12.02 12.50,https://racing.hkjc.com/en-us/local/information/localresults?racedate=2026/09/16&Racecourse=HV&RaceNo=2,false
2026-09-16_HV_03,2026-09-16_HV,2026-09-16,HV,3,31,Class 4,Class 4 - 1800M - (60-40),1800,60-40,GOOD,"TURF - ""B"" Course",BIG WAVE BAY HANDICAP,1170000,13.85 | 22.71 | 24.06 | 25.28 12.50 12.78 | 24.16 12.27 11.89,https://racing.hkjc.com/en-us/local/information/localresults?racedate=2026/09/16&Racecourse=HV&RaceNo=3,false
2026-09-16_HV_04,2026-09-16_HV,2026-09-16,HV,4,32,Class 4,Class 4 - 1200M - (60-40),1200,60-40,GOOD,"TURF - ""B"" Course",THE COMMUNITY CHEST CUP (HANDICAP),1170000,23.43 | 23.04 11.18 11.86 | 23.73 11.65 12.08,https://racing.hkjc.com/en-us/local/information/localresults?racedate=2026/09/16&Racecourse=HV&RaceNo=4,false
2026-09-16_HV_05,2026-09-16_HV,2026-09-16,HV,5,33,Class 4,Class 4 - 1200M - (60-40),1200,60-40,GOOD,"TURF - ""B"" Course",LIDO HANDICAP,1170000,23.44 | 22.40 10.99 11.41 | 24.05 11.81 12.24,https://racing.hkjc.com/en-us/local/information/localresults?racedate=2026/09/16&Racecourse=HV&RaceNo=5,false
2026-09-16_HV_06,2026-09-16_HV,2026-09-16,HV,6,34,Class 3,Class 3 - 1650M - (80-60),1650,80-60,GOOD,"TURF - ""B"" Course",CHUNG HOM KOK HANDICAP,2050000,28.06 | 23.43 | 24.25 12.02 12.23 | 24.15 12.20 11.95,https://racing.hkjc.com/en-us/local/information/localresults?racedate=2026/09/16&Racecourse=HV&RaceNo=6,false
2026-09-16_HV_07,2026-09-16_HV,2026-09-16,HV,7,35,Class 3,Class 3 - 1000M - (80-60),1000,80-60,GOOD,"TURF - ""B"" Course",REPULSE BAY HANDICAP,1860000,12.40 | 21.64 10.44 11.20 | 23.17 11.39 11.78,https://racing.hkjc.com/en-us/local/information/localresults?racedate=2026/09/16&Racecourse=HV&RaceNo=7,false
2026-09-16_HV_08,2026-09-16_HV,2026-09-16,HV,8,36,Class 2,Class 2 - 1650M - (100-80),1650,100-80,GOOD,"TURF - ""B"" Course",SHEK O HANDICAP,3120000,28.13 | 23.84 | 24.33 12.09 12.24 | 23.60 11.83 11.77,https://racing.hkjc.com/en-us/local/information/localresults?racedate=2026/09/16&Racecourse=HV&RaceNo=8,false
2026-09-23_HV_01,2026-09-23_HV,2026-09-23,HV,1,37,Class 5,Class 5 - 1650M - (40-0),1650,40-0,GOOD,"TURF - ""C"" Course",NAM FUNG HANDICAP,875000,27.96 | 22.91 | 24.14 11.91 12.23 | 24.20 11.86 12.34,https://racing.hkjc.com/en-us/local/information/localresults?racedate=2026/09/23&Racecourse=HV&RaceNo=1,false
2026-09-23_HV_02,2026-09-23_HV,2026-09-23,HV,2,38,Class 4,Class 4 - 1200M - (60-40),1200,60-40,GOOD,"TURF - ""C"" Course",DEEP WATER BAY HANDICAP,1170000,23.13 | 23.19 11.22 11.97 | 23.39 11.74 11.65,https://racing.hkjc.com/en-us/local/information/localresults?racedate=2026/09/23&Racecourse=HV&RaceNo=2,false
2026-09-23_HV_03,2026-09-23_HV,2026-09-23,HV,3,39,Class 4,Class 4 - 1650M - (60-40),1650,60-40,GOOD,"TURF - ""C"" Course",WONG CHUK HANG HANDICAP,1170000,27.99 | 23.33 | 23.98 11.93 12.05 | 24.22 12.12 12.10,https://racing.hkjc.com/en-us/local/information/localresults?racedate=2026/09/23&Racecourse=HV&RaceNo=3,false
2026-09-23_HV_04,2026-09-23_HV,2026-09-23,HV,4,40,Class 4,Class 4 - 1200M - (60-40),1200,60-40,GOOD,"TURF - ""C"" Course",DEEP WATER BAY HANDICAP,1170000,23.58 | 23.03 11.06 11.97 | 23.40 11.73 11.67,https://racing.hkjc.com/en-us/local/information/localresults?racedate=2026/09/23&Racecourse=HV&RaceNo=4,false
2026-09-23_HV_05,2026-09-23_HV,2026-09-23,HV,5,41,Class 4,Class 4 - 1650M - (60-40),1650,60-40,GOOD,"TURF - ""C"" Course",THE HONG KONG COUNTRY CLUB CHALLENGE CUP (HANDICAP),1170000,27.92 | 22.73 | 24.36 11.88 12.48 | 24.52 12.31 12.21,https://racing.hkjc.com/en-us/local/information/localresults?racedate=2026/09/23&Racecourse=HV&RaceNo=5,false
2026-09-23_HV_06,2026-09-23_HV,2026-09-23,HV,6,42,Class 4,Class 4 - 1000M - (60-40),1000,60-40,GOOD,"TURF - ""C"" Course",ISLAND HANDICAP,1170000,12.54 | 21.24 10.21 11.03 | 23.16 11.55 11.61,https://racing.hkjc.com/en-us/local/information/localresults?racedate=2026/09/23&Racecourse=HV&RaceNo=6,false
2026-09-23_HV_07,2026-09-23_HV,2026-09-23,HV,7,43,Class 3,Class 3 - 1200M - (80-60),1200,80-60,GOOD,"TURF - ""C"" Course",MOUNT BUTLER HANDICAP,1860000,23.75 | 22.74 10.93 11.81 | 23.13 11.58 11.55,https://racing.hkjc.com/en-us/local/information/localresults?racedate=2026/09/23&Racecourse=HV&RaceNo=7,false
2026-09-23_HV_08,2026-09-23_HV,2026-09-23,HV,8,44,Class 3,Class 3 - 1200M - (80-60),1200,80-60,GOOD,"TURF - ""C"" Course",MOUNT BUTLER HANDICAP,1860000,23.43 | 22.49 10.80 11.69 | 23.32 11.68 11.64,https://racing.hkjc.com/en-us/local/information/localresults?racedate=2026/09/23&Racecourse=HV&RaceNo=8,false
2026-09-23_HV_09,2026-09-23_HV,2026-09-23,HV,9,45,Class 3,Class 3 - 1800M - (85-60),1800,85-60,GOOD,"TURF - ""C"" Course",TAI HANG HANDICAP,2050000,13.56 | 22.72 | 23.58 | 24.22 11.88 12.34 | 23.95 12.09 11.86,https://racing.hkjc.com/en-us/local/information/localresults?racedate=2026/09/23&Racecourse=HV&RaceNo=9,false
2026-09-27_ST_01,2026-09-27_ST,2026-09-27,ST,1,46,Class 5,Class 5 - 1200M - (40-0),1200,40-0,GOOD,ALL WEATHER TRACK,TROPICBIRD HANDICAP,875000,23.75 | 22.65 10.93 11.72 | 23.77 11.76 12.01,https://racing.hkjc.com/en-us/local/information/localresults?racedate=2026/09/27&Racecourse=ST&RaceNo=1,false
2026-09-27_ST_02,2026-09-27_ST,2026-09-27,ST,2,47,Class 4,Class 4 - 1200M - (60-40),1200,60-40,GOOD TO FIRM,"TURF - ""C+3"" Course",PEACOCK HANDICAP,1170000,23.72 | 22.47 11.34 11.13 | 22.59 10.85 11.74,https://racing.hkjc.com/en-us/local/information/localresults?racedate=2026/09/27&Racecourse=ST&RaceNo=2,false
2026-09-27_ST_03,2026-09-27_ST,2026-09-27,ST,3,48,Class 5,Class 5 - 1400M - (40-0),1400,40-0,GOOD TO FIRM,"TURF - ""C+3"" Course",WOODPECKER HANDICAP,875000,13.36 | 21.50 | 23.51 11.69 11.82 | 22.99 11.34 11.65,https://racing.hkjc.com/en-us/local/information/localresults?racedate=2026/09/27&Racecourse=ST&RaceNo=3,false
2026-09-27_ST_04,2026-09-27_ST,2026-09-27,ST,4,49,Class 4,Class 4 - 1000M - (60-40),1000,60-40,GOOD TO FIRM,"TURF - ""C+3"" Course",PARROT HANDICAP,1170000,13.07 | 20.39 10.08 10.31 | 22.03 10.57 11.46,https://racing.hkjc.com/en-us/local/information/localresults?racedate=2026/09/27&Racecourse=ST&RaceNo=4,false
2026-09-27_ST_05,2026-09-27_ST,2026-09-27,ST,5,50,Class 4,Class 4 - 1200M - (60-40),1200,60-40,GOOD,ALL WEATHER TRACK,SWALLOW HANDICAP,1170000,23.69 | 22.39 10.84 11.55 | 23.43 11.40 12.03,https://racing.hkjc.com/en-us/local/information/localresults?racedate=2026/09/27&Racecourse=ST&RaceNo=5,false
2026-09-27_ST_06,2026-09-27_ST,2026-09-27,ST,6,51,Class 4,Class 4 - 1400M - (60-40),1400,60-40,GOOD TO FIRM,"TURF - ""C+3"" Course",TAILORBIRD HANDICAP,1170000,13.66 | 21.80 | 23.06 11.58 11.48 | 23.01 11.37 11.64,https://racing.hkjc.com/en-us/local/information/localresults?racedate=2026/09/27&Racecourse=ST&RaceNo=6,false
2026-09-27_ST_07,2026-09-27_ST,2026-09-27,ST,7,52,Class 3,Class 3 - 1200M - (80-60),1200,80-60,GOOD,ALL WEATHER TRACK,HWAMEI HANDICAP,1860000,23.35 | 22.22 10.90 11.32 | 23.31 11.14 12.17,https://racing.hkjc.com/en-us/local/information/localresults?racedate=2026/09/27&Racecourse=ST&RaceNo=7,false
2026-09-27_ST_08,2026-09-27_ST,2026-09-27,ST,8,53,Group Three,Group Three - 1400M,1400,,GOOD TO FIRM,"TURF - ""C+3"" Course",THE CELEBRATION CUP (HANDICAP),4200000,13.51 | 22.37 | 22.77 11.64 11.13 | 22.19 10.85 11.34,https://racing.hkjc.com/en-us/local/information/localresults?racedate=2026/09/27&Racecourse=ST&RaceNo=8,false
2026-09-27_ST_09,2026-09-27_ST,2026-09-27,ST,9,54,Class 3,Class 3 - 1600M - (80-60),1600,80-60,GOOD TO FIRM,"TURF - ""C+3"" Course",MESIA HANDICAP,2050000,24.66 | 22.85 | 22.88 11.70 11.18 | 22.46 10.83 11.63,https://racing.hkjc.com/en-us/local/information/localresults?racedate=2026/09/27&Racecourse=ST&RaceNo=9,false
2026-09-27_ST_10,2026-09-27_ST,2026-09-27,ST,10,55,Class 2,Class 2 - 1200M - (100-80),1200,100-80,GOOD TO FIRM,"TURF - ""C+3"" Course",MAGPIE HANDICAP,2840000,23.43 | 21.65 10.71 10.94 | 22.92 11.11 11.81,https://racing.hkjc.com/en-us/local/information/localresults?racedate=2026/09/27&Racecourse=ST&RaceNo=10,false
2026-09-27_ST_11,2026-09-27_ST,2026-09-27,ST,11,56,Class 3,Class 3 - 1400M - (80-60),1400,80-60,GOOD TO FIRM,"TURF - ""C+3"" Course",KESTREL HANDICAP,1860000,13.47 | 21.59 | 22.94 11.43 11.51 | 22.93 11.28 11.65,https://racing.hkjc.com/en-us/local/information/localresults?racedate=2026/09/27&Racecourse=ST&RaceNo=11,false
